Build started 4/23/2026 8:48:35 PM.
Environment at start of build:
MSBuildExtensionsPath = C:\Program Files\dotnet\sdk\8.0.403\
MSBuildSDKsPath = C:\Program Files\dotnet\sdk\8.0.403\Sdks
DOTNET_HOST_PATH = C:\Program Files\dotnet\dotnet.exe
MSBUILDUSESERVER = 0
DOTNET_CLI_TELEMETRY_SESSIONID = 99da9e29-3945-4041-bd08-17b7b1b156ce
MSBUILDFAILONDRIVEENUMERATINGWILDCARD = 1
MSBuildLoadMicrosoftTargetsReadOnly = true

Logging verbosity is set to: Diagnostic.20:48:35.061     0>Process = "C:\Program Files\dotnet\dotnet.exe"
                   MSBuild executable path = "C:\Program Files\dotnet\sdk\8.0.403\MSBuild.dll"
                   Command line arguments = "C:\Program Files\dotnet\sdk\8.0.403\MSBuild.dll -maxcpucount -verbosity:m -nologo -consoleloggerparameters:Summary src\StaffManagement.Infrastructure\StaffManagement.Infrastructure.csproj -tl:off -nologo /flp:logfile=infra-msbuild.log;verbosity=diagnostic -distributedlogger:Microsoft.DotNet.Tools.MSBuild.MSBuildLogger,C:\Program Files\dotnet\sdk\8.0.403\dotnet.dll*Microsoft.DotNet.Tools.MSBuild.MSBuildForwardingLogger,C:\Program Files\dotnet\sdk\8.0.403\dotnet.dll"
                   Current directory = "C:\Users\USER\OneDrive - Royal University of Phnom Penh\Desktop\Testing\StaffManagement"
                   MSBuild version = "17.11.9+a69bbaaf5"
                   Based on the Windows registry key LongPathsEnabled, the LongPaths feature is disabled.
                   The SDK "Microsoft.NET.Sdk" was successfully resolved by the "DefaultSdkResolver" resolver to location "C:\Program Files\dotnet\sdk\8.0.403\Sdks\Microsoft.NET.Sdk\Sdk" and version "".
                   Assembly loaded during Evaluation: Microsoft.NET.StringTools, Version=1.0.0.0, Culture=neutral, PublicKeyToken=b03f5f7f11d50a3a (location: C:\Program Files\dotnet\sdk\8.0.403\Microsoft.NET.StringTools.dll, MVID: c1dce7a7-0cd0-47bd-ba43-43439506a596, AssemblyLoadContext: Default)
                   Property 'MSBuildExtensionsPath' with value 'C:\Program Files\dotnet\sdk\8.0.403\' expanded from the environment.
                   Property reassignment: $(MSBuildProjectExtensionsPath)="C:\Users\USER\OneDrive - Royal University of Phnom Penh\Desktop\Testing\StaffManagement\src\StaffManagement.Infrastructure\obj\" (previous value: "obj\") at C:\Program Files\dotnet\sdk\8.0.403\Current\Microsoft.Common.props (60,5)
                   Assembly loaded during Evaluation: System.Threading.Tasks.Parallel, Version=8.0.0.0, Culture=neutral, PublicKeyToken=b03f5f7f11d50a3a (location: C:\Program Files\dotnet\shared\Microsoft.NETCore.App\8.0.10\System.Threading.Tasks.Parallel.dll, MVID: 7530c854-5cba-42bd-b379-a9bf3be5dbce, AssemblyLoadContext: Default)
                   Property 'USERPROFILE' with value 'C:\Users\USER' expanded from the environment.
                   Property 'MSBuildUserExtensionsPath' with value 'C:\Users\USER\AppData\Local\Microsoft\MSBuild' expanded from the environment.
                   Property reassignment: $(AssemblySearchPaths)="{CandidateAssemblyFiles};{HintPathFromItem}" (previous value: "{CandidateAssemblyFiles}") at C:\Program Files\dotnet\sdk\8.0.403\Sdks\Microsoft.NET.Sdk\targets\Microsoft.NET.Sdk.props (91,5)
                   Property reassignment: $(AssemblySearchPaths)="{CandidateAssemblyFiles};{HintPathFromItem};{TargetFrameworkDirectory}" (previous value: "{CandidateAssemblyFiles};{HintPathFromItem}") at C:\Program Files\dotnet\sdk\8.0.403\Sdks\Microsoft.NET.Sdk\targets\Microsoft.NET.Sdk.props (92,5)
                   Property reassignment: $(AssemblySearchPaths)="{CandidateAssemblyFiles};{HintPathFromItem};{TargetFrameworkDirectory};{RawFileName}" (previous value: "{CandidateAssemblyFiles};{HintPathFromItem};{TargetFrameworkDirectory}") at C:\Program Files\dotnet\sdk\8.0.403\Sdks\Microsoft.NET.Sdk\targets\Microsoft.NET.Sdk.props (93,5)
                   The "DefaultSdkResolver" resolver attempted to resolve the SDK "Microsoft.NET.SDK.WorkloadAutoImportPropsLocator".
                   Warnings: null
                   Errors: MSB4276: The default SDK resolver failed to resolve SDK "Microsoft.NET.SDK.WorkloadAutoImportPropsLocator" because directory "C:\Program Files\dotnet\sdk\8.0.403\Sdks\Microsoft.NET.SDK.WorkloadAutoImportPropsLocator\Sdk" did not exist.
                   Assembly loaded during Evaluation: Microsoft.Build.NuGetSdkResolver, Version=6.11.1.2, Culture=neutral, PublicKeyToken=31bf3856ad364e35 (location: C:\Program Files\dotnet\sdk\8.0.403\Microsoft.Build.NuGetSdkResolver.dll, MVID: ae254ffe-3ea7-4bba-8a74-0bd55e8cfe87, AssemblyLoadContext: MSBuild plugin C:\Program Files\dotnet\sdk\8.0.403\Microsoft.Build.NuGetSdkResolver.dll)
                   Assembly loaded during Evaluation: Microsoft.NET.Sdk.WorkloadMSBuildSdkResolver, Version=8.0.403.0, Culture=neutral, PublicKeyToken=31bf3856ad364e35 (location: C:\Program Files\dotnet\sdk\8.0.403\Microsoft.NET.Sdk.WorkloadMSBuildSdkResolver.dll, MVID: 9a69f5ef-809a-4e11-b65f-d2d4257d3425, AssemblyLoadContext: MSBuild plugin C:\Program Files\dotnet\sdk\8.0.403\Microsoft.NET.Sdk.WorkloadMSBuildSdkResolver.dll)
                   Assembly loaded during Evaluation: Microsoft.DotNet.Cli.Utils, Version=8.0.403.0, Culture=neutral, PublicKeyToken=adb9793829ddae60 (location: C:\Program Files\dotnet\sdk\8.0.403\Microsoft.DotNet.Cli.Utils.dll, MVID: 7000f026-4f0d-41d5-a028-5cdee68b3a1a, AssemblyLoadContext: MSBuild plugin C:\Program Files\dotnet\sdk\8.0.403\Microsoft.NET.Sdk.WorkloadMSBuildSdkResolver.dll)
                   Assembly loaded during Evaluation: Microsoft.NET.Sdk.WorkloadManifestReader, Version=8.0.403.0, Culture=neutral, PublicKeyToken=adb9793829ddae60 (location: C:\Program Files\dotnet\sdk\8.0.403\Microsoft.NET.Sdk.WorkloadManifestReader.dll, MVID: 28faaf62-5383-4a08-bd4e-dfd83f324056, AssemblyLoadContext: MSBuild plugin C:\Program Files\dotnet\sdk\8.0.403\Microsoft.NET.Sdk.WorkloadMSBuildSdkResolver.dll)
                   Assembly loaded during Evaluation: NuGet.Versioning, Version=6.11.1.2, Culture=neutral, PublicKeyToken=31bf3856ad364e35 (location: C:\Program Files\dotnet\sdk\8.0.403\NuGet.Versioning.dll, MVID: 0ff30a8a-7983-4ede-bc2f-f9d2f526b309, AssemblyLoadContext: Default)
                   Assembly loaded during Evaluation: Microsoft.Deployment.DotNet.Releases, Version=2.0.0.0, Culture=neutral, PublicKeyToken=31bf3856ad364e35 (location: C:\Program Files\dotnet\sdk\8.0.403\Microsoft.Deployment.DotNet.Releases.dll, MVID: eb340e0e-b895-41fa-8fc4-c04faee03b3b, AssemblyLoadContext: MSBuild plugin C:\Program Files\dotnet\sdk\8.0.403\Microsoft.NET.Sdk.WorkloadMSBuildSdkResolver.dll)
                   Assembly loaded during Evaluation: System.Net.Sockets, Version=8.0.0.0, Culture=neutral, PublicKeyToken=b03f5f7f11d50a3a (location: C:\Program Files\dotnet\shared\Microsoft.NETCore.App\8.0.10\System.Net.Sockets.dll, MVID: 45ee74c5-6a78-4498-af48-37b4d351cfa5, AssemblyLoadContext: Default)
                   Assembly loaded during Evaluation: System.Threading.Overlapped, Version=8.0.0.0, Culture=neutral, PublicKeyToken=b03f5f7f11d50a3a (location: C:\Program Files\dotnet\shared\Microsoft.NETCore.App\8.0.10\System.Threading.Overlapped.dll, MVID: 53116d82-f483-459d-90cc-80c63a62427b, AssemblyLoadContext: Default)
                   Assembly loaded during Evaluation: NuGet.Packaging, Version=6.11.1.2, Culture=neutral, PublicKeyToken=31bf3856ad364e35 (location: C:\Program Files\dotnet\sdk\8.0.403\NuGet.Packaging.dll, MVID: c3569465-2284-4cdc-80fa-53f23ad5a901, AssemblyLoadContext: Default)
                   Assembly loaded during Evaluation: System.Threading.ThreadPool, Version=8.0.0.0, Culture=neutral, PublicKeyToken=b03f5f7f11d50a3a (location: C:\Program Files\dotnet\shared\Microsoft.NETCore.App\8.0.10\System.Threading.ThreadPool.dll, MVID: 4c882f16-1a73-48a8-aa05-b2f207ed94f7, AssemblyLoadContext: Default)
                   The SDK "Microsoft.NET.SDK.WorkloadAutoImportPropsLocator" was successfully resolved by the "Microsoft.DotNet.MSBuildWorkloadSdkResolver" resolver to location "C:\Program Files\dotnet\packs\Aspire.Hosting.Sdk\8.1.0\Sdk" and version "null".
                   Property reassignment: $(TargetsForTfmSpecificContentInPackage)=";PackTool;_PackProjectToolValidation" (previous value: ";PackTool") at C:\Program Files\dotnet\sdk\8.0.403\Sdks\Microsoft.NET.Sdk\targets\Microsoft.NET.PackProjectTool.props (15,5)
                   Property reassignment: $(PublishProfileImported)="false" (previous value: "true") at C:\Program Files\dotnet\sdk\8.0.403\Sdks\Microsoft.NET.Sdk\targets\Microsoft.NET.Sdk.ImportPublishProfile.targets (28,5)
                   Assembly loaded during Evaluation: NuGet.Frameworks, Version=6.11.1.2, Culture=neutral, PublicKeyToken=31bf3856ad364e35 (location: C:\Program Files\dotnet\sdk\8.0.403\NuGet.Frameworks.dll, MVID: 36fa17a1-abb6-4cce-b85c-dd32a6dcc45f, AssemblyLoadContext: Assembly.LoadFile(C:\Program Files\dotnet\sdk\8.0.403\NuGet.Frameworks.dll))
                   Property reassignment: $(TargetPlatformVersion)="" (previous value: "0.0") at C:\Program Files\dotnet\sdk\8.0.403\Sdks\Microsoft.NET.Sdk\targets\Microsoft.NET.TargetFrameworkInference.targets (69,5)
                   Property reassignment: $(DefaultItemExcludes)=";bin\Debug\/**;obj\Debug\/**" (previous value: ";bin\Debug\/**") at C:\Program Files\dotnet\sdk\8.0.403\Sdks\Microsoft.NET.Sdk\targets\Microsoft.NET.DefaultOutputPaths.targets (122,5)
                   Property reassignment: $(OutputPath)="bin\Debug\net8.0\" (previous value: "bin\Debug\") at C:\Program Files\dotnet\sdk\8.0.403\Sdks\Microsoft.NET.Sdk\targets\Microsoft.NET.DefaultOutputPaths.targets (137,5)
                   Property reassignment: $(IntermediateOutputPath)="obj\Debug\net8.0\" (previous value: "obj\Debug\") at C:\Program Files\dotnet\sdk\8.0.403\Sdks\Microsoft.NET.Sdk\targets\Microsoft.NET.DefaultOutputPaths.targets (142,5)
                   The "DefaultSdkResolver" resolver attempted to resolve the SDK "Microsoft.NET.SDK.WorkloadManifestTargetsLocator".
                   Warnings: null
                   Errors: MSB4276: The default SDK resolver failed to resolve SDK "Microsoft.NET.SDK.WorkloadManifestTargetsLocator" because directory "C:\Program Files\dotnet\sdk\8.0.403\Sdks\Microsoft.NET.SDK.WorkloadManifestTargetsLocator\Sdk" did not exist.
                   The SDK "Microsoft.NET.SDK.WorkloadManifestTargetsLocator" was successfully resolved by the "Microsoft.DotNet.MSBuildWorkloadSdkResolver" resolver to location "C:\Program Files\dotnet\sdk-manifests\8.0.100\microsoft.net.sdk.android\34.0.113" and version "null".
                   Property reassignment: $(_FrameworkIdentifierForImplicitDefine)="NET" (previous value: "NETCOREAPP") at C:\Program Files\dotnet\sdk\8.0.403\Sdks\Microsoft.NET.Sdk\targets\Microsoft.NET.Sdk.BeforeCommon.targets (187,5)
                   Property reassignment: $(_FrameworkVersionForImplicitDefine)="8_0" (previous value: "8.0") at C:\Program Files\dotnet\sdk\8.0.403\Sdks\Microsoft.NET.Sdk\targets\Microsoft.NET.Sdk.BeforeCommon.targets (192,5)
                   Property reassignment: $(CommandLineArgsForDesignTimeEvaluation)="-langversion:12.0 -define:TRACE" (previous value: "-langversion:12.0") at C:\Program Files\dotnet\sdk\8.0.403\Roslyn\Microsoft.CSharp.Core.targets (200,5)
                   Assembly loaded during Evaluation: Microsoft.Build.Utilities.Core, Version=15.1.0.0, Culture=neutral, PublicKeyToken=b03f5f7f11d50a3a (location: C:\Program Files\dotnet\sdk\8.0.403\Microsoft.Build.Utilities.Core.dll, MVID: 8fec54c5-cd29-413f-afca-8becd33d1cad, AssemblyLoadContext: Default)
                   Property reassignment: $(_DebugSymbolsProduced)="true" (previous value: "false") at C:\Program Files\dotnet\sdk\8.0.403\Microsoft.Common.CurrentVersion.targets (175,5)
                   Property reassignment: $(_DocumentationFileProduced)="false" (previous value: "true") at C:\Program Files\dotnet\sdk\8.0.403\Microsoft.Common.CurrentVersion.targets (185,5)
                   Property reassignment: $(MSBuildCopyMarkerName)="StaffMan.936D6FD6" (previous value: "StaffManagement.Infrastructure.csproj") at C:\Program Files\dotnet\sdk\8.0.403\Microsoft.Common.CurrentVersion.targets (392,5)
                   Property reassignment: $(MSBuildCopyMarkerName)="StaffMan.936D6FD6.Up2Date" (previous value: "StaffMan.936D6FD6") at C:\Program Files\dotnet\sdk\8.0.403\Microsoft.Common.CurrentVersion.targets (393,5)
                   Property reassignment: $(ProcessorArchitecture)="msil" (previous value: "") at C:\Program Files\dotnet\sdk\8.0.403\Microsoft.Common.CurrentVersion.targets (541,5)
                   Property reassignment: $(DelaySign)="" (previous value: "false") at C:\Program Files\dotnet\sdk\8.0.403\Microsoft.Common.CurrentVersion.targets (580,5)
                   Property 'LOCALAPPDATA' with value 'C:\Users\USER\AppData\Local' expanded from the environment.
                   Property reassignment: $(_SGenGenerateSerializationAssembliesConfig)="Auto" (previous value: "") at C:\Program Files\dotnet\sdk\8.0.403\Microsoft.Common.CurrentVersion.targets (3896,5)
                   Property reassignment: $(_SGenGenerateSerializationAssembliesConfig)="Off" (previous value: "Auto") at C:\Program Files\dotnet\sdk\8.0.403\Microsoft.Common.CurrentVersion.targets (3897,5)
                   Property reassignment: $(_TargetsThatPrepareProjectReferences)="
                         AssignProjectConfiguration;
                         _SplitProjectReferencesByFileExistence
                       " (previous value: "_SplitProjectReferencesByFileExistence") at C:\Program Files\dotnet\sdk\8.0.403\Microsoft.Common.CurrentVersion.targets (5099,5)
                   Property 'MSBuildExtensionsPath32' with value 'C:\Program Files\dotnet\sdk\8.0.403' expanded from the environment.
                   Property reassignment: $(ProjectAssetsCacheFile)="C:\Users\USER\OneDrive - Royal University of Phnom Penh\Desktop\Testing\StaffManagement\src\StaffManagement.Infrastructure\obj\Debug\net8.0\StaffManagement.Infrastructure.assets.cache" (previous value: "obj\Debug\net8.0\StaffManagement.Infrastructure.assets.cache") at C:\Program Files\dotnet\sdk\8.0.403\Sdks\Microsoft.NET.Sdk\targets\Microsoft.PackageDependencyResolution.targets (29,5)
                   Property reassignment: $(ResolveAssemblyReferencesDependsOn)="
                         
                         ResolveProjectReferences;
                         FindInvalidProjectReferences;
                         GetFrameworkPaths;
                         GetReferenceAssemblyPaths;
                         PrepareForBuild;
                         ResolveSDKReferences;
                         ExpandSDKReferences;
                       ;
                         ResolvePackageDependenciesForBuild;
                         _HandlePackageFileConflicts;
                       " (previous value: "
                         ResolveProjectReferences;
                         FindInvalidProjectReferences;
                         GetFrameworkPaths;
                         GetReferenceAssemblyPaths;
                         PrepareForBuild;
                         ResolveSDKReferences;
                         ExpandSDKReferences;
                       ") at C:\Program Files\dotnet\sdk\8.0.403\Sdks\Microsoft.NET.Sdk\targets\Microsoft.PackageDependencyResolution.targets (80,5)
                   Property reassignment: $(PrepareResourcesDependsOn)="
                         ResolvePackageDependenciesForBuild;
                         _HandlePackageFileConflicts;
                         
                         ;
                         PrepareResourceNames;
                         ResGen;
                         CompileLicxFiles
                       
                       " (previous value: "
                         ;
                         PrepareResourceNames;
                         ResGen;
                         CompileLicxFiles
                       ") at C:\Program Files\dotnet\sdk\8.0.403\Sdks\Microsoft.NET.Sdk\targets\Microsoft.PackageDependencyResolution.targets (86,5)
                   Property reassignment: $(DefaultItemExcludes)=";bin\Debug\/**;obj\Debug\/**;bin\/**" (previous value: ";bin\Debug\/**;obj\Debug\/**") at C:\Program Files\dotnet\sdk\8.0.403\Sdks\Microsoft.NET.Sdk\targets\Microsoft.NET.Sdk.DefaultItems.targets (27,5)
                   Property reassignment: $(DefaultItemExcludes)=";bin\Debug\/**;obj\Debug\/**;bin\/**;obj\/**" (previous value: ";bin\Debug\/**;obj\Debug\/**;bin\/**") at C:\Program Files\dotnet\sdk\8.0.403\Sdks\Microsoft.NET.Sdk\targets\Microsoft.NET.Sdk.DefaultItems.targets (29,5)
                   Property reassignment: $(DefaultItemExcludes)=";bin\Debug\/**;obj\Debug\/**;bin\/**;obj\/**;**/*.user" (previous value: ";bin\Debug\/**;obj\Debug\/**;bin\/**;obj\/**") at C:\Program Files\dotnet\sdk\8.0.403\Sdks\Microsoft.NET.Sdk\targets\Microsoft.NET.Sdk.DefaultItems.targets (32,5)
                   Property reassignment: $(DefaultItemExcludes)=";bin\Debug\/**;obj\Debug\/**;bin\/**;obj\/**;**/*.user;**/*.*proj" (previous value: ";bin\Debug\/**;obj\Debug\/**;bin\/**;obj\/**;**/*.user") at C:\Program Files\dotnet\sdk\8.0.403\Sdks\Microsoft.NET.Sdk\targets\Microsoft.NET.Sdk.DefaultItems.targets (33,5)
                   Property reassignment: $(DefaultItemExcludes)=";bin\Debug\/**;obj\Debug\/**;bin\/**;obj\/**;**/*.user;**/*.*proj;**/*.sln" (previous value: ";bin\Debug\/**;obj\Debug\/**;bin\/**;obj\/**;**/*.user;**/*.*proj") at C:\Program Files\dotnet\sdk\8.0.403\Sdks\Microsoft.NET.Sdk\targets\Microsoft.NET.Sdk.DefaultItems.targets (34,5)
                   Property reassignment: $(DefaultItemExcludes)=";bin\Debug\/**;obj\Debug\/**;bin\/**;obj\/**;**/*.user;**/*.*proj;**/*.sln;**/*.vssscc" (previous value: ";bin\Debug\/**;obj\Debug\/**;bin\/**;obj\/**;**/*.user;**/*.*proj;**/*.sln") at C:\Program Files\dotnet\sdk\8.0.403\Sdks\Microsoft.NET.Sdk\targets\Microsoft.NET.Sdk.DefaultItems.targets (35,5)
                   Property reassignment: $(DefaultItemExcludes)=";bin\Debug\/**;obj\Debug\/**;bin\/**;obj\/**;**/*.user;**/*.*proj;**/*.sln;**/*.vssscc;**/.DS_Store" (previous value: ";bin\Debug\/**;obj\Debug\/**;bin\/**;obj\/**;**/*.user;**/*.*proj;**/*.sln;**/*.vssscc") at C:\Program Files\dotnet\sdk\8.0.403\Sdks\Microsoft.NET.Sdk\targets\Microsoft.NET.Sdk.DefaultItems.targets (36,5)
                   Property reassignment: $(ResolveAssemblyReferencesDependsOn)="
                         
                         
                         ResolveProjectReferences;
                         FindInvalidProjectReferences;
                         GetFrameworkPaths;
                         GetReferenceAssemblyPaths;
                         PrepareForBuild;
                         ResolveSDKReferences;
                         ExpandSDKReferences;
                       ;
                         ResolvePackageDependenciesForBuild;
                         _HandlePackageFileConflicts;
                       ;
                         ResolveTargetingPackAssets;
                       " (previous value: "
                         
                         ResolveProjectReferences;
                         FindInvalidProjectReferences;
                         GetFrameworkPaths;
                         GetReferenceAssemblyPaths;
                         PrepareForBuild;
                         ResolveSDKReferences;
                         ExpandSDKReferences;
                       ;
                         ResolvePackageDependenciesForBuild;
                         _HandlePackageFileConflicts;
                       ") at C:\Program Files\dotnet\sdk\8.0.403\Sdks\Microsoft.NET.Sdk\targets\Microsoft.NET.Sdk.FrameworkReferenceResolution.targets (14,5)
                   Property reassignment: $(_GenerateRuntimeConfigurationPropertyInputsCache)="C:\Users\USER\OneDrive - Royal University of Phnom Penh\Desktop\Testing\StaffManagement\src\StaffManagement.Infrastructure\obj\Debug\net8.0\StaffManagement.Infrastructure.genruntimeconfig.cache" (previous value: "obj\Debug\net8.0\StaffManagement.Infrastructure.genruntimeconfig.cache") at C:\Program Files\dotnet\sdk\8.0.403\Sdks\Microsoft.NET.Sdk\targets\Microsoft.NET.Sdk.targets (44,5)
                   Property reassignment: $(_GeneratePublishDependencyFilePropertyInputsCache)="C:\Users\USER\OneDrive - Royal University of Phnom Penh\Desktop\Testing\StaffManagement\src\StaffManagement.Infrastructure\obj\Debug\net8.0\StaffManagement.Infrastructure.genpublishdeps.cache" (previous value: "obj\Debug\net8.0\StaffManagement.Infrastructure.genpublishdeps.cache") at C:\Program Files\dotnet\sdk\8.0.403\Sdks\Microsoft.NET.Sdk\targets\Microsoft.NET.Sdk.targets (46,5)
                   Property reassignment: $(_GenerateSingleFileBundlePropertyInputsCache)="C:\Users\USER\OneDrive - Royal University of Phnom Penh\Desktop\Testing\StaffManagement\src\StaffManagement.Infrastructure\obj\Debug\net8.0\StaffManagement.Infrastructure.genbundle.cache" (previous value: "obj\Debug\net8.0\StaffManagement.Infrastructure.genbundle.cache") at C:\Program Files\dotnet\sdk\8.0.403\Sdks\Microsoft.NET.Sdk\targets\Microsoft.NET.Sdk.targets (48,5)
                   Property reassignment: $(GenerateRuntimeConfigDevFile)="false" (previous value: "true") at C:\Program Files\dotnet\sdk\8.0.403\Sdks\Microsoft.NET.Sdk\targets\Microsoft.NET.Sdk.targets (81,5)
                   Property reassignment: $(_DefaultUserProfileRuntimeStorePath)="C:\Users\USER" (previous value: "") at C:\Program Files\dotnet\sdk\8.0.403\Sdks\Microsoft.NET.Sdk\targets\Microsoft.NET.Sdk.targets (97,5)
                   Property reassignment: $(_DefaultUserProfileRuntimeStorePath)="C:\Users\USER\.dotnet\store" (previous value: "C:\Users\USER") at C:\Program Files\dotnet\sdk\8.0.403\Sdks\Microsoft.NET.Sdk\targets\Microsoft.NET.Sdk.targets (98,5)
                   Property reassignment: $(AvailablePlatforms)="Any CPU,x86,x64,ARM32" (previous value: "Any CPU,x86,x64") at C:\Program Files\dotnet\sdk\8.0.403\Sdks\Microsoft.NET.Sdk\targets\Microsoft.NET.Sdk.targets (136,5)
                   Property reassignment: $(AvailablePlatforms)="Any CPU,x86,x64,ARM32,ARM64" (previous value: "Any CPU,x86,x64,ARM32") at C:\Program Files\dotnet\sdk\8.0.403\Sdks\Microsoft.NET.Sdk\targets\Microsoft.NET.Sdk.targets (140,5)
                   Property reassignment: $(CoreBuildDependsOn)="
                         _CheckForBuildWithNoBuild;
                         
                         BuildOnlySettings;
                         PrepareForBuild;
                         PreBuildEvent;
                         ResolveReferences;
                         PrepareResources;
                         ResolveKeySource;
                         Compile;
                         ExportWindowsMDFile;
                         UnmanagedUnregistration;
                         GenerateSerializationAssemblies;
                         CreateSatelliteAssemblies;
                         GenerateManifests;
                         GetTargetPath;
                         PrepareForRun;
                         UnmanagedRegistration;
                         IncrementalClean;
                         PostBuildEvent
                       ;
                         GenerateBuildDependencyFile;
                         GenerateBuildRuntimeConfigurationFiles
                       " (previous value: "
                         BuildOnlySettings;
                         PrepareForBuild;
                         PreBuildEvent;
                         ResolveReferences;
                         PrepareResources;
                         ResolveKeySource;
                         Compile;
                         ExportWindowsMDFile;
                         UnmanagedUnregistration;
                         GenerateSerializationAssemblies;
                         CreateSatelliteAssemblies;
                         GenerateManifests;
                         GetTargetPath;
                         PrepareForRun;
                         UnmanagedRegistration;
                         IncrementalClean;
                         PostBuildEvent
                       ") at C:\Program Files\dotnet\sdk\8.0.403\Sdks\Microsoft.NET.Sdk\targets\Microsoft.NET.Sdk.targets (197,5)
                   Property reassignment: $(CoreCleanDependsOn)="
                         _SdkBeforeClean;
                         
                       " (previous value: "") at C:\Program Files\dotnet\sdk\8.0.403\Sdks\Microsoft.NET.Sdk\targets\Microsoft.NET.Sdk.targets (206,5)
                   Property reassignment: $(RebuildDependsOn)="
                         _SdkBeforeRebuild;
                         
                         BeforeRebuild;
                         Clean;
                         Build;
                         AfterRebuild;
                       
                       " (previous value: "
                         BeforeRebuild;
                         Clean;
                         Build;
                         AfterRebuild;
                       ") at C:\Program Files\dotnet\sdk\8.0.403\Sdks\Microsoft.NET.Sdk\targets\Microsoft.NET.Sdk.targets (213,5)
                   Property reassignment: $(CompileDependsOn)="
                         
                         ResolveReferences;
                         ResolveKeySource;
                         SetWin32ManifestProperties;
                         _SetPreferNativeArm64Win32ManifestProperties;
                         FindReferenceAssembliesForReferences;
                         _GenerateCompileInputs;
                         BeforeCompile;
                         _TimeStampBeforeCompile;
                         _GenerateCompileDependencyCache;
                         CoreCompile;
                         _TimeStampAfterCompile;
                         AfterCompile;
                       ;
                         _CreateAppHost;
                         _CreateComHost;
                         _GetIjwHostPaths;
                       " (previous value: "
                         ResolveReferences;
                         ResolveKeySource;
                         SetWin32ManifestProperties;
                         _SetPreferNativeArm64Win32ManifestProperties;
                         FindReferenceAssembliesForReferences;
                         _GenerateCompileInputs;
                         BeforeCompile;
                         _TimeStampBeforeCompile;
                         _GenerateCompileDependencyCache;
                         CoreCompile;
                         _TimeStampAfterCompile;
                         AfterCompile;
                       ") at C:\Program Files\dotnet\sdk\8.0.403\Sdks\Microsoft.NET.Sdk\targets\Microsoft.NET.Sdk.targets (679,5)
                   Property reassignment: $(CreateSatelliteAssembliesDependsOn)="
                         
                         ;
                         _GenerateSatelliteAssemblyInputs;
                         ComputeIntermediateSatelliteAssemblies;
                         GenerateSatelliteAssemblies
                       ;
                         CoreGenerateSatelliteAssemblies
                       " (previous value: "
                         ;
                         _GenerateSatelliteAssemblyInputs;
                         ComputeIntermediateSatelliteAssemblies;
                         GenerateSatelliteAssemblies
                       ") at C:\Program Files\dotnet\sdk\8.0.403\Sdks\Microsoft.NET.Sdk\targets\Microsoft.NET.Sdk.targets (1065,5)
                   Property reassignment: $(SourceLinkUrlInitializerTargets)=";_InitializeGitHubSourceLinkUrl;_InitializeGitLabSourceLinkUrl" (previous value: ";_InitializeGitHubSourceLinkUrl") at C:\Program Files\dotnet\sdk\8.0.403\Sdks\Microsoft.SourceLink.GitLab\build\Microsoft.SourceLink.GitLab.targets (12,5)
                   Property reassignment: $(SourceControlManagerUrlTranslationTargets)=";TranslateGitHubUrlsInSourceControlInformation;TranslateGitLabUrlsInSourceControlInformation" (previous value: ";TranslateGitHubUrlsInSourceControlInformation") at C:\Program Files\dotnet\sdk\8.0.403\Sdks\Microsoft.SourceLink.GitLab\build\Microsoft.SourceLink.GitLab.targets (13,5)
                   Property reassignment: $(SourceLinkUrlInitializerTargets)=";_InitializeGitHubSourceLinkUrl;_InitializeGitLabSourceLinkUrl;_InitializeAzureReposGitSourceLinkUrl" (previous value: ";_InitializeGitHubSourceLinkUrl;_InitializeGitLabSourceLinkUrl") at C:\Program Files\dotnet\sdk\8.0.403\Sdks\Microsoft.SourceLink.AzureRepos.Git\build\Microsoft.SourceLink.AzureRepos.Git.targets (12,5)
                   Property reassignment: $(SourceControlManagerUrlTranslationTargets)=";TranslateGitHubUrlsInSourceControlInformation;TranslateGitLabUrlsInSourceControlInformation;TranslateAzureReposGitUrlsInSourceControlInformation" (previous value: ";TranslateGitHubUrlsInSourceControlInformation;TranslateGitLabUrlsInSourceControlInformation") at C:\Program Files\dotnet\sdk\8.0.403\Sdks\Microsoft.SourceLink.AzureRepos.Git\build\Microsoft.SourceLink.AzureRepos.Git.targets (13,5)
                   Property reassignment: $(SourceLinkUrlInitializerTargets)=";_InitializeGitHubSourceLinkUrl;_InitializeGitLabSourceLinkUrl;_InitializeAzureReposGitSourceLinkUrl;_InitializeBitbucketGitSourceLinkUrl" (previous value: ";_InitializeGitHubSourceLinkUrl;_InitializeGitLabSourceLinkUrl;_InitializeAzureReposGitSourceLinkUrl") at C:\Program Files\dotnet\sdk\8.0.403\Sdks\Microsoft.SourceLink.Bitbucket.Git\build\Microsoft.SourceLink.Bitbucket.Git.targets (12,5)
                   Property reassignment: $(SourceControlManagerUrlTranslationTargets)=";TranslateGitHubUrlsInSourceControlInformation;TranslateGitLabUrlsInSourceControlInformation;TranslateAzureReposGitUrlsInSourceControlInformation;TranslateBitbucketGitUrlsInSourceControlInformation" (previous value: ";TranslateGitHubUrlsInSourceControlInformation;TranslateGitLabUrlsInSourceControlInformation;TranslateAzureReposGitUrlsInSourceControlInformation") at C:\Program Files\dotnet\sdk\8.0.403\Sdks\Microsoft.SourceLink.Bitbucket.Git\build\Microsoft.SourceLink.Bitbucket.Git.targets (13,5)
                   Property reassignment: $(DesignerRuntimeImplementationProjectOutputGroupDependsOn)="
                         
                         ;
                         
                         ;
                         BuildOnlySettings;
                         PrepareForBuild;
                         AssignTargetPaths;
                         ResolveReferences
                       
                       ;
                         _GenerateDesignerDepsFile;
                         _GenerateDesignerRuntimeConfigFile;
                         GetCopyToOutputDirectoryItems;
                         _GatherDesignerShadowCopyFiles;
                       " (previous value: "
                         ;
                         
                         ;
                         BuildOnlySettings;
                         PrepareForBuild;
                         AssignTargetPaths;
                         ResolveReferences
                       
                       ") at C:\Program Files\dotnet\sdk\8.0.403\Sdks\Microsoft.NET.Sdk\targets\Microsoft.NET.DesignerSupport.targets (21,5)
                   Property reassignment: $(_GenerateToolsSettingsFileCacheFile)="C:\Users\USER\OneDrive - Royal University of Phnom Penh\Desktop\Testing\StaffManagement\src\StaffManagement.Infrastructure\obj\Debug\net8.0\StaffManagement.Infrastructure.toolssettingsinput.cache" (previous value: "obj\Debug\net8.0\StaffManagement.Infrastructure.toolssettingsinput.cache") at C:\Program Files\dotnet\sdk\8.0.403\Sdks\Microsoft.NET.Sdk\targets\Microsoft.NET.PackTool.targets (68,5)
                   Property reassignment: $(_ShimInputCacheFile)="C:\Users\USER\OneDrive - Royal University of Phnom Penh\Desktop\Testing\StaffManagement\src\StaffManagement.Infrastructure\obj\Debug\net8.0\StaffManagement.Infrastructure.shiminput.cache" (previous value: "obj\Debug\net8.0\StaffManagement.Infrastructure.shiminput.cache") at C:\Program Files\dotnet\sdk\8.0.403\Sdks\Microsoft.NET.Sdk\targets\Microsoft.NET.PackTool.targets (137,5)
                   Property reassignment: $(_ShimCreatedSentinelFile)="C:\Users\USER\OneDrive - Royal University of Phnom Penh\Desktop\Testing\StaffManagement\src\StaffManagement.Infrastructure\obj\Debug\net8.0\StaffManagement.Infrastructure.shimcreated.sentinel" (previous value: "obj\Debug\net8.0\StaffManagement.Infrastructure.shimcreated.sentinel") at C:\Program Files\dotnet\sdk\8.0.403\Sdks\Microsoft.NET.Sdk\targets\Microsoft.NET.PackTool.targets (139,5)
                   Property reassignment: $(DefineConstants)="TRACE;DEBUG" (previous value: "TRACE") at C:\Program Files\dotnet\sdk\8.0.403\Sdks\Microsoft.NET.Sdk\targets\Microsoft.NET.Sdk.CSharp.targets (31,5)
                   Property reassignment: $(DefineConstants)="TRACE;DEBUG;NET;NET8_0;NETCOREAPP" (previous value: "TRACE;DEBUG") at C:\Program Files\dotnet\sdk\8.0.403\Sdks\Microsoft.NET.Sdk\targets\Microsoft.NET.Sdk.CSharp.targets (34,5)
                   Property reassignment: $(WarningsAsErrors)=";NU1605;SYSLIB0011" (previous value: ";NU1605") at C:\Program Files\dotnet\sdk\8.0.403\Sdks\Microsoft.NET.Sdk\targets\Microsoft.NET.Sdk.CSharp.targets (48,5)
                   Property reassignment: $(PackageDescription)="Package Description" (previous value: "") at C:\Program Files\dotnet\sdk\8.0.403\Sdks\NuGet.Build.Tasks.Pack\build\NuGet.Build.Tasks.Pack.targets (34,5)
                   Property reassignment: $(GenerateNuspecDependsOn)="Build;_LoadPackInputItems; _GetTargetFrameworksOutput; _WalkEachTargetPerFramework; _GetPackageFiles; " (previous value: "_LoadPackInputItems; _GetTargetFrameworksOutput; _WalkEachTargetPerFramework; _GetPackageFiles; ") at C:\Program Files\dotnet\sdk\8.0.403\Sdks\NuGet.Build.Tasks.Pack\build\NuGet.Build.Tasks.Pack.targets (59,5)
                   Property reassignment: $(_IsSDKContainerAllowedVersion)="true" (previous value: "false") at C:\Program Files\dotnet\sdk\8.0.403\Containers\build\Microsoft.NET.Build.Containers.targets (5,5)
                   Property reassignment: $(_ContainerIsTargetingNet8TFM)="true" (previous value: "false") at C:\Program Files\dotnet\sdk\8.0.403\Containers\build\Microsoft.NET.Build.Containers.targets (15,5)
                   Assembly loaded during Evaluation: System.Text.Encodings.Web, Version=8.0.0.0, Culture=neutral, PublicKeyToken=cc7b13ffcd2ddd51 (location: C:\Program Files\dotnet\shared\Microsoft.NETCore.App\8.0.10\System.Text.Encodings.Web.dll, MVID: fef62cd0-8147-4d18-bc67-258874125e2e, AssemblyLoadContext: Default)
                   Assembly loaded during Evaluation: System.Numerics.Vectors, Version=8.0.0.0, Culture=neutral, PublicKeyToken=b03f5f7f11d50a3a (location: C:\Program Files\dotnet\shared\Microsoft.NETCore.App\8.0.10\System.Numerics.Vectors.dll, MVID: 00892bc3-35ec-4480-947e-69c226f8b994, AssemblyLoadContext: Default)
                   Assembly loaded during Evaluation: System.Reflection.Emit.Lightweight, Version=8.0.0.0, Culture=neutral, PublicKeyToken=b03f5f7f11d50a3a (location: C:\Program Files\dotnet\shared\Microsoft.NETCore.App\8.0.10\System.Reflection.Emit.Lightweight.dll, MVID: 44eafa48-1080-469e-a36b-0638796396ef, AssemblyLoadContext: Default)
                   Assembly loaded during Evaluation: System.Reflection.Primitives, Version=8.0.0.0, Culture=neutral, PublicKeyToken=b03f5f7f11d50a3a (location: C:\Program Files\dotnet\shared\Microsoft.NETCore.App\8.0.10\System.Reflection.Primitives.dll, MVID: 3df9f712-66e1-4f7d-a246-60a3edb5a94f, AssemblyLoadContext: Default)
                   Assembly loaded during Evaluation: System.Reflection.Emit.ILGeneration, Version=8.0.0.0, Culture=neutral, PublicKeyToken=b03f5f7f11d50a3a (location: C:\Program Files\dotnet\shared\Microsoft.NETCore.App\8.0.10\System.Reflection.Emit.ILGeneration.dll, MVID: b2bb4040-6667-4e94-8964-d97621a1c70b, AssemblyLoadContext: Default)
                   Overriding target "ResolveFrameworkReferences" in project "C:\Program Files\dotnet\sdk\8.0.403\Microsoft.Common.CurrentVersion.targets" with target "ResolveFrameworkReferences" from project "C:\Program Files\dotnet\sdk\8.0.403\Sdks\Microsoft.NET.Sdk\targets\Microsoft.NET.Sdk.FrameworkReferenceResolution.targets".
                   Overriding target "Run" in project "C:\Program Files\dotnet\sdk\8.0.403\Microsoft.Common.CurrentVersion.targets" with target "Run" from project "C:\Program Files\dotnet\sdk\8.0.403\Sdks\Microsoft.NET.Sdk\targets\Microsoft.NET.Sdk.targets".
                   Overriding target "GenerateSupportedTargetFrameworkAlias" in project "C:\Program Files\dotnet\sdk\8.0.403\Microsoft.Common.CurrentVersion.targets" with target "GenerateSupportedTargetFrameworkAlias" from project "C:\Program Files\dotnet\sdk\8.0.403\Sdks\Microsoft.NET.Sdk\targets\Microsoft.NET.Sdk.targets".
                   Overriding target "GetReferenceAssemblyPaths" in project "C:\Program Files\dotnet\sdk\8.0.403\Microsoft.Common.CurrentVersion.targets" with target "GetReferenceAssemblyPaths" from project "C:\Program Files\dotnet\sdk\8.0.403\Sdks\Microsoft.NET.Sdk\targets\Microsoft.NET.DisableStandardFrameworkResolution.targets".
                   Overriding target "GetFrameworkPaths" in project "C:\Program Files\dotnet\sdk\8.0.403\Microsoft.Common.CurrentVersion.targets" with target "GetFrameworkPaths" from project "C:\Program Files\dotnet\sdk\8.0.403\Sdks\Microsoft.NET.Sdk\targets\Microsoft.NET.DisableStandardFrameworkResolution.targets".
                   Overriding target "DesignerRuntimeImplementationProjectOutputGroup" in project "C:\Program Files\dotnet\sdk\8.0.403\Microsoft.Common.CurrentVersion.targets" with target "DesignerRuntimeImplementationProjectOutputGroup" from project "C:\Program Files\dotnet\sdk\8.0.403\Sdks\Microsoft.NET.Sdk\targets\Microsoft.NET.DesignerSupport.targets".
                   Overriding target "Publish" in project "C:\Program Files\dotnet\sdk\8.0.403\Microsoft.Common.CurrentVersion.targets" with target "Publish" from project "C:\Program Files\dotnet\sdk\8.0.403\Sdks\Microsoft.NET.Sdk\targets\Microsoft.NET.Publish.targets".
                   Overriding target "ResolveReadyToRunCompilers" in project "C:\Program Files\dotnet\sdk\8.0.403\Sdks\Microsoft.NET.Sdk\targets\Microsoft.NET.CrossGen.targets" with target "ResolveReadyToRunCompilers" from project "C:\Program Files\dotnet\sdk\8.0.403\Sdks\Microsoft.NET.Sdk\targets\Microsoft.NET.Publish.targets".
                   Overriding target "GetCopyToPublishDirectoryItems" in project "C:\Program Files\dotnet\sdk\8.0.403\Microsoft.Common.CurrentVersion.targets" with target "GetCopyToPublishDirectoryItems" from project "C:\Program Files\dotnet\sdk\8.0.403\Sdks\Microsoft.NET.Sdk\targets\Microsoft.NET.Publish.targets".
                   The target "ResolveNuGetPackageAssets" listed in an AfterTargets attribute at "C:\Users\USER\.nuget\packages\microsoft.extensions.options\8.0.2\buildTransitive\net6.0\Microsoft.Extensions.Options.targets (11,11)" does not exist in the project, and will be ignored.
                   The target "ResolveNuGetPackageAssets" listed in an AfterTargets attribute at "C:\Users\USER\.nuget\packages\microsoft.extensions.options\8.0.2\buildTransitive\net6.0\Microsoft.Extensions.Options.targets (23,11)" does not exist in the project, and will be ignored.
                   The target "ResolveNuGetPackageAssets" listed in an AfterTargets attribute at "C:\Users\USER\.nuget\packages\microsoft.extensions.logging.abstractions\8.0.2\buildTransitive\net6.0\Microsoft.Extensions.Logging.Abstractions.targets (11,11)" does not exist in the project, and will be ignored.
                   The target "ResolveNuGetPackageAssets" listed in an AfterTargets attribute at "C:\Users\USER\.nuget\packages\microsoft.extensions.logging.abstractions\8.0.2\buildTransitive\net6.0\Microsoft.Extensions.Logging.Abstractions.targets (23,11)" does not exist in the project, and will be ignored.
20:48:35.385     0>Initial Properties:
                   __DisableWorkloadResolverSentinelPath = C:\Program Files\dotnet\sdk\8.0.403\DisableWorkloadResolver.sentinel
                   __WindowsAppSdkDefaultImageIncludes = **/*.png;**/*.bmp;**/*.jpg;**/*.dds;**/*.tif;**/*.tga;**/*.gif
                   _AfterSdkPublishDependsOn = Publish
                   _BeforePublishNoBuildTargets = 
                         BuildOnlySettings;
                         _PreventProjectReferencesFromBuilding;
                         ResolveReferences;
                         PrepareResourceNames;
                         ComputeIntermediateSatelliteAssemblies;
                         ComputeEmbeddedApphostPaths;
                       
                   _BinaryFormatterObsoleteAsError = true
                   _ContainerIsSelfContained = false
                   _ContainerIsTargetingNet8TFM = true
                   _ContainersTargetsDir = C:\Program Files\dotnet\sdk\8.0.403\Sdks\Microsoft.NET.Sdk\Sdk\..\..\..\Containers\build\
                   _CorePublishTargets = 
                         PrepareForPublish;
                         ComputeAndCopyFilesToPublishDirectory;
                         ;
                         PublishItemsOutputGroup;
                       
                   _DebugSymbolsProduced = true
                   _DefaultArtifactsPathPropsImported = true
                   _DefaultUserProfileRuntimeStorePath = C:\Users\USER\.dotnet\store
                   _DeploymentApplicationManifestIdentity = Native.StaffManagement.Infrastructure
                   _DeploymentBuiltUpdateInterval = 0
                   _DeploymentBuiltUpdateIntervalUnits = Days
                   _DeploymentDeployManifestIdentity = StaffManagement.Infrastructure.application
                   _DeploymentFileMappingExtension = 
                   _DeploymentLauncherBased = true
                   _DeploymentTargetApplicationManifestFileName = Native.StaffManagement.Infrastructure.manifest
                   _DeploymentUrl = 
                   _DesignerDepsFileName = StaffManagement.Infrastructure.designer.deps.json
                   _DesignerDepsFilePath = obj\Debug\net8.0\StaffManagement.Infrastructure.designer.deps.json
                   _DesignerRuntimeConfigFileName = StaffManagement.Infrastructure.designer.runtimeconfig.json
                   _DesignerRuntimeConfigFilePath = obj\Debug\net8.0\StaffManagement.Infrastructure.designer.runtimeconfig.json
                   _DirectoryBuildPropsBasePath = 
                   _DirectoryBuildPropsFile = Directory.Build.props
                   _DirectoryBuildTargetsBasePath = 
                   _DirectoryBuildTargetsFile = Directory.Build.targets
                   _DirectoryPackagesPropsBasePath = 
                   _DirectoryPackagesPropsFile = Directory.Packages.props
                   _DocumentationFileProduced = false
                   _DotNetAppHostExecutableName = apphost
                   _DotNetAppHostExecutableNameWithoutExtension = apphost
                   _DotNetComHostLibraryName = comhost
                   _DotNetComHostLibraryNameWithoutExtension = comhost
                   _DotNetHostExecutableName = dotnet
                   _DotNetHostFxrLibraryName = libhostfxr.so
                   _DotNetHostPolicyLibraryName = libhostpolicy.so
                   _DotNetIjwHostLibraryName = Ijwhost
                   _DotNetIjwHostLibraryNameWithoutExtension = Ijwhost
                   _DotNetSingleFileHostExecutableNameWithoutExtension = singlefilehost
                   _EnableDefaultWindowsPlatform = false
                   _FrameworkIdentifierForImplicitDefine = NET
                   _FrameworkVersionForImplicitDefine = 8_0
                   _GenerateBindingRedirectsIntermediateAppConfig = obj\Debug\net8.0\StaffManagement.Infrastructure.dll.config
                   _GeneratePublishDependencyFilePropertyInputsCache = C:\Users\USER\OneDrive - Royal University of Phnom Penh\Desktop\Testing\StaffManagement\src\StaffManagement.Infrastructure\obj\Debug\net8.0\StaffManagement.Infrastructure.genpublishdeps.cache
                   _GenerateRestoreGraphProjectEntryInputProperties = ExcludeRestorePackageImports=true
                   _GenerateRuntimeConfigurationPropertyInputsCache = C:\Users\USER\OneDrive - Royal University of Phnom Penh\Desktop\Testing\StaffManagement\src\StaffManagement.Infrastructure\obj\Debug\net8.0\StaffManagement.Infrastructure.genruntimeconfig.cache
                   _GenerateSingleFileBundlePropertyInputsCache = C:\Users\USER\OneDrive - Royal University of Phnom Penh\Desktop\Testing\StaffManagement\src\StaffManagement.Infrastructure\obj\Debug\net8.0\StaffManagement.Infrastructure.genbundle.cache
                   _GenerateSourceLinkFileBeforeTargets = CoreCompile
                   _GenerateSourceLinkFileDependsOnTargets = 
                   _GenerateSupportedRuntimeIntermediateAppConfig = obj\Debug\net8.0\StaffManagement.Infrastructure.dll.withSupportedRuntime.config
                   _GenerateToolsSettingsFileCacheFile = C:\Users\USER\OneDrive - Royal University of Phnom Penh\Desktop\Testing\StaffManagement\src\StaffManagement.Infrastructure\obj\Debug\net8.0\StaffManagement.Infrastructure.toolssettingsinput.cache
                   _GetChildProjectCopyToOutputDirectoryItems = true
                   _GetChildProjectCopyToPublishDirectoryItems = true
                   _InitialBaseIntermediateOutputPath = obj\
                   _InitialMSBuildProjectExtensionsPath = C:\Users\USER\OneDrive - Royal University of Phnom Penh\Desktop\Testing\StaffManagement\src\StaffManagement.Infrastructure\obj\
                   _IsNETCoreOrNETStandard = true
                   _IsSDKContainerAllowedVersion = true
                   _LatestAnalysisLevel = 8.0
                   _MaxSupportedLangVersion = 12.0
                   _MicrosoftSourceLinkCommonAssemblyFile = C:\Program Files\dotnet\sdk\8.0.403\Sdks\Microsoft.SourceLink.Common\build\..\tools\core\Microsoft.SourceLink.Common.dll
                   _MinimumNonEolSupportedNetCoreTargetFramework = net6.0
                   _NativeLibraryExtension = .so
                   _NativeLibraryPrefix = lib
                   _NETAnalyzersSDKAssemblyVersion = 8.0.0
                   _NETCoreSdkIsPreview = false
                   _NetFrameworkHostedCompilersVersion = 4.11.0-3.24468.6
                   _NoneAnalysisLevel = 4.0
                   _NugetFallbackFolder = C:\Program Files\dotnet\sdk\8.0.403\Sdks\Microsoft.NET.Sdk\targets\..\..\..\..\NuGetFallbackFolder
                   _NugetTargetMonikerAndRID = .NETCoreApp,Version=v8.0
                   _OriginalConfiguration = Debug
                   _OriginalPlatform = AnyCPU
                   _PackToolPublishDependency = _PublishBuildAlternative
                   _PlatformWithoutConfigurationInference = AnyCPU
                   _PreviewAnalysisLevel = 9.0
                   _ProjectDefaultTargets = Build
                   _PublishNoBuildAlternativeDependsOn = 
                         BuildOnlySettings;
                         _PreventProjectReferencesFromBuilding;
                         ResolveReferences;
                         PrepareResourceNames;
                         ComputeIntermediateSatelliteAssemblies;
                         ComputeEmbeddedApphostPaths;
                       ;
                         PrepareForPublish;
                         ComputeAndCopyFilesToPublishDirectory;
                         ;
                         PublishItemsOutputGroup;
                       
                   _PublishProfileDesignerFolder = Properties
                   _PublishProfileRootFolder = C:\Users\USER\OneDrive - Royal University of Phnom Penh\Desktop\Testing\StaffManagement\src\StaffManagement.Infrastructure\Properties\PublishProfiles\
                   _RecursiveTargetForContentCopying = GetCopyToOutputDirectoryItems
                   _ResolveReferenceDependencies = false
                   _RuntimePackInWorkloadVersion6 = 6.0.35
                   _RuntimePackInWorkloadVersion7 = 7.0.20
                   _RuntimePackInWorkloadVersionCurrent = 8.0.10
                   _SGenDllCreated = false
                   _SGenDllName = StaffManagement.Infrastructure.XmlSerializers.dll
                   _SGenGenerateSerializationAssembliesConfig = Off
                   _ShimCreatedSentinelFile = C:\Users\USER\OneDrive - Royal University of Phnom Penh\Desktop\Testing\StaffManagement\src\StaffManagement.Infrastructure\obj\Debug\net8.0\StaffManagement.Infrastructure.shimcreated.sentinel
                   _ShimInputCacheFile = C:\Users\USER\OneDrive - Royal University of Phnom Penh\Desktop\Testing\StaffManagement\src\StaffManagement.Infrastructure\obj\Debug\net8.0\StaffManagement.Infrastructure.shiminput.cache
                   _SourceLinkAzureReposGitAssemblyFile = C:\Program Files\dotnet\sdk\8.0.403\Sdks\Microsoft.SourceLink.AzureRepos.Git\build\..\tools\core\Microsoft.SourceLink.AzureRepos.Git.dll
                   _SourceLinkBitbucketAssemblyFile = C:\Program Files\dotnet\sdk\8.0.403\Sdks\Microsoft.SourceLink.Bitbucket.Git\build\..\tools\core\Microsoft.SourceLink.Bitbucket.Git.dll
                   _SourceLinkGitHubAssemblyFile = C:\Program Files\dotnet\sdk\8.0.403\Sdks\Microsoft.SourceLink.GitHub\build\..\tools\core\Microsoft.SourceLink.GitHub.dll
                   _SourceLinkGitLabAssemblyFile = C:\Program Files\dotnet\sdk\8.0.403\Sdks\Microsoft.SourceLink.GitLab\build\..\tools\core\Microsoft.SourceLink.GitLab.dll
                   _SourceLinkPropsImported = true
                   _SourceLinkSdkSubDir = build
                   _SupportedArchitectures = amd64 arm64
                   _SupportedPlatformList = @(SupportedPlatform, ',')
                   _TargetFrameworkDirectories = 
                   _TargetFrameworkVersionValue = 0.0
                   _TargetFrameworkVersionWithoutV = 8.0
                   _TargetLatestRuntimePatchIsDefault = true
                   _TargetsThatPrepareProjectReferences = 
                         AssignProjectConfiguration;
                         _SplitProjectReferencesByFileExistence
                       
                   _ToolsSettingsFilePath = obj\DotnetToolSettings.xml
                   _UseAttributeForTargetFrameworkInfoPropertyNames = true
                   _UsingDefaultForHasRuntimeOutput = true
                   _UsingDefaultPlatformTarget = true
                   _WindowsDesktopSdkTargetFrameworkVersionFloor = 3.0
                   _WorkloadLibraryPacksFolder = C:\Program Files\dotnet\library-packs
                   AddAdditionalExplicitAssemblyReferences = false
                   AllowedOutputExtensionsInPackageBuildOutputFolder = .dll; .exe; .winmd; .json; .pri; .xml ;
                   AllowedOutputExtensionsInSymbolsPackageBuildOutputFolder = .pdb; .mdb; .dll; .exe; .winmd; .json; .pri; .xml ;; 
                   AllowedReferenceAssemblyFileExtensions = 
                         .winmd;
                         .dll;
                         .exe
                       
                   AllowedReferenceRelatedFileExtensions = 
                         .pdb;
                         .xml;
                         .pri;
                         .dll.config;
                         .exe.config
                       
                   AllowUnsafeBlocks = false
                   AlwaysIncludeCoreFrameworkInRuntimeConfig = true
                   AlwaysUseNumericalSuffixInItemNames = true
                   AnalysisLevel = latest
                   ApiCompatValidatePackageSemaphoreFile = obj\Debug\net8.0\Microsoft.NET.ApiCompat.ValidatePackage.semaphore
                   AppDesignerFolder = Properties
                   AppendPlatformToOutputPath = false
                   AppendRuntimeIdentifierToOutputPath = true
                   AppendTargetFrameworkToOutputPath = true
                   AssemblyFoldersConfigFile = C:\Program Files\dotnet\sdk\8.0.403\AssemblyFolders.config
                   AssemblyFoldersSuffix = AssemblyFoldersEx
                   AssemblyName = StaffManagement.Infrastructure
                   AssemblySearchPaths = {CandidateAssemblyFiles};{HintPathFromItem};{TargetFrameworkDirectory};{RawFileName}
                   AssemblyTitle = StaffManagement.Infrastructure
                   AssetTargetFallback = ;net461;net462;net47;net471;net472;net48;net481
                   AssignTargetPathsDependsOn = 
                   Authors = StaffManagement.Infrastructure
                   AutomaticallyUseReferenceAssemblyPackages = true
                   AutoUnifyAssemblyReferences = true
                   AvailablePlatforms = Any CPU,x86,x64,ARM32,ARM64
                   BackwardsCompatFrameworkDefine = NETCOREAPP
                   BaseIntermediateOutputPath = obj\
                   BaseOutputPath = bin\
                   BaseOutputPathWasSpecified = true
                   BuildCompileAction = Build
                   BuildDependsOn = 
                         BeforeBuild;
                         CoreBuild;
                         AfterBuild
                       
                   BuildGenerateSourcesAction = Build
                   BuildingProject = false
                   BuildInParallel = true
                   BuildLinkAction = Build
                   BuildOutputTargetFolder = lib
                   BuildProjectReferences = true
                   BuiltProjectOutputGroupDependenciesDependsOn = 
                         ;
                         
                         ;
                         BuildOnlySettings;
                         PrepareForBuild;
                         AssignTargetPaths;
                         ResolveReferences
                       
                       
                   BuiltProjectOutputGroupDependsOn = PrepareForBuild
                   BundledNETCoreAppPackageVersion = 8.0.10
                   BundledNETCoreAppTargetFrameworkVersion = 8.0
                   BundledNETCorePlatformsPackageVersion = 8.0.10-servicing.24466.10
                   BundledNETStandardPackageVersion = 2.1.0
                   BundledNETStandardTargetFrameworkVersion = 2.1
                   BundledRuntimeIdentifierGraphFile = C:\Program Files\dotnet\sdk\8.0.403\RuntimeIdentifierGraph.json
                   CheckEolWorkloads = true
                   CheckForOverflowUnderflow = false
                   CleanDependsOn = 
                         BeforeClean;
                         UnmanagedUnregistration;
                         CoreClean;
                         CleanReferencedProjects;
                         CleanPublishFolder;
                         AfterClean
                       
                   CleanFile = StaffManagement.Infrastructure.csproj.FileListAbsolute.txt
                   ClickOncePublishDir = bin\Debug\net8.0\publish\
                   CodeAnalysisRuleIds = CA1000;CA1001;CA1002;CA1003;CA1005;CA1008;CA1010;CA1012;CA1014;CA1016;CA1017;CA1018;CA1019;CA1021;CA1024;CA1027;CA1028;CA1030;CA1031;CA1032;CA1033;CA1034;CA1036;CA1040;CA1041;CA1043;CA1044;CA1045;CA1046;CA1047;CA1050;CA1051;CA1052;CA1054;CA1055;CA1056;CA1058;CA1060;CA1061;CA1062;CA1063;CA1064;CA1065;CA1066;CA1067;CA1068;CA1069;CA1070;CA1200;CA1303;CA1304;CA1305;CA1307;CA1308;CA1309;CA1310;CA1311;CA1401;CA1416;CA1417;CA1418;CA1419;CA1420;CA1421;CA1422;CA1501;CA1502;CA1505;CA1506;CA1507;CA1508;CA1509;CA1510;CA1511;CA1512;CA1513;CA1700;CA1707;CA1708;CA1710;CA1711;CA1712;CA1713;CA1715;CA1716;CA1720;CA1721;CA1724;CA1725;CA1727;CA1802;CA1805;CA1806;CA1810;CA1812;CA1813;CA1814;CA1815;CA1816;CA1819;CA1820;CA1821;CA1822;CA1823;CA1824;CA1825;CA1826;CA1827;CA1828;CA1829;CA1830;CA1831;CA1832;CA1833;CA1834;CA1835;CA1836;CA1837;CA1838;CA1839;CA1840;CA1841;CA1842;CA1843;CA1844;CA1845;CA1846;CA1847;CA1848;CA1849;CA1850;CA1851;CA1852;CA1853;CA1854;CA1855;CA1856;CA1857;CA1858;CA1859;CA1860;CA1861;CA1862;CA1863;CA1864;CA1865;CA1866;CA1867;CA1868;CA1869;CA1870;CA2000;CA2002;CA2007;CA2008;CA2009;CA2011;CA2012;CA2013;CA2014;CA2015;CA2016;CA2017;CA2018;CA2019;CA2020;CA2021;CA2100;CA2101;CA2119;CA2153;CA2200;CA2201;CA2207;CA2208;CA2211;CA2213;CA2214;CA2215;CA2216;CA2217;CA2218;CA2219;CA2224;CA2225;CA2226;CA2227;CA2231;CA2234;CA2235;CA2237;CA2241;CA2242;CA2243;CA2244;CA2245;CA2246;CA2247;CA2248;CA2249;CA2250;CA2251;CA2252;CA2253;CA2254;CA2255;CA2256;CA2257;CA2258;CA2259;CA2260;CA2261;CA2300;CA2301;CA2302;CA2305;CA2310;CA2311;CA2312;CA2315;CA2321;CA2322;CA2326;CA2327;CA2328;CA2329;CA2330;CA2350;CA2351;CA2352;CA2353;CA2354;CA2355;CA2356;CA2361;CA2362;CA3001;CA3002;CA3003;CA3004;CA3005;CA3006;CA3007;CA3008;CA3009;CA3010;CA3011;CA3012;CA3061;CA3075;CA3076;CA3077;CA3147;CA5350;CA5351;CA5358;CA5359;CA5360;CA5361;CA5362;CA5363;CA5364;CA5365;CA5366;CA5367;CA5368;CA5369;CA5370;CA5371;CA5372;CA5373;CA5374;CA5375;CA5376;CA5377;CA5378;CA5379;CA5380;CA5381;CA5382;CA5383;CA5384;CA5385;CA5386;CA5387;CA5388;CA5389;CA5390;CA5391;CA5392;CA5393;CA5394;CA5395;CA5396;CA5397;CA5398;CA5399;CA5400;CA5401;CA5402;CA5403;CA5404;CA5405
                   CodeAnalysisTargets = C:\Program Files\dotnet\sdk\8.0.403\Microsoft\VisualStudio\v17.0\CodeAnalysis\Microsoft.CodeAnalysis.targets
                   CommandLineArgsForDesignTimeEvaluation = -langversion:12.0 -define:TRACE
                   CommonOutputGroupsDependsOn = 
                         ;
                         BuildOnlySettings;
                         PrepareForBuild;
                         AssignTargetPaths;
                         ResolveReferences
                       
                   CommonTargetsPath = C:\Program Files\dotnet\sdk\8.0.403\Microsoft.Common.CurrentVersion.targets
                   CommonXamlResourcesDirectory = C:\Program Files\dotnet\sdk\8.0.403\\
                   Company = StaffManagement.Infrastructure
                   CompileDependsOn = 
                         
                         ResolveReferences;
                         ResolveKeySource;
                         SetWin32ManifestProperties;
                         _SetPreferNativeArm64Win32ManifestProperties;
                         FindReferenceAssembliesForReferences;
                         _GenerateCompileInputs;
                         BeforeCompile;
                         _TimeStampBeforeCompile;
                         _GenerateCompileDependencyCache;
                         CoreCompile;
                         _TimeStampAfterCompile;
                         AfterCompile;
                       ;
                         _CreateAppHost;
                         _CreateComHost;
                         _GetIjwHostPaths;
                       
                   CompileLicxFilesDependsOn = 
                   CompilerApiVersion = roslyn4.11
                   CompilerGeneratedFilesOutputPath = 
                   ComputeIntermediateSatelliteAssembliesDependsOn = 
                         CreateManifestResourceNames
                       
                   ComputeNETCoreBuildOutputFiles = true
                   ComReferenceExecuteAsTool = false
                   ComReferenceNoClassMembers = false
                   Configuration = Debug
                   ConfigurationName = Debug
                   Configurations = Debug;Release
                   ConsiderPlatformAsProcessorArchitecture = true
                   ContainerCustomTasksAssembly = C:\Program Files\dotnet\sdk\8.0.403\Containers\build\..\tasks\net8.0\Microsoft.NET.Build.Containers.dll
                   ContainerCustomTasksFolder = C:\Program Files\dotnet\sdk\8.0.403\Containers\build\..\tasks\net8.0\
                   ContainerizeFolder = C:\Program Files\dotnet\sdk\8.0.403\Containers\build\..\containerize\
                   ContainerizeFolderName = containerize
                   ContainerTaskFolderName = tasks
                   ContainerTaskFramework = net8.0
                   ContentFilesProjectOutputGroupDependsOn = PrepareForBuild;AssignTargetPaths
                   ContentPreprocessorOutputDirectory = obj\Debug\net8.0\NuGet\
                   ContentTargetFolders = content;contentFiles
                   ContinueOnError = false
                   CopyBuildOutputToPublishDirectory = true
                   CopyConflictingTransitiveContent = false
                   CopyLocalLockFileAssemblies = false
                   CopyOutputSymbolsToPublishDirectory = true
                   CoreBuildDependsOn = 
                         _CheckForBuildWithNoBuild;
                         
                         BuildOnlySettings;
                         PrepareForBuild;
                         PreBuildEvent;
                         ResolveReferences;
                         PrepareResources;
                         ResolveKeySource;
                         Compile;
                         ExportWindowsMDFile;
                         UnmanagedUnregistration;
                         GenerateSerializationAssemblies;
                         CreateSatelliteAssemblies;
                         GenerateManifests;
                         GetTargetPath;
                         PrepareForRun;
                         UnmanagedRegistration;
                         IncrementalClean;
                         PostBuildEvent
                       ;
                         GenerateBuildDependencyFile;
                         GenerateBuildRuntimeConfigurationFiles
                       
                   CoreCleanDependsOn = 
                         _SdkBeforeClean;
                         
                       
                   CoreCompileDependsOn = ;_ComputeNonExistentFileProperty;ResolveCodeAnalysisRuleSet
                   CoreResGenDependsOn = FindReferenceAssembliesForReferences
                   CreateCustomManifestResourceNamesDependsOn = 
                   CreateHardLinksForCopyAdditionalFilesIfPossible = false
                   CreateManifestResourceNamesDependsOn = 
                   CreateSatelliteAssembliesDependsOn = 
                         
                         ;
                         _GenerateSatelliteAssemblyInputs;
                         ComputeIntermediateSatelliteAssemblies;
                         GenerateSatelliteAssemblies
                       ;
                         CoreGenerateSatelliteAssemblies
                       
                   CreateSymbolicLinksForCopyAdditionalFilesIfPossible = false
                   CSharpCoreTargetsPath = C:\Program Files\dotnet\sdk\8.0.403\Roslyn\Microsoft.CSharp.Core.targets
                   CSharpDesignTimeTargetsPath = C:\Program Files\dotnet\sdk\8.0.403\\Microsoft\VisualStudio\Managed\Microsoft.CSharp.DesignTime.targets
                   CSharpTargetsPath = C:\Program Files\dotnet\sdk\8.0.403\Microsoft.CSharp.CurrentVersion.targets
                   CustomAfterDirectoryBuildProps = ;C:\Program Files\dotnet\sdk\8.0.403\Sdks\Microsoft.NET.Sdk\Sdk\UseArtifactsOutputPath.props
                   CustomAfterMicrosoftCommonProps = C:\Program Files\dotnet\sdk\8.0.403\\vCurrent\Custom.After.Microsoft.Common.props
                   CustomAfterMicrosoftCommonTargets = C:\Program Files\dotnet\sdk\8.0.403\\vCurrent\Custom.After.Microsoft.Common.targets
                   CustomAfterMicrosoftCSharpTargets = C:\Program Files\dotnet\sdk\8.0.403\\vCurrent\Custom.After.Microsoft.CSharp.targets
                   CustomBeforeMicrosoftCommonProps = C:\Program Files\dotnet\sdk\8.0.403\\vCurrent\Custom.Before.Microsoft.Common.props
                   CustomBeforeMicrosoftCommonTargets = C:\Program Files\dotnet\sdk\8.0.403\\vCurrent\Custom.Before.Microsoft.Common.targets
                   CustomBeforeMicrosoftCSharpTargets = C:\Program Files\dotnet\sdk\8.0.403\\vCurrent\Custom.Before.Microsoft.CSharp.targets
                   DebugSymbols = true
                   DebugSymbolsProjectOutputGroupDependenciesDependsOn = 
                         ;
                         
                         ;
                         BuildOnlySettings;
                         PrepareForBuild;
                         AssignTargetPaths;
                         ResolveReferences
                       
                       
                   DebugSymbolsProjectOutputGroupDependsOn = 
                   DebugType = portable
                   DefaultAllowedOutputExtensionsInPackageBuildOutputFolder = .dll; .exe; .winmd; .json; .pri; .xml
                   DefaultCopyToPublishDirectoryMetadata = true
                   DefaultExcludesInProjectFolder = ;;**/.*/**
                   DefaultImplicitPackages = Microsoft.NETCore.App;NETStandard.Library
                   DefaultItemExcludes = ;bin\Debug\/**;obj\Debug\/**;bin\/**;obj\/**;**/*.user;**/*.*proj;**/*.sln;**/*.vssscc;**/.DS_Store
                   DefaultLanguageSourceExtension = .cs
                   DefaultProjectTypeGuid = {FAE04EC0-301F-11D3-BF4B-00C04F79EFBC}
                   DefineCommonCapabilities = true
                   DefineCommonItemSchemas = true
                   DefineCommonReferenceSchemas = true
                   DefineConstants = TRACE;DEBUG;NET;NET8_0;NETCOREAPP
                   DelaySign = 
                   DeploymentComputeClickOnceManifestInfoDependsOn = 
                         CleanPublishFolder;
                         GetCopyToOutputDirectoryItems;
                         _DeploymentGenerateTrustInfo
                         
                       
                   DesignerRuntimeImplementationProjectOutputGroupDependsOn = 
                         
                         ;
                         
                         ;
                         BuildOnlySettings;
                         PrepareForBuild;
                         AssignTargetPaths;
                         ResolveReferences
                       
                       ;
                         _GenerateDesignerDepsFile;
                         _GenerateDesignerRuntimeConfigFile;
                         GetCopyToOutputDirectoryItems;
                         _GatherDesignerShadowCopyFiles;
                       
                   DesignTimeAssemblySearchPaths = {CandidateAssemblyFiles};{HintPathFromItem};{TargetFrameworkDirectory};{RawFileName}
                   DesignTimeAutoUnify = true
                   DesignTimeResolveAssemblyReferencesDependsOn = 
                         GetFrameworkPaths;
                         GetReferenceAssemblyPaths;
                         ResolveReferences
                       
                   Deterministic = true
                   DevEnvDir = *Undefined*
                   DisableHandlePackageFileConflicts = true
                   DisableLogTaskParameter_ConvertToAbsolutePath_Path = true
                   DisableLogTaskParameter_FindUnderPath_OutOfPath = true
                   DisableLogTaskParameter_RemoveDuplicates_Inputs = true
                   DisableLogTaskParameterItemMetadata_ConvertToAbsolutePath_AbsolutePaths = true
                   DisableLogTaskParameterItemMetadata_Copy_CopiedFiles = true
                   DisableLogTaskParameterItemMetadata_Copy_DestinationFiles = true
                   DisableLogTaskParameterItemMetadata_Copy_SourceFiles = true
                   DisableLogTaskParameterItemMetadata_FindUnderPath_Files = true
                   DisableLogTaskParameterItemMetadata_FindUnderPath_InPath = true
                   DisableLogTaskParameterItemMetadata_GenerateResource_FilesWritten = true
                   DisableLogTaskParameterItemMetadata_Hash_ItemsToHash = true
                   DisableLogTaskParameterItemMetadata_RemoveDuplicates_Filtered = true
                   DisableLogTaskParameterItemMetadata_WriteLinesToFile_Lines = true
                   DisableStandardFrameworkResolution = true
                   DocumentationFile = 
                   DocumentationProjectOutputGroupDependenciesDependsOn = 
                         ;
                         
                         ;
                         BuildOnlySettings;
                         PrepareForBuild;
                         AssignTargetPaths;
                         ResolveReferences
                       
                       
                   DocumentationProjectOutputGroupDependsOn = 
                   DOTNET_CLI_TELEMETRY_SESSIONID = 99da9e29-3945-4041-bd08-17b7b1b156ce
                   DOTNET_HOST_PATH = C:\Program Files\dotnet\dotnet.exe
                   DotNetApiCompatTaskAssembly = C:\Program Files\dotnet\sdk\8.0.403\Sdks\Microsoft.NET.Sdk\targets\..\tools\net8.0\Microsoft.DotNet.ApiCompat.Task.dll
                   DotnetCliToolTargetFramework = netcoreapp2.2
                   EffectiveAnalysisLevel = 8.0
                   EffectiveCodeAnalysisTreatWarningsAsErrors = 
                   EmbeddedResourceUseDependentUponConvention = true
                   EmbeddedWin32Manifest = 
                   EmbedUntrackedSources = true
                   EmitAssetsLogMessages = true
                   EmitCompilerGeneratedFiles = false
                   EmitLegacyAssetsFileItems = false
                   EnableDefaultCompileItems = true
                   EnableDefaultEmbeddedResourceItems = true
                   EnableDefaultItems = true
                   EnableDefaultNoneItems = true
                   EnableFrameworkPathOverride = false
                   EnableNETAnalyzers = true
                   EnableSourceControlManagerQueries = true
                   EnableSourceLink = true
                   EnableUnsafeBinaryFormatterSerialization = false
                   EnableWebSdkImplicitPackageVersions = false
                   EnforceCodeStyleInBuild = false
                   ErrorReport = prompt
                   ExpandSDKAllowedReferenceExtensions = 
                         .winmd;
                         .dll
                       
                   ExpandSDKReferencesDependsOn = 
                         ResolveSDKReferences
                       
                   FileAlignment = 512
                   FindInvalidProjectReferencesDependsOn = 
                         GetReferenceTargetPlatformMonikers
                       
                   Framework20Dir = @(_TargetFramework20DirectoryItem)
                   Framework30Dir = @(_TargetFramework30DirectoryItem)
                   Framework35Dir = @(_TargetFramework35DirectoryItem)
                   Framework40Dir = @(_TargetFramework40DirectoryItem)
                   FrameworkDir = @(_TargetFramework40DirectoryItem)
                   FrameworkPathOverride = 
                   FrameworkRegistryBase = Software\Microsoft\.NETCoreApp
                   FrameworkSDKDir = @(_TargetFrameworkSDKDirectoryItem)
                   FullReferenceAssemblyNames = Full
                   GenerateAssemblyCompanyAttribute = true
                   GenerateAssemblyConfigurationAttribute = true
                   GenerateAssemblyCopyrightAttribute = true
                   GenerateAssemblyDescriptionAttribute = true
                   GenerateAssemblyFileVersionAttribute = true
                   GenerateAssemblyInfo = true
                   GenerateAssemblyInformationalVersionAttribute = true
                   GenerateAssemblyMetadataAttributes = true
                   GenerateAssemblyProductAttribute = true
                   GenerateAssemblyTitleAttribute = true
                   GenerateAssemblyTrademarkAttribute = true
                   GenerateAssemblyVersionAttribute = true
                   GeneratedAssemblyInfoFile = obj\Debug\net8.0\StaffManagement.Infrastructure.AssemblyInfo.cs
                   GenerateDependencyFile = true
                   GeneratedGlobalUsingsFile = obj\Debug\net8.0\StaffManagement.Infrastructure.GlobalUsings.g.cs
                   GenerateDisableRuntimeMarshallingAttribute = true
                   GenerateDocumentationFile = false
                   GenerateFullPaths = true
                   GenerateInternalsVisibleToAttributes = true
                   GenerateManifestsDependsOn = 
                         SetWin32ManifestProperties;
                         GenerateApplicationManifest;
                         GenerateDeploymentManifest
                       
                   GenerateNeutralResourcesLanguageAttribute = true
                   GenerateNuspecDependsOn = Build;_LoadPackInputItems; _GetTargetFrameworksOutput; _WalkEachTargetPerFramework; _GetPackageFiles; 
                   GeneratePackageOnBuild = false
                   GenerateRepositoryUrlAttribute = true
                   GenerateRequiresPreviewFeaturesAttribute = true
                   GenerateResourceMSBuildArchitecture = CurrentArchitecture
                   GenerateResourceMSBuildRuntime = CurrentRuntime
                   GenerateResourceUsePreserializedResources = true
                   GenerateResourceWarnOnBinaryFormatterUse = true
                   GenerateRuntimeConfigDevFile = false
                   GenerateSatelliteAssembliesForCore = true
                   GenerateSupportedOSPlatformAttribute = true
                   GenerateTargetFrameworkAttribute = true
                   GenerateTargetPlatformAttribute = true
                   GetCopyToOutputDirectoryItemsDependsOn = 
                         AssignTargetPaths;
                         
                         AssignProjectConfiguration;
                         _SplitProjectReferencesByFileExistence
                       ;
                         _GetProjectReferenceTargetFrameworkProperties;
                         _PopulateCommonStateForGetCopyToOutputDirectoryItems
                       
                   GetFrameworkPathsDependsOn = 
                   GetReferenceNearestTargetFrameworkTaskSupportsTargetPlatformParameter = true
                   GetTargetPathDependsOn = 
                   GetTargetPathWithTargetPlatformMonikerDependsOn = 
                   HasRuntimeOutput = 
                   HideWarningsAndErrors = false
                   HighEntropyVA = true
                   ImplicitConfigurationDefine = DEBUG
                   ImplicitFrameworkDefine = NET8_0
                   ImplicitUsings = enable
                   ImportByWildcardAfterMicrosoftCommonProps = true
                   ImportByWildcardAfterMicrosoftCommonTargets = true
                   ImportByWildcardAfterMicrosoftCSharpTargets = true
                   ImportByWildcardBeforeMicrosoftCommonProps = true
                   ImportByWildcardBeforeMicrosoftCommonTargets = true
                   ImportByWildcardBeforeMicrosoftCSharpTargets = true
                   ImportDirectoryBuildProps = true
                   ImportDirectoryBuildTargets = true
                   ImportDirectoryPackagesProps = true
                   ImportFrameworkWinFXTargets = false
                   ImportNuGetBuildTasksPackTargetsFromSdk = true
                   ImportProjectExtensionProps = true
                   ImportProjectExtensionTargets = true
                   ImportUserLocationsByWildcardAfterMicrosoftCommonProps = true
                   ImportUserLocationsByWildcardAfterMicrosoftCommonTargets = true
                   ImportUserLocationsByWildcardAfterMicrosoftCSharpTargets = true
                   ImportUserLocationsByWildcardBeforeMicrosoftCommonProps = true
                   ImportUserLocationsByWildcardBeforeMicrosoftCommonTargets = true
                   ImportUserLocationsByWildcardBeforeMicrosoftCSharpTargets = true
                   IncludeBuildOutput = true
                   IncludeContentInPack = true
                   IncludeFileVersionsInDependencyFile = true
                   IncludeMainProjectInDepsFile = true
                   IncludeProjectsNotInAssetsFileInDepsFile = true
                   IncludeSourceRevisionInInformationalVersion = true
                   IncludeSymbolsInSingleFile = false
                   InnerBuildProperty = TargetFramework
                   InnerBuildPropertyValues = TargetFrameworks
                   IntermediateOutputPath = obj\Debug\net8.0\
                   IsNetCoreAppTargetingLatestTFM = true
                   IsPackable = true
                   IsPublishable = true
                   IsRestoreTargetsFileLoaded = true
                   IsRidAgnostic = true
                   Language = C#
                   LanguageTargets = C:\Program Files\dotnet\sdk\8.0.403\Microsoft.CSharp.targets
                   LangVersion = 12.0
                   MarkPackageReferencesAsExternallyResolved = true
                   MaxSupportedLangVersion = 12.0
                   MaxTargetPath = 100
                   MicrosoftBuildTasksGitAssemblyFile = C:\Program Files\dotnet\sdk\8.0.403\Sdks\Microsoft.Build.Tasks.Git\build\..\tools\core\Microsoft.Build.Tasks.Git.dll
                   MicrosoftCommonPropsHasBeenImported = true
                   MicrosoftNETBuildExtensionsTargets = C:\Program Files\dotnet\sdk\8.0.403\\Microsoft\Microsoft.NET.Build.Extensions\Microsoft.NET.Build.Extensions.targets
                   MicrosoftNETBuildExtensionsTasksAssembly = C:\Program Files\dotnet\sdk\8.0.403\Microsoft\Microsoft.NET.Build.Extensions\\tools\net8.0\Microsoft.NET.Build.Extensions.Tasks.dll
                   MicrosoftNETBuildTasksAssembly = C:\Program Files\dotnet\sdk\8.0.403\Sdks\Microsoft.NET.Sdk\targets\..\tools\net8.0\Microsoft.NET.Build.Tasks.dll
                   MicrosoftNETBuildTasksDirectory = C:\Program Files\dotnet\sdk\8.0.403\Sdks\Microsoft.NET.Sdk\targets\..\tools\net8.0\
                   MicrosoftNETBuildTasksDirectoryRoot = C:\Program Files\dotnet\sdk\8.0.403\Sdks\Microsoft.NET.Sdk\targets\..\tools\
                   MicrosoftNETBuildTasksTFM = net8.0
                   MicrosoftNETCrossgenBuildTasksAssembly = C:\Program Files\dotnet\sdk\8.0.403\Sdks\Microsoft.NET.Sdk\targets\..\tasks\net7.0\Microsoft.NET.Sdk.Crossgen.dll
                   MicrosoftNETFrameworkReferenceAssembliesLatestPackageVersion = 1.0.3
                   MicrosoftNETWindowsWorkloadInstalled = true
                   MinimumVisualStudioVersionForUnsupportedTargetFrameworkVersion = 17.12
                   MsAppxPackageTargets = C:\Program Files\dotnet\sdk\8.0.403\Microsoft\VisualStudio\v17.0\AppxPackage\Microsoft.AppXPackage.Targets
                   MSBuildAllProjects = C:\Users\USER\OneDrive - Royal University of Phnom Penh\Desktop\Testing\StaffManagement\src\StaffManagement.Infrastructure\obj\StaffManagement.Infrastructure.csproj.nuget.g.targets;;C:\Program Files\dotnet\sdk\8.0.403\Current\Microsoft.Common.targets\ImportAfter\Microsoft.TestPlatform.ImportAfter.targets
                   MSBuildAssemblyVersion = 17.0
                   MSBuildBinPath = C:\Program Files\dotnet\sdk\8.0.403
                   MSBuildCopyContentTransitively = true
                   MSBuildCopyMarkerName = StaffMan.936D6FD6.Up2Date
                   MSBuildDisableFeaturesFromVersion = 999.999
                   MSBuildEnableWorkloadResolver = true
                   MSBuildExtensionsPath = C:\Program Files\dotnet\sdk\8.0.403\
                   MSBuildExtensionsPath32 = C:\Program Files\dotnet\sdk\8.0.403
                   MSBuildExtensionsPath64 = C:\Program Files\dotnet\sdk\8.0.403
                   MSBUILDFAILONDRIVEENUMERATINGWILDCARD = 1
                   MSBuildFileVersion = 17.11.9.46202
                   MSBuildLoadMicrosoftTargetsReadOnly = true
                   MSBuildNodeCount = 8
                   MSBuildProgramFiles32 = C:\Program Files (x86)
                   MSBuildProjectDefaultTargets = Build
                   MSBuildProjectDirectory = C:\Users\USER\OneDrive - Royal University of Phnom Penh\Desktop\Testing\StaffManagement\src\StaffManagement.Infrastructure
                   MSBuildProjectDirectoryNoRoot = Users\USER\OneDrive - Royal University of Phnom Penh\Desktop\Testing\StaffManagement\src\StaffManagement.Infrastructure
                   MSBuildProjectExtension = .csproj
                   MSBuildProjectExtensionsPath = C:\Users\USER\OneDrive - Royal University of Phnom Penh\Desktop\Testing\StaffManagement\src\StaffManagement.Infrastructure\obj\
                   MSBuildProjectFile = StaffManagement.Infrastructure.csproj
                   MSBuildProjectFullPath = C:\Users\USER\OneDrive - Royal University of Phnom Penh\Desktop\Testing\StaffManagement\src\StaffManagement.Infrastructure\StaffManagement.Infrastructure.csproj
                   MSBuildProjectName = StaffManagement.Infrastructure
                   MSBuildRuntimeType = Core
                   MSBuildSDKsPath = C:\Program Files\dotnet\sdk\8.0.403\Sdks
                   MSBuildSemanticVersion = 17.11.9+a69bbaaf5
                   MSBuildStartupDirectory = C:\Users\USER\OneDrive - Royal University of Phnom Penh\Desktop\Testing\StaffManagement
                   MSBuildToolsPath = C:\Program Files\dotnet\sdk\8.0.403
                   MSBuildToolsVersion = Current
                   MSBuildUserExtensionsPath = C:\Users\USER\AppData\Local\Microsoft\MSBuild
                   MSBUILDUSESERVER = 0
                   MSBuildUseVisualStudioDirectoryLayout = False
                   MSBuildVersion = 17.11.9
                   MSBuildWarningsAsErrors = ;NU1605
                   MSBuildWarningsAsMessages = 1701;1702
                   MSBuildWarningsNotAsErrors = 
                   MsTestToolsTargets = C:\Program Files\dotnet\sdk\8.0.403\Microsoft\VisualStudio\v17.0\TeamTest\Microsoft.TeamTest.targets
                   NETCoreAppMaximumVersion = 8.0
                   NetCoreRoot = C:\Program Files\dotnet\
                   NETCoreSdkBundledCliToolsProps = C:\Program Files\dotnet\sdk\8.0.403\Sdks\Microsoft.NET.Sdk\targets\..\..\..\Microsoft.NETCoreSdk.BundledCliTools.props
                   NETCoreSdkBundledVersionsProps = C:\Program Files\dotnet\sdk\8.0.403\Sdks\Microsoft.NET.Sdk\targets\..\..\..\Microsoft.NETCoreSdk.BundledVersions.props
                   NETCoreSdkPortableRuntimeIdentifier = win-x64
                   NETCoreSdkRuntimeIdentifier = win-x64
                   NETCoreSdkVersion = 8.0.403
                   NetCoreTargetingPackRoot = C:\Program Files\dotnet\packs
                   NoCompilerStandardLib = true
                   NoStdLib = true
                   NoWarn = 1701;1702
                   NuGetAudit = true
                   NuGetAuditLevel = low
                   NuGetAuditMode = direct
                   NuGetBuildTasksPackTargets = C:\Program Files\dotnet\sdk\8.0.403\Sdks\Microsoft.NET.Sdk\Sdk\..\..\NuGet.Build.Tasks.Pack\build\NuGet.Build.Tasks.Pack.targets
                   NuGetInteractive = 
                   NuGetPackageFolders = C:\Users\USER\.nuget\packages\
                   NuGetPackageRoot = C:\Users\USER\.nuget\packages\
                   NuGetPackTaskAssemblyFile = ..\CoreCLR\NuGet.Build.Tasks.Pack.dll
                   NuGetProjectStyle = PackageReference
                   NuGetPropsFile = C:\Program Files\dotnet\sdk\8.0.403\NuGet.props
                   NuGetRestoreTargets = C:\Program Files\dotnet\sdk\8.0.403\NuGet.targets
                   NuGetTargetMoniker = .NETCoreApp,Version=v8.0
                   NuGetToolVersion = 6.11.1
                   NullabilityInfoContextSupport = true
                   Nullable = enable
                   NuspecOutputPath = obj\Debug\
                   Optimize = false
                   OutDir = bin\Debug\net8.0\
                   OutputPath = bin\Debug\net8.0\
                   OutputType = Library
                   OverwriteReadOnlyFiles = false
                   PackageDescription = Package Description
                   PackageDownloadSupported = true
                   PackagedShimOutputRootDirectory = bin\Debug\net8.0\
                   PackageId = StaffManagement.Infrastructure
                   PackageOutputPath = bin\Debug\
                   PackageRequireLicenseAcceptance = false
                   PackageVersion = 1.0.0
                   PackDependsOn = ; _IntermediatePack; GenerateNuspec; 
                   PackRelease = true
                   Platform = AnyCPU
                   PlatformName = AnyCPU
                   Platforms = AnyCPU
                   PostBuildEventDependsOn = 
                   PreBuildEventDependsOn = 
                   Prefer32Bit = false
                   PrepareForBuildDependsOn = ;GetFrameworkPaths;GetReferenceAssemblyPaths;AssignLinkMetadata
                   PrepareForRunDependsOn = 
                         CopyFilesToOutputDirectory
                       
                   PrepareProjectReferencesDependsOn = 
                         AssignProjectConfiguration;
                         _SplitProjectReferencesByFileExistence;
                         _GetProjectReferenceTargetFrameworkProperties;
                         _GetProjectReferencePlatformProperties
                       
                   PrepareResourceNamesDependsOn = 
                         AssignTargetPaths;
                         SplitResourcesByCulture;
                         CreateManifestResourceNames;
                         CreateCustomManifestResourceNames
                       
                   PrepareResourcesDependsOn = 
                         ResolvePackageDependenciesForBuild;
                         _HandlePackageFileConflicts;
                         
                         ;
                         PrepareResourceNames;
                         ResGen;
                         CompileLicxFiles
                       
                       
                   PreserveCompilationReferences = 
                   ProcessorArchitecture = msil
                   ProcessorArchitectureAsPlatform = AnyCPU
                   ProduceReferenceAssembly = true
                   Product = StaffManagement.Infrastructure
                   ProjectAssetsCacheFile = C:\Users\USER\OneDrive - Royal University of Phnom Penh\Desktop\Testing\StaffManagement\src\StaffManagement.Infrastructure\obj\Debug\net8.0\StaffManagement.Infrastructure.assets.cache
                   ProjectAssetsFile = C:\Users\USER\OneDrive - Royal University of Phnom Penh\Desktop\Testing\StaffManagement\src\StaffManagement.Infrastructure\obj\project.assets.json
                   ProjectDepsFileName = StaffManagement.Infrastructure.deps.json
                   ProjectDepsFilePath = C:\Users\USER\OneDrive - Royal University of Phnom Penh\Desktop\Testing\StaffManagement\src\StaffManagement.Infrastructure\bin\Debug\net8.0\StaffManagement.Infrastructure.deps.json
                   ProjectDesignTimeAssemblyResolutionSearchPaths = 
                         {CandidateAssemblyFiles};
                         ;
                         {HintPathFromItem};
                         {TargetFrameworkDirectory};
                         {Registry:Software\Microsoft\.NETCoreApp,v8.0,AssemblyFoldersEx};
                         {RawFileName};
                         C:\Users\USER\OneDrive - Royal University of Phnom Penh\Desktop\Testing\StaffManagement\src\StaffManagement.Infrastructure\bin\Debug\net8.0\
                       
                   ProjectDir = C:\Users\USER\OneDrive - Royal University of Phnom Penh\Desktop\Testing\StaffManagement\src\StaffManagement.Infrastructure\
                   ProjectExt = .csproj
                   ProjectFileName = StaffManagement.Infrastructure.csproj
                   ProjectFlavor = Client
                   ProjectName = StaffManagement.Infrastructure
                   ProjectPath = C:\Users\USER\OneDrive - Royal University of Phnom Penh\Desktop\Testing\StaffManagement\src\StaffManagement.Infrastructure\StaffManagement.Infrastructure.csproj
                   ProjectRuntimeConfigFileName = StaffManagement.Infrastructure.runtimeconfig.json
                   ProjectRuntimeConfigFilePath = C:\Users\USER\OneDrive - Royal University of Phnom Penh\Desktop\Testing\StaffManagement\src\StaffManagement.Infrastructure\bin\Debug\net8.0\StaffManagement.Infrastructure.runtimeconfig.json
                   PublishableProject = 
                   PublishBuildDependsOn = 
                         BuildOnlySettings;
                         PrepareForBuild;
                         ResolveReferences;
                         PrepareResources;
                         ResolveKeySource;
                         GenerateSerializationAssemblies;
                         CreateSatelliteAssemblies;
                       
                   PublishContainerDependsOn = 
                         _ContainerVerifySDKVersion;
                         ComputeContainerConfig;
                         _CheckContainersPackage
                       
                   PublishDependsOn = 
                         _DeploymentUnpublishable
                       
                   PublishDir = bin\Debug\net8.0\publish\
                   PublishDirName = publish
                   PublishDocumentationFile = true
                   PublishDocumentationFiles = true
                   PublishItemsOutputGroupDependsOn = 
                         ;
                         ResolveReferences;
                         ComputeResolvedFilesToPublishList;
                         _ComputeFilesToBundle;
                       
                   PublishOnlyDependsOn = 
                         SetGenerateManifests;
                         PublishBuild;
                         BeforePublish;
                         GenerateManifests;
                         CopyFilesToOutputDirectory;
                         _CopyFilesToPublishFolder;
                         _DeploymentGenerateBootstrapper;
                         ResolveKeySource;
                         _DeploymentSignClickOnceDeployment;
                         AfterPublish
                       
                   PublishProfileImported = false
                   PublishReadyToRunComposite = false
                   PublishReadyToRunPerfmapFormatVersion = 1
                   PublishReadyToRunUseCrossgen2 = true
                   PublishReadyToRunUseRuntimePackOptimizationData = true
                   PublishReferencesDocumentationFiles = true
                   PublishRelease = true
                   RebuildDependsOn = 
                         _SdkBeforeRebuild;
                         
                         BeforeRebuild;
                         Clean;
                         Build;
                         AfterRebuild;
                       
                       
                   RefAssembliesFolderName = refs
                   ReferenceCopyLocalPathsOutputGroupDependsOn = 
                         ;
                         
                         ;
                         BuildOnlySettings;
                         PrepareForBuild;
                         AssignTargetPaths;
                         ResolveReferences
                       
                       
                   ReportingServicesTargets = C:\Program Files\dotnet\sdk\8.0.403\\Microsoft\VisualStudio\v17.0\ReportingServices\Microsoft.ReportingServices.targets
                   ResGenDependsOn = ResolveAssemblyReferences;SplitResourcesByCulture;BeforeResGen;CoreResGen;AfterResGen
                   ResGenExecuteAsTool = false
                   ResolveAssemblyReferenceOutputUnresolvedAssemblyConflicts = true
                   ResolveAssemblyReferencesDependsOn = 
                         
                         
                         ResolveProjectReferences;
                         FindInvalidProjectReferences;
                         GetFrameworkPaths;
                         GetReferenceAssemblyPaths;
                         PrepareForBuild;
                         ResolveSDKReferences;
                         ExpandSDKReferences;
                       ;
                         ResolvePackageDependenciesForBuild;
                         _HandlePackageFileConflicts;
                       ;
                         ResolveTargetingPackAssets;
                       
                   ResolveNuGetPackages = false
                   ResolvePackageDependenciesForBuildDependsOn = 
                         ResolveLockFileReferences;
                         ResolveLockFileAnalyzers;
                         ResolveLockFileCopyLocalFiles;
                         ResolveRuntimePackAssets;
                         RunProduceContentAssets;
                         IncludeTransitiveProjectReferences
                       
                   ResolveReferencesDependsOn = 
                         BeforeResolveReferences;
                         AssignProjectConfiguration;
                         ResolveProjectReferences;
                         FindInvalidProjectReferences;
                         ResolveNativeReferences;
                         ResolveAssemblyReferences;
                         GenerateBindingRedirects;
                         GenerateBindingRedirectsUpdateAppConfig;
                         ResolveComReferences;
                         AfterResolveReferences
                       
                   ResolveSDKReferencesDependsOn = 
                         GetInstalledSDKLocations
                       
                   RestoreAdditionalProjectSources = ;C:\Program Files\dotnet\library-packs
                   RestoreBuildInParallel = true
                   RestoreContinueOnError = WarnAndContinue
                   RestoreOutputPath = C:\Users\USER\OneDrive - Royal University of Phnom Penh\Desktop\Testing\StaffManagement\src\StaffManagement.Infrastructure\obj\
                   RestoreProjectStyle = PackageReference
                   RestoreRecursive = true
                   RestoreSuccess = True
                   RestoreTaskAssemblyFile = NuGet.Build.Tasks.dll
                   RestoreTool = NuGet
                   RestoreUseSkipNonexistentTargets = true
                   RootNamespace = StaffManagement.Infrastructure
                   RoslynTargetsPath = C:\Program Files\dotnet\sdk\8.0.403\Roslyn
                   RunDependsOn = 
                   RunPackageValidationDependsOn = CollectApiCompatInputs;_GetReferencePathFromInnerProjects;
                   RuntimeIdentifierGraphPath = C:\Program Files\dotnet\sdk\8.0.403/PortableRuntimeIdentifierGraph.json
                   RunWorkingDirectory = 
                   SatelliteDllsProjectOutputGroupDependenciesDependsOn = 
                         ;
                         
                         ;
                         BuildOnlySettings;
                         PrepareForBuild;
                         AssignTargetPaths;
                         ResolveReferences
                       
                       
                   SatelliteDllsProjectOutputGroupDependsOn = ;PrepareForBuild;PrepareResourceNames
                   SDKContainerSupportEnabled = true
                   SDKRedistOutputGroupDependsOn = ResolveSDKReferences;ExpandSDKReferences
                   SDKReferenceDirectoryRoot = C:\Users\USER\AppData\Local\Microsoft SDKs;C:\Program Files (x86)\Microsoft SDKs
                   SDKReferenceRegistryRoot = Software\Microsoft\Microsoft SDKs
                   SGenFilesOutputGroupDependenciesDependsOn = 
                         ;
                         
                         ;
                         BuildOnlySettings;
                         PrepareForBuild;
                         AssignTargetPaths;
                         ResolveReferences
                       
                       
                   SGenFilesOutputGroupDependsOn = 
                   SGenShouldGenerateSerializer = true
                   SGenUseKeep = false
                   SGenUseProxyTypes = true
                   ShouldMarkCertainSDKReferencesAsRuntimeOnly = true
                   SignAssembly = false
                   SkipCopyUnchangedFiles = true
                   SkipImportNuGetBuildTargets = true
                   SkipImportNuGetProps = true
                   SolutionDir = *Undefined*
                   SolutionExt = *Undefined*
                   SolutionFileName = *Undefined*
                   SolutionName = *Undefined*
                   SolutionPath = *Undefined*
                   SourceControlInformationFeatureSupported = true
                   SourceControlManagerUrlTranslationTargets = ;TranslateGitHubUrlsInSourceControlInformation;TranslateGitLabUrlsInSourceControlInformation;TranslateAzureReposGitUrlsInSourceControlInformation;TranslateBitbucketGitUrlsInSourceControlInformation
                   SourceFilesProjectOutputGroupDependsOn = PrepareForBuild;AssignTargetPaths
                   SourceLinkUrlInitializerTargets = ;_InitializeGitHubSourceLinkUrl;_InitializeGitLabSourceLinkUrl;_InitializeAzureReposGitSourceLinkUrl;_InitializeBitbucketGitSourceLinkUrl
                   SourceRootMappedPathsFeatureSupported = true
                   SupportedOSPlatformVersion = 
                   SupportsRoslynComponentVersioning = true
                   SuppressDependenciesWhenPacking = false
                   SymbolPackageFormat = symbols.nupkg
                   TargetCulture = *
                   TargetDeployManifestFileName = StaffManagement.Infrastructure.application
                   TargetDir = C:\Users\USER\OneDrive - Royal University of Phnom Penh\Desktop\Testing\StaffManagement\src\StaffManagement.Infrastructure\bin\Debug\net8.0\
                   TargetedFrameworkDir = @(_TargetedFrameworkDirectoryItem)
                   TargetedSDKArchitecture = msil
                   TargetedSDKConfiguration = Debug
                   TargetExt = .dll
                   TargetFileName = StaffManagement.Infrastructure.dll
                   TargetFramework = net8.0
                   TargetFrameworkDirectory = 
                   TargetFrameworkIdentifier = .NETCoreApp
                   TargetFrameworkMoniker = .NETCoreApp,Version=v8.0
                   TargetFrameworkMonikerAssemblyAttributesPath = obj\Debug\net8.0\.NETCoreApp,Version=v8.0.AssemblyAttributes.cs
                   TargetFrameworkMonikerDisplayName = .NET 8.0
                   TargetFrameworkSDKToolsDirectory = 
                   TargetFrameworkVersion = v8.0
                   TargetLatestRuntimePatch = false
                   TargetName = StaffManagement.Infrastructure
                   TargetPath = C:\Users\USER\OneDrive - Royal University of Phnom Penh\Desktop\Testing\StaffManagement\src\StaffManagement.Infrastructure\bin\Debug\net8.0\StaffManagement.Infrastructure.dll
                   TargetPlatformDisplayName =  
                   TargetPlatformIdentifier = 
                   TargetPlatformRegistryBase = Software\Microsoft\Microsoft SDKs\
                   TargetPlatformSdkPath = 
                   TargetPlatformVersion = 
                   TargetRefPath = C:\Users\USER\OneDrive - Royal University of Phnom Penh\Desktop\Testing\StaffManagement\src\StaffManagement.Infrastructure\obj\Debug\net8.0\ref\StaffManagement.Infrastructure.dll
                   TargetRuntime = Managed
                   TargetsCurrent = true
                   TargetsForTfmSpecificContentInPackage = ;PackTool;_PackProjectToolValidation
                   TargetsNet8 = true
                   ToolCommandName = StaffManagement.Infrastructure
                   ToolDepsJsonGeneratorProject = C:\Program Files\dotnet\sdk\8.0.403\Sdks\Microsoft.NET.Sdk\targets\GenerateDeps\GenerateDeps.proj
                   ToolEntryPoint = StaffManagement.Infrastructure.dll
                   TreatWarningsAsErrors = false
                   UnmanagedRegistrationDependsOn = 
                   UnmanagedUnregistrationDependsOn = 
                   UnsupportedTargetFrameworkVersion = 9.0
                   UseCommonOutputDirectory = false
                   UseDefaultPlatformLookupTables = true
                   UseHostCompilerIfAvailable = true
                   UseMSBuildTestInfrastructure = false
                   UseOSWinMdReferences = false
                   UseRidGraph = false
                   UserProfileRuntimeStorePath = C:\Users\USER\.dotnet\store
                   UserRuntimeConfig = C:\Users\USER\OneDrive - Royal University of Phnom Penh\Desktop\Testing\StaffManagement\src\StaffManagement.Infrastructure/runtimeconfig.template.json
                   UseSourcePath = true
                   UsingMicrosoftNETSdk = true
                   UsingNETSdkDefaults = true
                   Utf8Output = true
                   ValidateRuntimeIdentifierCompatibility = false
                   VerifyMatchingImplicitPackageVersion = true
                   Version = 1.0.0
                   VersionlessImplicitFrameworkDefine = NET
                   VersionPrefix = 1.0.0
                   VisualStudioVersion = 17.0
                   VSTestConsolePath = C:\Program Files\dotnet\sdk\8.0.403\vstest.console.dll
                   VSTestNoBuild = False
                   VSTestTargets = C:\Program Files\dotnet\sdk\8.0.403\\Microsoft.TestPlatform.targets
                   VSTestTaskAssemblyFile = Microsoft.TestPlatform.Build.dll
                   VsTestUseMSBuildOutput = False
                   WarningLevel = 8
                   WarningsAsErrors = ;NU1605;SYSLIB0011
                   WarnOnPackingNonPackableProject = false
                   WebReference_EnableLegacyEventingModel = false
                   WebReference_EnableProperties = true
                   WebReference_EnableSQLTypes = true
                   WMSJSProject = WJProject
                   WMSJSProjectDirectory = JavaScript
                   YieldDuringToolExecution = true

20:48:35.385     0>Initial Items:
                   _AllDirectoriesAbove
                       C:\
                       C:\Users
                       C:\Users\USER
                       C:\Users\USER\OneDrive - Royal University of Phnom Penh
                       C:\Users\USER\OneDrive - Royal University of Phnom Penh\Desktop
                       C:\Users\USER\OneDrive - Royal University of Phnom Penh\Desktop\Testing
                       C:\Users\USER\OneDrive - Royal University of Phnom Penh\Desktop\Testing\StaffManagement
                       C:\Users\USER\OneDrive - Royal University of Phnom Penh\Desktop\Testing\StaffManagement\src
                       C:\Users\USER\OneDrive - Royal University of Phnom Penh\Desktop\Testing\StaffManagement\src\StaffManagement.Infrastructure
                       C:\Users\USER\OneDrive - Royal University of Phnom Penh\Desktop\Testing\StaffManagement\src\StaffManagement.Infrastructure\Data
                       C:\Users\USER\OneDrive - Royal University of Phnom Penh\Desktop\Testing\StaffManagement\src\StaffManagement.Infrastructure\Repositories
                   _ApplicationManifestFinal
                       bin\Debug\net8.0\Native.StaffManagement.Infrastructure.manifest
                           TargetPath = Native.StaffManagement.Infrastructure.manifest
                   _DebugSymbolsIntermediatePath
                       obj\Debug\net8.0\StaffManagement.Infrastructure.pdb
                   _DebugSymbolsOutputPath
                       bin\Debug\net8.0\StaffManagement.Infrastructure.pdb
                   _DeploymentManifestEntryPoint
                       obj\Debug\net8.0\StaffManagement.Infrastructure.dll
                           TargetPath = StaffManagement.Infrastructure.dll
                   _EolNetCoreTargetFrameworkVersions
                       1.0
                       1.1
                       2.0
                       2.1
                       2.2
                       3.0
                       3.1
                       5.0
                   _ExcludedKnownRuntimeIdentiferPlatforms
                       rhel.6
                       rhel.6
                       rhel.6
                       rhel.6
                       rhel.6
                       rhel.6
                       rhel.6
                       tizen.4.0.0
                       tizen.4.0.0
                       tizen.4.0.0
                       tizen.4.0.0
                       tizen.4.0.0
                       tizen.4.0.0
                       tizen.4.0.0
                       tizen.5.0.0
                       tizen.5.0.0
                       tizen.5.0.0
                       tizen.5.0.0
                       tizen.5.0.0
                       tizen.5.0.0
                       tizen.5.0.0
                   _KnownRuntimeIdentiferPlatforms
                       any
                       any
                       any
                       any
                       any
                       any
                       any
                       aot
                       aot
                       aot
                       aot
                       aot
                       aot
                       aot
                       freebsd
                       freebsd
                       freebsd
                       freebsd
                       freebsd
                       freebsd
                       freebsd
                       illumos
                       illumos
                       illumos
                       illumos
                       illumos
                       illumos
                       illumos
                       solaris
                       solaris
                       solaris
                       solaris
                       solaris
                       solaris
                       solaris
                       unix
                       unix
                       unix
                       unix
                       unix
                       unix
                       unix
                   _OutputPathItem
                       bin\Debug\net8.0\
                   _ResolveComReferenceCache
                       obj\Debug\net8.0\StaffManagement.Infrastructure.csproj.ResolveComReference.cache
                   _UnmanagedRegistrationCache
                       obj\StaffManagement.Infrastructure.csproj.UnmanagedRegistration.cache
                   AdditionalTargetFrameworkInfoProperty
                       _IsExecutable
                       _SelfContainedWasSpecified
                       IsRidAgnostic
                       SelfContained
                       ShouldBeValidatedAsExecutableReference
                   Analyzer
                       C:\Program Files\dotnet\sdk\8.0.403\Sdks\Microsoft.NET.Sdk\targets\..\analyzers\Microsoft.CodeAnalysis.CSharp.NetAnalyzers.dll
                           IsImplicitlyDefined = true
                       C:\Program Files\dotnet\sdk\8.0.403\Sdks\Microsoft.NET.Sdk\targets\..\analyzers\Microsoft.CodeAnalysis.NetAnalyzers.dll
                           IsImplicitlyDefined = true
                   AppConfigFileDestination
                       bin\Debug\net8.0\StaffManagement.Infrastructure.dll.config
                   ApplicationManifest
                       obj\Debug\net8.0\Native.StaffManagement.Infrastructure.manifest
                           TargetPath = Native.StaffManagement.Infrastructure.manifest
                   BuiltProjectOutputGroupKeyOutput
                       C:\Users\USER\OneDrive - Royal University of Phnom Penh\Desktop\Testing\StaffManagement\src\StaffManagement.Infrastructure\obj\Debug\net8.0\StaffManagement.Infrastructure.dll
                           IsKeyOutput = true
                           FinalOutputPath = C:\Users\USER\OneDrive - Royal University of Phnom Penh\Desktop\Testing\StaffManagement\src\StaffManagement.Infrastructure\bin\Debug\net8.0\StaffManagement.Infrastructure.dll
                           TargetPath = StaffManagement.Infrastructure.dll
                   ClsidMap
                       obj\Debug\net8.0\StaffManagement.Infrastructure.clsidmap
                   Compile
                       Data\StaffManagementContext.cs
                       DependencyInjection.cs
                       Repositories\StaffRepository.cs
                   CompilerVisibleProperty
                       _SupportedPlatformList
                       EnableComHosting
                       EnableGeneratedComInterfaceComImportInterop
                       EnforceExtendedAnalyzerRules
                       InvariantGlobalization
                       PlatformNeutralAssembly
                       ProjectDir
                       ProjectTypeGuids
                       RootNamespace
                       TargetFramework
                       TargetPlatformMinVersion
                       UsingMicrosoftNETSdkWeb
                   CopyUpToDateMarker
                       C:\Users\USER\OneDrive - Royal University of Phnom Penh\Desktop\Testing\StaffManagement\src\StaffManagement.Infrastructure\obj\Debug\net8.0\StaffMan.936D6FD6.Up2Date
                   CreateDirectory
                       C:\Users\USER\OneDrive - Royal University of Phnom Penh\Desktop\Testing\StaffManagement\src\StaffManagement.Infrastructure\obj\Debug\net8.0\refint\
                       obj\Debug\net8.0\ref
                   DebugSymbolsProjectOutputGroupOutput
                       C:\Users\USER\OneDrive - Royal University of Phnom Penh\Desktop\Testing\StaffManagement\src\StaffManagement.Infrastructure\obj\Debug\net8.0\StaffManagement.Infrastructure.pdb
                           FinalOutputPath = C:\Users\USER\OneDrive - Royal University of Phnom Penh\Desktop\Testing\StaffManagement\src\StaffManagement.Infrastructure\bin\Debug\net8.0\StaffManagement.Infrastructure.pdb
                           TargetPath = StaffManagement.Infrastructure.pdb
                   DeployManifest
                       obj\Debug\net8.0\StaffManagement.Infrastructure.application
                           TargetPath = StaffManagement.Infrastructure.application
                   EmbedInBinlog
                       C:\Users\USER\OneDrive - Royal University of Phnom Penh\Desktop\Testing\StaffManagement\src\StaffManagement.Infrastructure\obj\project.assets.json
                   FrameworkReference
                       Microsoft.NETCore.App
                           IsImplicitlyDefined = true
                           PrivateAssets = All
                           Pack = false
                   GenerateRuntimeConfigurationFilesInputs
                       C:\Users\USER\OneDrive - Royal University of Phnom Penh\Desktop\Testing\StaffManagement\src\StaffManagement.Infrastructure\obj\Debug\net8.0\StaffManagement.Infrastructure.assets.cache
                       C:\Users\USER\OneDrive - Royal University of Phnom Penh\Desktop\Testing\StaffManagement\src\StaffManagement.Infrastructure\obj\project.assets.json
                   GlobalAnalyzerConfigFiles
                       C:\.globalconfig
                       C:\Users\.globalconfig
                       C:\Users\USER\.globalconfig
                       C:\Users\USER\OneDrive - Royal University of Phnom Penh\.globalconfig
                       C:\Users\USER\OneDrive - Royal University of Phnom Penh\Desktop\.globalconfig
                       C:\Users\USER\OneDrive - Royal University of Phnom Penh\Desktop\Testing\.globalconfig
                       C:\Users\USER\OneDrive - Royal University of Phnom Penh\Desktop\Testing\StaffManagement\.globalconfig
                       C:\Users\USER\OneDrive - Royal University of Phnom Penh\Desktop\Testing\StaffManagement\src\.globalconfig
                       C:\Users\USER\OneDrive - Royal University of Phnom Penh\Desktop\Testing\StaffManagement\src\StaffManagement.Infrastructure\.globalconfig
                       C:\Users\USER\OneDrive - Royal University of Phnom Penh\Desktop\Testing\StaffManagement\src\StaffManagement.Infrastructure\Data\.globalconfig
                       C:\Users\USER\OneDrive - Royal University of Phnom Penh\Desktop\Testing\StaffManagement\src\StaffManagement.Infrastructure\Repositories\.globalconfig
                   ImplicitPackageReferenceVersion
                       Microsoft.AspNetCore.All
                           LatestVersion = 2.1.30
                           DefaultVersion = 2.1.1
                           TargetFrameworkVersion = 2.1
                       Microsoft.AspNetCore.All
                           LatestVersion = 2.2.8
                           DefaultVersion = 2.2.0
                           TargetFrameworkVersion = 2.2
                       Microsoft.AspNetCore.App
                           LatestVersion = 2.1.30
                           DefaultVersion = 2.1.1
                           TargetFrameworkVersion = 2.1
                       Microsoft.AspNetCore.App
                           LatestVersion = 2.2.8
                           DefaultVersion = 2.2.0
                           TargetFrameworkVersion = 2.2
                       Microsoft.NETCore.App
                           LatestVersion = 1.0.16
                           DefaultVersion = 1.0.5
                           TargetFrameworkVersion = 1.0
                       Microsoft.NETCore.App
                           LatestVersion = 1.1.13
                           DefaultVersion = 1.1.2
                           TargetFrameworkVersion = 1.1
                       Microsoft.NETCore.App
                           LatestVersion = 2.0.9
                           DefaultVersion = 2.0.0
                           TargetFrameworkVersion = 2.0
                       Microsoft.NETCore.App
                           LatestVersion = 2.1.30
                           DefaultVersion = 2.1.0
                           TargetFrameworkVersion = 2.1
                       Microsoft.NETCore.App
                           LatestVersion = 2.2.8
                           DefaultVersion = 2.2.0
                           TargetFrameworkVersion = 2.2
                   IntermediateAssembly
                       obj\Debug\net8.0\StaffManagement.Infrastructure.dll
                   IntermediateRefAssembly
                       obj\Debug\net8.0\refint\StaffManagement.Infrastructure.dll
                   KnownAppHostPack
                       Microsoft.NETCore.App
                           ExcludedRuntimeIdentifiers = android
                           AppHostRuntimeIdentifiers = linux-arm;linux-arm64;linux-musl-arm64;linux-musl-x64;linux-x64;osx-x64;rhel.6-x64;tizen.4.0.0-armel;tizen.5.0.0-armel;win-arm64;win-x64;win-x86;linux-musl-arm;osx-arm64;linux-s390x;linux-bionic-arm;linux-bionic-arm64;linux-bionic-x64;linux-bionic-x86;linux-ppc64le
                           TargetFramework = net8.0
                           AppHostPackNamePattern = Microsoft.NETCore.App.Host.**RID**
                           AppHostPackVersion = 8.0.10
                       Microsoft.NETCore.App
                           ExcludedRuntimeIdentifiers = android
                           AppHostRuntimeIdentifiers = linux-arm;linux-arm64;linux-musl-arm64;linux-musl-x64;linux-x64;osx-x64;rhel.6-x64;tizen.4.0.0-armel;tizen.5.0.0-armel;win-arm;win-arm64;win-x64;win-x86;linux-musl-arm;osx-arm64;linux-s390x;linux-bionic-arm;linux-bionic-arm64;linux-bionic-x64;linux-bionic-x86;linux-ppc64le
                           TargetFramework = net7.0
                           AppHostPackNamePattern = Microsoft.NETCore.App.Host.**RID**
                           AppHostPackVersion = 7.0.20
                       Microsoft.NETCore.App
                           ExcludedRuntimeIdentifiers = android
                           AppHostRuntimeIdentifiers = linux-arm;linux-arm64;linux-musl-arm64;linux-musl-x64;linux-x64;osx-x64;rhel.6-x64;tizen.4.0.0-armel;tizen.5.0.0-armel;win-arm;win-arm64;win-x64;win-x86;linux-musl-arm;osx-arm64;linux-s390x
                           TargetFramework = net6.0
                           AppHostPackNamePattern = Microsoft.NETCore.App.Host.**RID**
                           AppHostPackVersion = 6.0.35
                       Microsoft.NETCore.App
                           AppHostRuntimeIdentifiers = linux-arm;linux-arm64;linux-musl-arm64;linux-musl-x64;linux-x64;osx-x64;rhel.6-x64;tizen.4.0.0-armel;tizen.5.0.0-armel;win-arm;win-arm64;win-x64;win-x86;linux-musl-arm
                           TargetFramework = net5.0
                           AppHostPackNamePattern = Microsoft.NETCore.App.Host.**RID**
                           AppHostPackVersion = 5.0.17
                       Microsoft.NETCore.App
                           AppHostRuntimeIdentifiers = linux-arm;linux-arm64;linux-musl-arm64;linux-musl-x64;linux-x64;osx-x64;rhel.6-x64;tizen.4.0.0-armel;tizen.5.0.0-armel;win-arm;win-arm64;win-x64;win-x86
                           TargetFramework = netcoreapp3.1
                           AppHostPackNamePattern = Microsoft.NETCore.App.Host.**RID**
                           AppHostPackVersion = 3.1.32
                       Microsoft.NETCore.App
                           AppHostRuntimeIdentifiers = linux-arm;linux-arm64;linux-musl-arm64;linux-musl-x64;linux-x64;osx-x64;rhel.6-x64;tizen.4.0.0-armel;tizen.5.0.0-armel;win-arm;win-arm64;win-x64;win-x86
                           TargetFramework = netcoreapp3.0
                           AppHostPackNamePattern = Microsoft.NETCore.App.Host.**RID**
                           AppHostPackVersion = 3.0.3
                   KnownCrossgen2Pack
                       Microsoft.NETCore.App.Crossgen2
                           Crossgen2RuntimeIdentifiers = linux-musl-x64;linux-x64;win-x64;linux-arm;linux-arm64;linux-musl-arm;linux-musl-arm64;osx-arm64;osx-x64;win-arm64;win-x86
                           TargetFramework = net8.0
                           Crossgen2PackNamePattern = Microsoft.NETCore.App.Crossgen2.**RID**
                           Crossgen2PackVersion = 8.0.10
                       Microsoft.NETCore.App.Crossgen2
                           Crossgen2RuntimeIdentifiers = linux-musl-x64;linux-x64;win-x64;linux-arm;linux-arm64;linux-musl-arm;linux-musl-arm64;osx-arm64;osx-x64;win-arm;win-arm64;win-x86
                           TargetFramework = net7.0
                           Crossgen2PackNamePattern = Microsoft.NETCore.App.Crossgen2.**RID**
                           Crossgen2PackVersion = 7.0.20
                       Microsoft.NETCore.App.Crossgen2
                           Crossgen2RuntimeIdentifiers = linux-musl-x64;linux-x64;win-x64;linux-arm;linux-arm64;linux-musl-arm;linux-musl-arm64;osx-arm64;osx-x64;win-arm;win-arm64;win-x86
                           TargetFramework = net6.0
                           Crossgen2PackNamePattern = Microsoft.NETCore.App.Crossgen2.**RID**
                           Crossgen2PackVersion = 6.0.35
                       Microsoft.NETCore.App.Crossgen2
                           Crossgen2RuntimeIdentifiers = linux-musl-x64;linux-x64;win-x64
                           TargetFramework = net5.0
                           Crossgen2PackNamePattern = Microsoft.NETCore.App.Crossgen2.**RID**
                           Crossgen2PackVersion = 5.0.17
                   KnownFrameworkReference
                       Microsoft.AspNetCore.App
                           TargetFramework = netcoreapp3.0
                           DefaultRuntimeFrameworkVersion = 3.0.0
                           TargetingPackName = Microsoft.AspNetCore.App.Ref
                           LatestRuntimeFrameworkVersion = 3.0.3
                           RuntimePackRuntimeIdentifiers = win-x64;win-x86;win-arm;osx-x64;linux-musl-x64;linux-musl-arm64;linux-x64;linux-arm;linux-arm64
                           RuntimePackNamePatterns = Microsoft.AspNetCore.App.Runtime.**RID**
                           TargetingPackVersion = 3.0.1
                           RuntimeFrameworkName = Microsoft.AspNetCore.App
                       Microsoft.AspNetCore.App
                           TargetFramework = netcoreapp3.1
                           DefaultRuntimeFrameworkVersion = 3.1.0
                           TargetingPackName = Microsoft.AspNetCore.App.Ref
                           LatestRuntimeFrameworkVersion = 3.1.32
                           RuntimePackRuntimeIdentifiers = win-x64;win-x86;win-arm;osx-x64;linux-musl-x64;linux-musl-arm64;linux-x64;linux-arm;linux-arm64
                           RuntimePackNamePatterns = Microsoft.AspNetCore.App.Runtime.**RID**
                           TargetingPackVersion = 3.1.10
                           RuntimeFrameworkName = Microsoft.AspNetCore.App
                       Microsoft.AspNetCore.App
                           TargetFramework = net7.0
                           DefaultRuntimeFrameworkVersion = 7.0.0
                           TargetingPackName = Microsoft.AspNetCore.App.Ref
                           LatestRuntimeFrameworkVersion = 7.0.20
                           RuntimePackExcludedRuntimeIdentifiers = android
                           RuntimePackRuntimeIdentifiers = win-x64;win-x86;win-arm;osx-x64;linux-musl-x64;linux-musl-arm64;linux-x64;linux-arm;linux-arm64;linux-musl-arm;win-arm64;osx-arm64;linux-s390x;linux-ppc64le
                           RuntimePackNamePatterns = Microsoft.AspNetCore.App.Runtime.**RID**
                           TargetingPackVersion = 7.0.20
                           RuntimeFrameworkName = Microsoft.AspNetCore.App
                       Microsoft.AspNetCore.App
                           TargetFramework = net8.0
                           DefaultRuntimeFrameworkVersion = 8.0.0
                           TargetingPackName = Microsoft.AspNetCore.App.Ref
                           LatestRuntimeFrameworkVersion = 8.0.10
                           RuntimePackExcludedRuntimeIdentifiers = android;linux-bionic
                           RuntimePackRuntimeIdentifiers = win-x64;win-x86;win-arm;osx-x64;linux-musl-x64;linux-musl-arm64;linux-x64;linux-arm;linux-arm64;linux-musl-arm;win-arm64;osx-arm64;linux-s390x;linux-ppc64le
                           RuntimePackNamePatterns = Microsoft.AspNetCore.App.Runtime.**RID**
                           TargetingPackVersion = 8.0.10
                           RuntimeFrameworkName = Microsoft.AspNetCore.App
                       Microsoft.AspNetCore.App
                           TargetFramework = net5.0
                           DefaultRuntimeFrameworkVersion = 5.0.0
                           TargetingPackName = Microsoft.AspNetCore.App.Ref
                           LatestRuntimeFrameworkVersion = 5.0.17
                           RuntimePackRuntimeIdentifiers = win-x64;win-x86;win-arm;osx-x64;linux-musl-x64;linux-musl-arm64;linux-x64;linux-arm;linux-arm64;linux-musl-arm;win-arm64
                           RuntimePackNamePatterns = Microsoft.AspNetCore.App.Runtime.**RID**
                           TargetingPackVersion = 5.0.0
                           RuntimeFrameworkName = Microsoft.AspNetCore.App
                       Microsoft.AspNetCore.App
                           TargetFramework = net6.0
                           DefaultRuntimeFrameworkVersion = 6.0.0
                           TargetingPackName = Microsoft.AspNetCore.App.Ref
                           LatestRuntimeFrameworkVersion = 6.0.35
                           RuntimePackRuntimeIdentifiers = win-x64;win-x86;win-arm;osx-x64;linux-musl-x64;linux-musl-arm64;linux-x64;linux-arm;linux-arm64;linux-musl-arm;win-arm64;osx-arm64;linux-s390x
                           RuntimePackNamePatterns = Microsoft.AspNetCore.App.Runtime.**RID**
                           TargetingPackVersion = 6.0.35
                           RuntimeFrameworkName = Microsoft.AspNetCore.App
                       Microsoft.NETCore.App
                           TargetFramework = net8.0
                           DefaultRuntimeFrameworkVersion = 8.0.0
                           TargetingPackName = Microsoft.NETCore.App.Ref
                           LatestRuntimeFrameworkVersion = 8.0.10
                           RuntimePackRuntimeIdentifiers = linux-arm;linux-arm64;linux-musl-arm64;linux-musl-x64;linux-x64;osx-x64;rhel.6-x64;tizen.4.0.0-armel;tizen.5.0.0-armel;win-arm64;win-x64;win-x86;linux-musl-arm;osx-arm64;linux-s390x;linux-bionic-arm;linux-bionic-arm64;linux-bionic-x64;linux-bionic-x86;linux-ppc64le
                           RuntimePackNamePatterns = Microsoft.NETCore.App.Runtime.**RID**
                           TargetingPackVersion = 8.0.10
                           RuntimeFrameworkName = Microsoft.NETCore.App
                       Microsoft.NETCore.App
                           TargetFramework = net5.0
                           DefaultRuntimeFrameworkVersion = 5.0.0
                           TargetingPackName = Microsoft.NETCore.App.Ref
                           LatestRuntimeFrameworkVersion = 5.0.17
                           RuntimePackRuntimeIdentifiers = linux-arm;linux-arm64;linux-musl-arm64;linux-musl-x64;linux-x64;osx-x64;rhel.6-x64;tizen.4.0.0-armel;tizen.5.0.0-armel;win-arm;win-arm64;win-x64;win-x86;linux-musl-arm;browser-wasm
                           RuntimePackNamePatterns = Microsoft.NETCore.App.Runtime.**RID**
                           TargetingPackVersion = 5.0.0
                           IsTrimmable = true
                           RuntimeFrameworkName = Microsoft.NETCore.App
                       Microsoft.NETCore.App
                           TargetFramework = net7.0
                           DefaultRuntimeFrameworkVersion = 7.0.0
                           TargetingPackName = Microsoft.NETCore.App.Ref
                           LatestRuntimeFrameworkVersion = 7.0.20
                           RuntimePackRuntimeIdentifiers = linux-arm;linux-arm64;linux-musl-arm64;linux-musl-x64;linux-x64;osx-x64;rhel.6-x64;tizen.4.0.0-armel;tizen.5.0.0-armel;win-arm;win-arm64;win-x64;win-x86;linux-musl-arm;osx-arm64;linux-s390x;linux-bionic-arm;linux-bionic-arm64;linux-bionic-x64;linux-bionic-x86;linux-ppc64le
                           RuntimePackNamePatterns = Microsoft.NETCore.App.Runtime.**RID**
                           TargetingPackVersion = 7.0.20
                           RuntimeFrameworkName = Microsoft.NETCore.App
                       Microsoft.NETCore.App
                           TargetFramework = netcoreapp3.1
                           DefaultRuntimeFrameworkVersion = 3.1.0
                           TargetingPackName = Microsoft.NETCore.App.Ref
                           LatestRuntimeFrameworkVersion = 3.1.32
                           RuntimePackRuntimeIdentifiers = linux-arm;linux-arm64;linux-musl-arm64;linux-musl-x64;linux-x64;osx-x64;rhel.6-x64;tizen.4.0.0-armel;tizen.5.0.0-armel;win-arm;win-arm64;win-x64;win-x86
                           RuntimePackNamePatterns = Microsoft.NETCore.App.Runtime.**RID**
                           TargetingPackVersion = 3.1.0
                           IsTrimmable = true
                           RuntimeFrameworkName = Microsoft.NETCore.App
                       Microsoft.NETCore.App
                           TargetFramework = netcoreapp3.0
                           DefaultRuntimeFrameworkVersion = 3.0.0
                           TargetingPackName = Microsoft.NETCore.App.Ref
                           LatestRuntimeFrameworkVersion = 3.0.3
                           RuntimePackRuntimeIdentifiers = linux-arm;linux-arm64;linux-musl-arm64;linux-musl-x64;linux-x64;osx-x64;rhel.6-x64;tizen.4.0.0-armel;tizen.5.0.0-armel;win-arm;win-arm64;win-x64;win-x86
                           RuntimePackNamePatterns = Microsoft.NETCore.App.Runtime.**RID**
                           TargetingPackVersion = 3.0.0
                           IsTrimmable = true
                           RuntimeFrameworkName = Microsoft.NETCore.App
                       Microsoft.NETCore.App
                           TargetFramework = net6.0
                           DefaultRuntimeFrameworkVersion = 6.0.0
                           TargetingPackName = Microsoft.NETCore.App.Ref
                           LatestRuntimeFrameworkVersion = 6.0.35
                           RuntimePackRuntimeIdentifiers = linux-arm;linux-arm64;linux-musl-arm64;linux-musl-x64;linux-x64;osx-x64;rhel.6-x64;tizen.4.0.0-armel;tizen.5.0.0-armel;win-arm;win-arm64;win-x64;win-x86;linux-musl-arm;osx-arm64;linux-s390x
                           RuntimePackNamePatterns = Microsoft.NETCore.App.Runtime.**RID**
                           TargetingPackVersion = 6.0.35
                           RuntimeFrameworkName = Microsoft.NETCore.App
                       Microsoft.Windows.SDK.NET.Ref
                           RuntimePackAlwaysCopyLocal = true
                           TargetFramework = net5.0-windows10.0.18362.0
                           DefaultRuntimeFrameworkVersion = 10.0.18362.44
                           TargetingPackName = Microsoft.Windows.SDK.NET.Ref
                           IsWindowsOnly = true
                           LatestRuntimeFrameworkVersion = 10.0.18362.44
                           RuntimePackRuntimeIdentifiers = any
                           RuntimePackNamePatterns = Microsoft.Windows.SDK.NET.Ref
                           TargetingPackVersion = 10.0.18362.44
                           RuntimeFrameworkName = Microsoft.Windows.SDK.NET.Ref
                       Microsoft.Windows.SDK.NET.Ref
                           RuntimePackAlwaysCopyLocal = true
                           TargetFramework = net5.0-windows10.0.19041.0
                           DefaultRuntimeFrameworkVersion = 10.0.19041.44
                           TargetingPackName = Microsoft.Windows.SDK.NET.Ref
                           IsWindowsOnly = true
                           LatestRuntimeFrameworkVersion = 10.0.19041.44
                           RuntimePackRuntimeIdentifiers = any
                           RuntimePackNamePatterns = Microsoft.Windows.SDK.NET.Ref
                           TargetingPackVersion = 10.0.19041.44
                           RuntimeFrameworkName = Microsoft.Windows.SDK.NET.Ref
                       Microsoft.Windows.SDK.NET.Ref
                           RuntimePackAlwaysCopyLocal = true
                           TargetFramework = net6.0-windows10.0.19041.0
                           DefaultRuntimeFrameworkVersion = 10.0.19041.44
                           TargetingPackName = Microsoft.Windows.SDK.NET.Ref
                           IsWindowsOnly = true
                           LatestRuntimeFrameworkVersion = 10.0.19041.44
                           RuntimePackRuntimeIdentifiers = any
                           RuntimePackNamePatterns = Microsoft.Windows.SDK.NET.Ref
                           TargetingPackVersion = 10.0.19041.44
                           RuntimeFrameworkName = Microsoft.Windows.SDK.NET.Ref
                       Microsoft.Windows.SDK.NET.Ref
                           RuntimePackAlwaysCopyLocal = true
                           TargetFramework = net6.0-windows10.0.18362.0
                           DefaultRuntimeFrameworkVersion = 10.0.18362.44
                           TargetingPackName = Microsoft.Windows.SDK.NET.Ref
                           IsWindowsOnly = true
                           LatestRuntimeFrameworkVersion = 10.0.18362.44
                           RuntimePackRuntimeIdentifiers = any
                           RuntimePackNamePatterns = Microsoft.Windows.SDK.NET.Ref
                           TargetingPackVersion = 10.0.18362.44
                           RuntimeFrameworkName = Microsoft.Windows.SDK.NET.Ref
                       Microsoft.Windows.SDK.NET.Ref
                           RuntimePackAlwaysCopyLocal = true
                           TargetFramework = net5.0-windows10.0.17763.0
                           DefaultRuntimeFrameworkVersion = 10.0.17763.44
                           TargetingPackName = Microsoft.Windows.SDK.NET.Ref
                           IsWindowsOnly = true
                           LatestRuntimeFrameworkVersion = 10.0.17763.44
                           RuntimePackRuntimeIdentifiers = any
                           RuntimePackNamePatterns = Microsoft.Windows.SDK.NET.Ref
                           TargetingPackVersion = 10.0.17763.44
                           RuntimeFrameworkName = Microsoft.Windows.SDK.NET.Ref
                       Microsoft.Windows.SDK.NET.Ref
                           RuntimePackAlwaysCopyLocal = true
                           TargetFramework = net6.0-windows10.0.17763.0
                           DefaultRuntimeFrameworkVersion = 10.0.17763.44
                           TargetingPackName = Microsoft.Windows.SDK.NET.Ref
                           IsWindowsOnly = true
                           LatestRuntimeFrameworkVersion = 10.0.17763.44
                           RuntimePackRuntimeIdentifiers = any
                           RuntimePackNamePatterns = Microsoft.Windows.SDK.NET.Ref
                           TargetingPackVersion = 10.0.17763.44
                           RuntimeFrameworkName = Microsoft.Windows.SDK.NET.Ref
                       Microsoft.Windows.SDK.NET.Ref
                           RuntimePackAlwaysCopyLocal = true
                           TargetFramework = net8.0-windows10.0.18362.0
                           DefaultRuntimeFrameworkVersion = 10.0.18362.44
                           TargetingPackName = Microsoft.Windows.SDK.NET.Ref
                           IsWindowsOnly = true
                           LatestRuntimeFrameworkVersion = 10.0.18362.44
                           RuntimePackRuntimeIdentifiers = any
                           RuntimePackNamePatterns = Microsoft.Windows.SDK.NET.Ref
                           TargetingPackVersion = 10.0.18362.44
                           RuntimeFrameworkName = Microsoft.Windows.SDK.NET.Ref
                       Microsoft.Windows.SDK.NET.Ref
                           RuntimePackAlwaysCopyLocal = true
                           TargetFramework = net7.0-windows10.0.19041.0
                           DefaultRuntimeFrameworkVersion = 10.0.19041.44
                           TargetingPackName = Microsoft.Windows.SDK.NET.Ref
                           IsWindowsOnly = true
                           LatestRuntimeFrameworkVersion = 10.0.19041.44
                           RuntimePackRuntimeIdentifiers = any
                           RuntimePackNamePatterns = Microsoft.Windows.SDK.NET.Ref
                           TargetingPackVersion = 10.0.19041.44
                           RuntimeFrameworkName = Microsoft.Windows.SDK.NET.Ref
                       Microsoft.Windows.SDK.NET.Ref
                           RuntimePackAlwaysCopyLocal = true
                           TargetFramework = net7.0-windows10.0.18362.0
                           DefaultRuntimeFrameworkVersion = 10.0.18362.44
                           TargetingPackName = Microsoft.Windows.SDK.NET.Ref
                           IsWindowsOnly = true
                           LatestRuntimeFrameworkVersion = 10.0.18362.44
                           RuntimePackRuntimeIdentifiers = any
                           RuntimePackNamePatterns = Microsoft.Windows.SDK.NET.Ref
                           TargetingPackVersion = 10.0.18362.44
                           RuntimeFrameworkName = Microsoft.Windows.SDK.NET.Ref
                       Microsoft.Windows.SDK.NET.Ref
                           RuntimePackAlwaysCopyLocal = true
                           TargetFramework = net7.0-windows10.0.17763.0
                           DefaultRuntimeFrameworkVersion = 10.0.17763.44
                           TargetingPackName = Microsoft.Windows.SDK.NET.Ref
                           IsWindowsOnly = true
                           LatestRuntimeFrameworkVersion = 10.0.17763.44
                           RuntimePackRuntimeIdentifiers = any
                           RuntimePackNamePatterns = Microsoft.Windows.SDK.NET.Ref
                           TargetingPackVersion = 10.0.17763.44
                           RuntimeFrameworkName = Microsoft.Windows.SDK.NET.Ref
                       Microsoft.Windows.SDK.NET.Ref
                           RuntimePackAlwaysCopyLocal = true
                           TargetFramework = net8.0-windows10.0.17763.0
                           DefaultRuntimeFrameworkVersion = 10.0.17763.44
                           TargetingPackName = Microsoft.Windows.SDK.NET.Ref
                           IsWindowsOnly = true
                           LatestRuntimeFrameworkVersion = 10.0.17763.44
                           RuntimePackRuntimeIdentifiers = any
                           RuntimePackNamePatterns = Microsoft.Windows.SDK.NET.Ref
                           TargetingPackVersion = 10.0.17763.44
                           RuntimeFrameworkName = Microsoft.Windows.SDK.NET.Ref
                       Microsoft.Windows.SDK.NET.Ref
                           RuntimePackAlwaysCopyLocal = true
                           TargetFramework = net8.0-windows10.0.19041.0
                           DefaultRuntimeFrameworkVersion = 10.0.19041.44
                           TargetingPackName = Microsoft.Windows.SDK.NET.Ref
                           IsWindowsOnly = true
                           LatestRuntimeFrameworkVersion = 10.0.19041.44
                           RuntimePackRuntimeIdentifiers = any
                           RuntimePackNamePatterns = Microsoft.Windows.SDK.NET.Ref
                           TargetingPackVersion = 10.0.19041.44
                           RuntimeFrameworkName = Microsoft.Windows.SDK.NET.Ref
                       Microsoft.WindowsDesktop.App
                           TargetFramework = netcoreapp3.0
                           DefaultRuntimeFrameworkVersion = 3.0.0
                           TargetingPackName = Microsoft.WindowsDesktop.App.Ref
                           IsWindowsOnly = true
                           LatestRuntimeFrameworkVersion = 3.0.3
                           RuntimePackRuntimeIdentifiers = win-x64;win-x86
                           RuntimePackNamePatterns = Microsoft.WindowsDesktop.App.Runtime.**RID**
                           TargetingPackVersion = 3.0.0
                           RuntimeFrameworkName = Microsoft.WindowsDesktop.App
                       Microsoft.WindowsDesktop.App
                           TargetFramework = netcoreapp3.1
                           DefaultRuntimeFrameworkVersion = 3.1.0
                           TargetingPackName = Microsoft.WindowsDesktop.App.Ref
                           IsWindowsOnly = true
                           LatestRuntimeFrameworkVersion = 3.1.32
                           RuntimePackRuntimeIdentifiers = win-x64;win-x86
                           RuntimePackNamePatterns = Microsoft.WindowsDesktop.App.Runtime.**RID**
                           TargetingPackVersion = 3.1.0
                           RuntimeFrameworkName = Microsoft.WindowsDesktop.App
                       Microsoft.WindowsDesktop.App
                           TargetFramework = net6.0
                           DefaultRuntimeFrameworkVersion = 6.0.0
                           TargetingPackName = Microsoft.WindowsDesktop.App.Ref
                           IsWindowsOnly = true
                           LatestRuntimeFrameworkVersion = 6.0.35
                           RuntimePackRuntimeIdentifiers = win-x64;win-x86;win-arm64
                           RuntimePackNamePatterns = Microsoft.WindowsDesktop.App.Runtime.**RID**
                           TargetingPackVersion = 6.0.35
                           RuntimeFrameworkName = Microsoft.WindowsDesktop.App
                       Microsoft.WindowsDesktop.App
                           TargetFramework = net7.0
                           DefaultRuntimeFrameworkVersion = 7.0.0
                           TargetingPackName = Microsoft.WindowsDesktop.App.Ref
                           IsWindowsOnly = true
                           LatestRuntimeFrameworkVersion = 7.0.20
                           RuntimePackRuntimeIdentifiers = win-x64;win-x86;win-arm64
                           RuntimePackNamePatterns = Microsoft.WindowsDesktop.App.Runtime.**RID**
                           TargetingPackVersion = 7.0.20
                           RuntimeFrameworkName = Microsoft.WindowsDesktop.App
                       Microsoft.WindowsDesktop.App
                           TargetFramework = net8.0
                           DefaultRuntimeFrameworkVersion = 8.0.0
                           TargetingPackName = Microsoft.WindowsDesktop.App.Ref
                           IsWindowsOnly = true
                           LatestRuntimeFrameworkVersion = 8.0.10
                           RuntimePackRuntimeIdentifiers = win-x64;win-x86;win-arm64
                           RuntimePackNamePatterns = Microsoft.WindowsDesktop.App.Runtime.**RID**
                           TargetingPackVersion = 8.0.10
                           RuntimeFrameworkName = Microsoft.WindowsDesktop.App
                       Microsoft.WindowsDesktop.App
                           TargetFramework = net5.0
                           DefaultRuntimeFrameworkVersion = 5.0.0
                           TargetingPackName = Microsoft.WindowsDesktop.App.Ref
                           IsWindowsOnly = true
                           LatestRuntimeFrameworkVersion = 5.0.17
                           RuntimePackRuntimeIdentifiers = win-x64;win-x86;win-arm64
                           RuntimePackNamePatterns = Microsoft.WindowsDesktop.App.Runtime.**RID**
                           TargetingPackVersion = 5.0.0
                           RuntimeFrameworkName = Microsoft.WindowsDesktop.App
                       Microsoft.WindowsDesktop.App.WindowsForms
                           TargetFramework = netcoreapp3.0
                           DefaultRuntimeFrameworkVersion = 3.0.0
                           TargetingPackName = Microsoft.WindowsDesktop.App.Ref
                           IsWindowsOnly = true
                           LatestRuntimeFrameworkVersion = 3.0.3
                           RuntimePackRuntimeIdentifiers = win-x64;win-x86
                           RuntimePackNamePatterns = Microsoft.WindowsDesktop.App.Runtime.**RID**
                           TargetingPackVersion = 3.0.0
                           Profile = WindowsForms
                           RuntimeFrameworkName = Microsoft.WindowsDesktop.App
                       Microsoft.WindowsDesktop.App.WindowsForms
                           TargetFramework = net8.0
                           DefaultRuntimeFrameworkVersion = 8.0.0
                           TargetingPackName = Microsoft.WindowsDesktop.App.Ref
                           IsWindowsOnly = true
                           LatestRuntimeFrameworkVersion = 8.0.10
                           RuntimePackRuntimeIdentifiers = win-x64;win-x86;win-arm64
                           RuntimePackNamePatterns = Microsoft.WindowsDesktop.App.Runtime.**RID**
                           TargetingPackVersion = 8.0.10
                           Profile = WindowsForms
                           RuntimeFrameworkName = Microsoft.WindowsDesktop.App
                       Microsoft.WindowsDesktop.App.WindowsForms
                           TargetFramework = net7.0
                           DefaultRuntimeFrameworkVersion = 7.0.0
                           TargetingPackName = Microsoft.WindowsDesktop.App.Ref
                           IsWindowsOnly = true
                           LatestRuntimeFrameworkVersion = 7.0.20
                           RuntimePackRuntimeIdentifiers = win-x64;win-x86;win-arm64
                           RuntimePackNamePatterns = Microsoft.WindowsDesktop.App.Runtime.**RID**
                           TargetingPackVersion = 7.0.20
                           Profile = WindowsForms
                           RuntimeFrameworkName = Microsoft.WindowsDesktop.App
                       Microsoft.WindowsDesktop.App.WindowsForms
                           TargetFramework = net6.0
                           DefaultRuntimeFrameworkVersion = 6.0.0
                           TargetingPackName = Microsoft.WindowsDesktop.App.Ref
                           IsWindowsOnly = true
                           LatestRuntimeFrameworkVersion = 6.0.35
                           RuntimePackRuntimeIdentifiers = win-x64;win-x86;win-arm64
                           RuntimePackNamePatterns = Microsoft.WindowsDesktop.App.Runtime.**RID**
                           TargetingPackVersion = 6.0.35
                           Profile = WindowsForms
                           RuntimeFrameworkName = Microsoft.WindowsDesktop.App
                       Microsoft.WindowsDesktop.App.WindowsForms
                           TargetFramework = netcoreapp3.1
                           DefaultRuntimeFrameworkVersion = 3.1.0
                           TargetingPackName = Microsoft.WindowsDesktop.App.Ref
                           IsWindowsOnly = true
                           LatestRuntimeFrameworkVersion = 3.1.32
                           RuntimePackRuntimeIdentifiers = win-x64;win-x86
                           RuntimePackNamePatterns = Microsoft.WindowsDesktop.App.Runtime.**RID**
                           TargetingPackVersion = 3.1.0
                           Profile = WindowsForms
                           RuntimeFrameworkName = Microsoft.WindowsDesktop.App
                       Microsoft.WindowsDesktop.App.WindowsForms
                           TargetFramework = net5.0
                           DefaultRuntimeFrameworkVersion = 5.0.0
                           TargetingPackName = Microsoft.WindowsDesktop.App.Ref
                           IsWindowsOnly = true
                           LatestRuntimeFrameworkVersion = 5.0.17
                           RuntimePackRuntimeIdentifiers = win-x64;win-x86;win-arm64
                           RuntimePackNamePatterns = Microsoft.WindowsDesktop.App.Runtime.**RID**
                           TargetingPackVersion = 5.0.0
                           Profile = WindowsForms
                           RuntimeFrameworkName = Microsoft.WindowsDesktop.App
                       Microsoft.WindowsDesktop.App.WPF
                           TargetFramework = netcoreapp3.0
                           DefaultRuntimeFrameworkVersion = 3.0.0
                           TargetingPackName = Microsoft.WindowsDesktop.App.Ref
                           IsWindowsOnly = true
                           LatestRuntimeFrameworkVersion = 3.0.3
                           RuntimePackRuntimeIdentifiers = win-x64;win-x86
                           RuntimePackNamePatterns = Microsoft.WindowsDesktop.App.Runtime.**RID**
                           TargetingPackVersion = 3.0.0
                           Profile = WPF
                           RuntimeFrameworkName = Microsoft.WindowsDesktop.App
                       Microsoft.WindowsDesktop.App.WPF
                           TargetFramework = net6.0
                           DefaultRuntimeFrameworkVersion = 6.0.0
                           TargetingPackName = Microsoft.WindowsDesktop.App.Ref
                           IsWindowsOnly = true
                           LatestRuntimeFrameworkVersion = 6.0.35
                           RuntimePackRuntimeIdentifiers = win-x64;win-x86;win-arm64
                           RuntimePackNamePatterns = Microsoft.WindowsDesktop.App.Runtime.**RID**
                           TargetingPackVersion = 6.0.35
                           Profile = WPF
                           RuntimeFrameworkName = Microsoft.WindowsDesktop.App
                       Microsoft.WindowsDesktop.App.WPF
                           TargetFramework = netcoreapp3.1
                           DefaultRuntimeFrameworkVersion = 3.1.0
                           TargetingPackName = Microsoft.WindowsDesktop.App.Ref
                           IsWindowsOnly = true
                           LatestRuntimeFrameworkVersion = 3.1.32
                           RuntimePackRuntimeIdentifiers = win-x64;win-x86
                           RuntimePackNamePatterns = Microsoft.WindowsDesktop.App.Runtime.**RID**
                           TargetingPackVersion = 3.1.0
                           Profile = WPF
                           RuntimeFrameworkName = Microsoft.WindowsDesktop.App
                       Microsoft.WindowsDesktop.App.WPF
                           TargetFramework = net5.0
                           DefaultRuntimeFrameworkVersion = 5.0.0
                           TargetingPackName = Microsoft.WindowsDesktop.App.Ref
                           IsWindowsOnly = true
                           LatestRuntimeFrameworkVersion = 5.0.17
                           RuntimePackRuntimeIdentifiers = win-x64;win-x86;win-arm64
                           RuntimePackNamePatterns = Microsoft.WindowsDesktop.App.Runtime.**RID**
                           TargetingPackVersion = 5.0.0
                           Profile = WPF
                           RuntimeFrameworkName = Microsoft.WindowsDesktop.App
                       Microsoft.WindowsDesktop.App.WPF
                           TargetFramework = net7.0
                           DefaultRuntimeFrameworkVersion = 7.0.0
                           TargetingPackName = Microsoft.WindowsDesktop.App.Ref
                           IsWindowsOnly = true
                           LatestRuntimeFrameworkVersion = 7.0.20
                           RuntimePackRuntimeIdentifiers = win-x64;win-x86;win-arm64
                           RuntimePackNamePatterns = Microsoft.WindowsDesktop.App.Runtime.**RID**
                           TargetingPackVersion = 7.0.20
                           Profile = WPF
                           RuntimeFrameworkName = Microsoft.WindowsDesktop.App
                       Microsoft.WindowsDesktop.App.WPF
                           TargetFramework = net8.0
                           DefaultRuntimeFrameworkVersion = 8.0.0
                           TargetingPackName = Microsoft.WindowsDesktop.App.Ref
                           IsWindowsOnly = true
                           LatestRuntimeFrameworkVersion = 8.0.10
                           RuntimePackRuntimeIdentifiers = win-x64;win-x86;win-arm64
                           RuntimePackNamePatterns = Microsoft.WindowsDesktop.App.Runtime.**RID**
                           TargetingPackVersion = 8.0.10
                           Profile = WPF
                           RuntimeFrameworkName = Microsoft.WindowsDesktop.App
                       NETStandard.Library
                           TargetFramework = netstandard2.1
                           TargetingPackName = NETStandard.Library.Ref
                           TargetingPackVersion = 2.1.0
                   KnownILCompilerPack
                       Microsoft.DotNet.ILCompiler
                           ILCompilerPackNamePattern = runtime.**RID**.Microsoft.DotNet.ILCompiler
                           TargetFramework = net8.0
                           ILCompilerPackVersion = 8.0.10
                           ILCompilerRuntimeIdentifiers = linux-arm64;linux-musl-arm64;linux-musl-x64;linux-x64;win-arm64;win-x64;osx-x64;osx-arm64
                       Microsoft.DotNet.ILCompiler
                           ILCompilerPackNamePattern = runtime.**RID**.Microsoft.DotNet.ILCompiler
                           TargetFramework = net7.0
                           ILCompilerPackVersion = 7.0.20
                           ILCompilerRuntimeIdentifiers = linux-arm64;linux-musl-arm64;linux-musl-x64;linux-x64;win-arm64;win-x64
                   KnownILLinkPack
                       Microsoft.NET.ILLink.Tasks
                           TargetFramework = net8.0
                           ILLinkPackVersion = 8.0.10
                       Microsoft.NET.ILLink.Tasks
                           TargetFramework = net7.0
                           ILLinkPackVersion = 7.0.100-1.23401.1
                       Microsoft.NET.ILLink.Tasks
                           TargetFramework = net6.0
                           ILLinkPackVersion = 7.0.100-1.23401.1
                       Microsoft.NET.ILLink.Tasks
                           TargetFramework = net5.0
                           ILLinkPackVersion = 7.0.100-1.23401.1
                       Microsoft.NET.ILLink.Tasks
                           TargetFramework = netcoreapp3.1
                           ILLinkPackVersion = 7.0.100-1.23401.1
                       Microsoft.NET.ILLink.Tasks
                           TargetFramework = netcoreapp3.0
                           ILLinkPackVersion = 7.0.100-1.23401.1
                   KnownRuntimePack
                       Microsoft.NETCore.App
                           TargetFramework = net8.0
                           LatestRuntimeFrameworkVersion = 8.0.10
                           RuntimePackRuntimeIdentifiers = ios-arm64;iossimulator-arm64;iossimulator-x64;tvos-arm64;tvossimulator-arm64;tvossimulator-x64;maccatalyst-arm64;maccatalyst-x64;linux-bionic-arm64;linux-bionic-x64;osx-arm64;osx-x64
                           RuntimePackNamePatterns = Microsoft.NETCore.App.Runtime.NativeAOT.**RID**
                           RuntimePackLabels = NativeAOT
                           RuntimeFrameworkName = Microsoft.NETCore.App
                       Microsoft.NETCore.App
                           TargetFramework = net8.0
                           LatestRuntimeFrameworkVersion = 8.0.10
                           RuntimePackRuntimeIdentifiers = linux-arm;linux-arm64;linux-musl-arm64;linux-musl-x64;linux-x64;osx-x64;rhel.6-x64;win-arm64;win-x64;win-x86;linux-musl-arm;osx-arm64;linux-s390x;browser-wasm;ios-arm64;ios-arm;iossimulator-arm64;iossimulator-x64;iossimulator-x86;tvos-arm64;tvossimulator-arm64;tvossimulator-x64;maccatalyst-x64;maccatalyst-arm64;android-arm64;android-arm;android-x64;android-x86
                           RuntimePackNamePatterns = Microsoft.NETCore.App.Runtime.Mono.**RID**
                           RuntimePackLabels = Mono
                           RuntimeFrameworkName = Microsoft.NETCore.App
                       Microsoft.NETCore.App
                           TargetFramework = net7.0
                           LatestRuntimeFrameworkVersion = 7.0.20
                           RuntimePackRuntimeIdentifiers = linux-arm;linux-arm64;linux-musl-arm64;linux-musl-x64;linux-x64;osx-x64;rhel.6-x64;win-arm;win-arm64;win-x64;win-x86;linux-musl-arm;osx-arm64;linux-s390x;browser-wasm;ios-arm64;ios-arm;iossimulator-arm64;iossimulator-x64;iossimulator-x86;tvos-arm64;tvossimulator-arm64;tvossimulator-x64;maccatalyst-x64;maccatalyst-arm64;android-arm64;android-arm;android-x64;android-x86
                           RuntimePackNamePatterns = Microsoft.NETCore.App.Runtime.Mono.**RID**
                           RuntimePackLabels = Mono
                           RuntimeFrameworkName = Microsoft.NETCore.App
                       Microsoft.NETCore.App
                           TargetFramework = net6.0
                           LatestRuntimeFrameworkVersion = 6.0.35
                           RuntimePackRuntimeIdentifiers = linux-arm;linux-arm64;linux-musl-arm64;linux-musl-x64;linux-x64;osx-x64;rhel.6-x64;win-arm;win-arm64;win-x64;win-x86;linux-musl-arm;osx-arm64;linux-s390x;browser-wasm;ios-arm64;ios-arm;iossimulator-arm64;iossimulator-x64;iossimulator-x86;tvos-arm64;tvossimulator-arm64;tvossimulator-x64;maccatalyst-x64;maccatalyst-arm64;android-arm64;android-arm;android-x64;android-x86
                           RuntimePackNamePatterns = Microsoft.NETCore.App.Runtime.Mono.**RID**
                           RuntimePackLabels = Mono
                           RuntimeFrameworkName = Microsoft.NETCore.App
                   KnownWebAssemblySdkPack
                       Microsoft.NET.Sdk.WebAssembly.Pack
                           TargetFramework = net8.0
                           WebAssemblySdkPackVersion = 8.0.10
                       Microsoft.NET.Sdk.WebAssembly.Pack
                           TargetFramework = net7.0
                           WebAssemblySdkPackVersion = 8.0.10
                       Microsoft.NET.Sdk.WebAssembly.Pack
                           TargetFramework = net6.0
                           WebAssemblySdkPackVersion = 8.0.10
                   None
                       efpt.config.json
                   PackageConflictOverrides
                       NETStandard.Library
                           OverriddenPackages = 
                           Microsoft.Win32.Primitives|4.3.0;
                           System.AppContext|4.3.0;
                           System.Collections|4.3.0;
                           System.Collections.Concurrent|4.3.0;
                           System.Collections.Immutable|1.4.0;
                           System.Collections.NonGeneric|4.3.0;
                           System.Collections.Specialized|4.3.0;
                           System.ComponentModel|4.3.0;
                           System.ComponentModel.EventBasedAsync|4.3.0;
                           System.ComponentModel.Primitives|4.3.0;
                           System.ComponentModel.TypeConverter|4.3.0;
                           System.Console|4.3.0;
                           System.Data.Common|4.3.0;
                           System.Diagnostics.Contracts|4.3.0;
                           System.Diagnostics.Debug|4.3.0;
                           System.Diagnostics.FileVersionInfo|4.3.0;
                           System.Diagnostics.Process|4.3.0;
                           System.Diagnostics.StackTrace|4.3.0;
                           System.Diagnostics.TextWriterTraceListener|4.3.0;
                           System.Diagnostics.Tools|4.3.0;
                           System.Diagnostics.TraceSource|4.3.0;
                           System.Diagnostics.Tracing|4.3.0;
                           System.Dynamic.Runtime|4.3.0;
                           System.Globalization|4.3.0;
                           System.Globalization.Calendars|4.3.0;
                           System.Globalization.Extensions|4.3.0;
                           System.IO|4.3.0;
                           System.IO.Compression|4.3.0;
                           System.IO.Compression.ZipFile|4.3.0;
                           System.IO.FileSystem|4.3.0;
                           System.IO.FileSystem.DriveInfo|4.3.0;
                           System.IO.FileSystem.Primitives|4.3.0;
                           System.IO.FileSystem.Watcher|4.3.0;
                           System.IO.IsolatedStorage|4.3.0;
                           System.IO.MemoryMappedFiles|4.3.0;
                           System.IO.Pipes|4.3.0;
                           System.IO.UnmanagedMemoryStream|4.3.0;
                           System.Linq|4.3.0;
                           System.Linq.Expressions|4.3.0;
                           System.Linq.Queryable|4.3.0;
                           System.Net.Http|4.3.0;
                           System.Net.NameResolution|4.3.0;
                           System.Net.Primitives|4.3.0;
                           System.Net.Requests|4.3.0;
                           System.Net.Security|4.3.0;
                           System.Net.Sockets|4.3.0;
                           System.Net.WebHeaderCollection|4.3.0;
                           System.ObjectModel|4.3.0;
                           System.Private.DataContractSerialization|4.3.0;
                           System.Reflection|4.3.0;
                           System.Reflection.Emit|4.3.0;
                           System.Reflection.Emit.ILGeneration|4.3.0;
                           System.Reflection.Emit.Lightweight|4.3.0;
                           System.Reflection.Extensions|4.3.0;
                           System.Reflection.Primitives|4.3.0;
                           System.Reflection.TypeExtensions|4.3.0;
                           System.Resources.ResourceManager|4.3.0;
                           System.Runtime|4.3.0;
                           System.Runtime.Extensions|4.3.0;
                           System.Runtime.Handles|4.3.0;
                           System.Runtime.InteropServices|4.3.0;
                           System.Runtime.InteropServices.RuntimeInformation|4.3.0;
                           System.Runtime.Loader|4.3.0;
                           System.Runtime.Numerics|4.3.0;
                           System.Runtime.Serialization.Formatters|4.3.0;
                           System.Runtime.Serialization.Json|4.3.0;
                           System.Runtime.Serialization.Primitives|4.3.0;
                           System.Security.AccessControl|4.4.0;
                           System.Security.Claims|4.3.0;
                           System.Security.Cryptography.Algorithms|4.3.0;
                           System.Security.Cryptography.Csp|4.3.0;
                           System.Security.Cryptography.Encoding|4.3.0;
                           System.Security.Cryptography.Primitives|4.3.0;
                           System.Security.Cryptography.X509Certificates|4.3.0;
                           System.Security.Cryptography.Xml|4.4.0;
                           System.Security.Principal|4.3.0;
                           System.Security.Principal.Windows|4.4.0;
                           System.Text.Encoding|4.3.0;
                           System.Text.Encoding.Extensions|4.3.0;
                           System.Text.RegularExpressions|4.3.0;
                           System.Threading|4.3.0;
                           System.Threading.Overlapped|4.3.0;
                           System.Threading.Tasks|4.3.0;
                           System.Threading.Tasks.Extensions|4.3.0;
                           System.Threading.Tasks.Parallel|4.3.0;
                           System.Threading.Thread|4.3.0;
                           System.Threading.ThreadPool|4.3.0;
                           System.Threading.Timer|4.3.0;
                           System.ValueTuple|4.3.0;
                           System.Xml.ReaderWriter|4.3.0;
                           System.Xml.XDocument|4.3.0;
                           System.Xml.XmlDocument|4.3.0;
                           System.Xml.XmlSerializer|4.3.0;
                           System.Xml.XPath|4.3.0;
                           System.Xml.XPath.XDocument|4.3.0;
                         
                   PackageReference
                       Microsoft.EntityFrameworkCore
                           Version = 8.0.17
                       Microsoft.EntityFrameworkCore.SqlServer
                           Version = 8.0.10
                   PotentialEditorConfigFiles
                       C:\.editorconfig
                       C:\Users\.editorconfig
                       C:\Users\USER\.editorconfig
                       C:\Users\USER\OneDrive - Royal University of Phnom Penh\.editorconfig
                       C:\Users\USER\OneDrive - Royal University of Phnom Penh\Desktop\.editorconfig
                       C:\Users\USER\OneDrive - Royal University of Phnom Penh\Desktop\Testing\.editorconfig
                       C:\Users\USER\OneDrive - Royal University of Phnom Penh\Desktop\Testing\StaffManagement\.editorconfig
                       C:\Users\USER\OneDrive - Royal University of Phnom Penh\Desktop\Testing\StaffManagement\src\.editorconfig
                       C:\Users\USER\OneDrive - Royal University of Phnom Penh\Desktop\Testing\StaffManagement\src\StaffManagement.Infrastructure\.editorconfig
                       C:\Users\USER\OneDrive - Royal University of Phnom Penh\Desktop\Testing\StaffManagement\src\StaffManagement.Infrastructure\Data\.editorconfig
                       C:\Users\USER\OneDrive - Royal University of Phnom Penh\Desktop\Testing\StaffManagement\src\StaffManagement.Infrastructure\Repositories\.editorconfig
                   PreprocessorValue
                       assemblyname
                           Value = StaffManagement.Infrastructure
                       filename
                           Value = StaffManagement.Infrastructure.csproj
                       fullpath
                           Value = C:\Users\USER\OneDrive - Royal University of Phnom Penh\Desktop\Testing\StaffManagement\src\StaffManagement.Infrastructure
                       outputfilename
                           Value = StaffManagement.Infrastructure.dll
                       rootnamespace
                           Value = StaffManagement.Infrastructure
                   ProjectCapability
                       AllTargetOutputGroups
                       AssemblyReferences
                       COMReferences
                       CSharp
                       DeclaredSourceItems
                       GenerateDocumentationFile
                       LanguageService
                       Managed
                       NativeAOT
                       NetSdkOCIImageBuild
                       OutputGroups
                       Pack
                       ProjectReferences
                       ReferencesFolder
                       RelativePathDerivedDefaultNamespace
                       SharedProjectReferences
                       SingleFileGenerators
                       SupportsHotReload
                       UserSourceItems
                       VisualStudioWellKnownOutputGroups
                   ProjectReference
                       ..\StaffManagement.Application\StaffManagement.Application.csproj
                           ReferenceSourceTarget = ProjectReference
                           OutputItemType = 
                           Targets = 
                       ..\StaffManagement.Domain\StaffManagement.Domain.csproj
                           ReferenceSourceTarget = ProjectReference
                           OutputItemType = 
                           Targets = 
                   PropertyPageSchema
                       C:\Program Files\dotnet\sdk\8.0.403\\assemblyreference.xaml
                           Context = ;BrowseObject
                       C:\Program Files\dotnet\sdk\8.0.403\\COMReference.xaml
                           Context = ;BrowseObject
                       C:\Program Files\dotnet\sdk\8.0.403\\Content.xaml
                           Context = File;BrowseObject
                       C:\Program Files\dotnet\sdk\8.0.403\\CSharp.BrowseObject.xaml
                           Context = BrowseObject
                       C:\Program Files\dotnet\sdk\8.0.403\\CSharp.ProjectItemsSchema.xaml
                       C:\Program Files\dotnet\sdk\8.0.403\\CSharp.xaml
                           Context = File
                       C:\Program Files\dotnet\sdk\8.0.403\\Debugger_General.xaml
                           Context = Project
                       C:\Program Files\dotnet\sdk\8.0.403\\EmbeddedResource.xaml
                           Context = File;BrowseObject
                       C:\Program Files\dotnet\sdk\8.0.403\\Folder.xaml
                           Context = File;BrowseObject
                       C:\Program Files\dotnet\sdk\8.0.403\\General_File.xaml
                           Context = File
                       C:\Program Files\dotnet\sdk\8.0.403\\General.BrowseObject.xaml
                           Context = BrowseObject
                       C:\Program Files\dotnet\sdk\8.0.403\\General.xaml
                           Context = Project
                       C:\Program Files\dotnet\sdk\8.0.403\\None.xaml
                           Context = File;BrowseObject
                       C:\Program Files\dotnet\sdk\8.0.403\\ProjectItemsSchema.xaml
                       C:\Program Files\dotnet\sdk\8.0.403\\ProjectReference.xaml
                           Context = ;BrowseObject
                       C:\Program Files\dotnet\sdk\8.0.403\\ResolvedAssemblyReference.xaml
                           Context = ProjectSubscriptionService;BrowseObject
                       C:\Program Files\dotnet\sdk\8.0.403\\ResolvedCOMReference.xaml
                           Context = ProjectSubscriptionService;BrowseObject
                       C:\Program Files\dotnet\sdk\8.0.403\\ResolvedProjectReference.xaml
                           Context = ProjectSubscriptionService;BrowseObject
                       C:\Program Files\dotnet\sdk\8.0.403\\SCC.xaml
                           Context = Invisible
                       C:\Program Files\dotnet\sdk\8.0.403\\SpecialFolder.xaml
                           Context = File;ProjectSubscriptionService
                   RegFreeComManifest
                       obj\Debug\net8.0\StaffManagement.Infrastructure.X.manifest
                   RuntimeHostConfigurationOption
                       System.Reflection.NullabilityInfoContext.IsSupported
                           Value = true
                           Trim = true
                       System.Runtime.Serialization.EnableUnsafeBinaryFormatterSerialization
                           Value = false
                           Trim = true
                   SdkSupportedTargetPlatformIdentifier
                       android
                           DisplayName = Android
                       ios
                           DisplayName = iOS
                       maccatalyst
                           DisplayName = MacCatalyst
                       macos
                           DisplayName = macOS
                       tvos
                           DisplayName = tvOS
                       windows
                           DisplayName = Windows
                   SourceLinkAzureReposGitHost
                       dev.azure.com
                       visualstudio.com
                       vsts.me
                   SourceLinkBitbucketGitHost
                       bitbucket.org
                           EnterpriseEdition = false
                   SourceLinkGitHubHost
                       github.com
                           ContentUrl = https://raw.githubusercontent.com
                   SourceLinkGitLabHost
                       gitlab.com
                   SourceRoot
                       C:\Users\USER\.nuget\packages\
                   SupportedNETCoreAppTargetFramework
                       .NETCoreApp,Version=v1.0
                           DisplayName = .NET Core 1.0
                           Alias = netcoreapp1.0
                       .NETCoreApp,Version=v1.1
                           DisplayName = .NET Core 1.1
                           Alias = netcoreapp1.1
                       .NETCoreApp,Version=v2.0
                           DisplayName = .NET Core 2.0
                           Alias = netcoreapp2.0
                       .NETCoreApp,Version=v2.1
                           DisplayName = .NET Core 2.1
                           Alias = netcoreapp2.1
                       .NETCoreApp,Version=v2.2
                           DisplayName = .NET Core 2.2
                           Alias = netcoreapp2.2
                       .NETCoreApp,Version=v3.0
                           DisplayName = .NET Core 3.0
                           Alias = netcoreapp3.0
                       .NETCoreApp,Version=v3.1
                           DisplayName = .NET Core 3.1
                           Alias = netcoreapp3.1
                       .NETCoreApp,Version=v5.0
                           DisplayName = .NET 5.0
                           Alias = net5.0
                       .NETCoreApp,Version=v6.0
                           DisplayName = .NET 6.0
                           Alias = net6.0
                       .NETCoreApp,Version=v7.0
                           DisplayName = .NET 7.0
                           Alias = net7.0
                       .NETCoreApp,Version=v8.0
                           DisplayName = .NET 8.0
                           Alias = net8.0
                   SupportedNETFrameworkTargetFramework
                       .NETFramework,Version=v2.0
                           DisplayName = .NET Framework 2.0
                           Alias = net20
                       .NETFramework,Version=v3.0
                           DisplayName = .NET Framework 3.0
                           Alias = net30
                       .NETFramework,Version=v3.5
                           DisplayName = .NET Framework 3.5
                           Alias = net35
                       .NETFramework,Version=v4.0
                           DisplayName = .NET Framework 4.0
                           Alias = net40
                       .NETFramework,Version=v4.5
                           DisplayName = .NET Framework 4.5
                           Alias = net45
                       .NETFramework,Version=v4.5.1
                           DisplayName = .NET Framework 4.5.1
                           Alias = net451
                       .NETFramework,Version=v4.5.2
                           DisplayName = .NET Framework 4.5.2
                           Alias = net452
                       .NETFramework,Version=v4.6
                           DisplayName = .NET Framework 4.6
                           Alias = net46
                       .NETFramework,Version=v4.6.1
                           DisplayName = .NET Framework 4.6.1
                           Alias = net461
                       .NETFramework,Version=v4.6.2
                           DisplayName = .NET Framework 4.6.2
                           Alias = net462
                       .NETFramework,Version=v4.7
                           DisplayName = .NET Framework 4.7
                           Alias = net47
                       .NETFramework,Version=v4.7.1
                           DisplayName = .NET Framework 4.7.1
                           Alias = net471
                       .NETFramework,Version=v4.7.2
                           DisplayName = .NET Framework 4.7.2
                           Alias = net472
                       .NETFramework,Version=v4.8
                           DisplayName = .NET Framework 4.8
                           Alias = net48
                       .NETFramework,Version=v4.8.1
                           DisplayName = .NET Framework 4.8.1
                           Alias = net481
                   SupportedNETStandardTargetFramework
                       .NETStandard,Version=v1.0
                           DisplayName = .NET Standard 1.0
                           Alias = netstandard1.0
                       .NETStandard,Version=v1.1
                           DisplayName = .NET Standard 1.1
                           Alias = netstandard1.1
                       .NETStandard,Version=v1.2
                           DisplayName = .NET Standard 1.2
                           Alias = netstandard1.2
                       .NETStandard,Version=v1.3
                           DisplayName = .NET Standard 1.3
                           Alias = netstandard1.3
                       .NETStandard,Version=v1.4
                           DisplayName = .NET Standard 1.4
                           Alias = netstandard1.4
                       .NETStandard,Version=v1.5
                           DisplayName = .NET Standard 1.5
                           Alias = netstandard1.5
                       .NETStandard,Version=v1.6
                           DisplayName = .NET Standard 1.6
                           Alias = netstandard1.6
                       .NETStandard,Version=v2.0
                           DisplayName = .NET Standard 2.0
                           Alias = netstandard2.0
                       .NETStandard,Version=v2.1
                           DisplayName = .NET Standard 2.1
                           Alias = netstandard2.1
                   SupportedPlatform
                       Linux
                       macOS
                       Windows
                   SupportedTargetFramework
                       .NETCoreApp,Version=v1.0
                           DisplayName = .NET Core 1.0
                           Alias = netcoreapp1.0
                       .NETCoreApp,Version=v1.1
                           DisplayName = .NET Core 1.1
                           Alias = netcoreapp1.1
                       .NETCoreApp,Version=v2.0
                           DisplayName = .NET Core 2.0
                           Alias = netcoreapp2.0
                       .NETCoreApp,Version=v2.1
                           DisplayName = .NET Core 2.1
                           Alias = netcoreapp2.1
                       .NETCoreApp,Version=v2.2
                           DisplayName = .NET Core 2.2
                           Alias = netcoreapp2.2
                       .NETCoreApp,Version=v3.0
                           DisplayName = .NET Core 3.0
                           Alias = netcoreapp3.0
                       .NETCoreApp,Version=v3.1
                           DisplayName = .NET Core 3.1
                           Alias = netcoreapp3.1
                       .NETCoreApp,Version=v5.0
                           DisplayName = .NET 5.0
                           Alias = net5.0
                       .NETCoreApp,Version=v6.0
                           DisplayName = .NET 6.0
                           Alias = net6.0
                       .NETCoreApp,Version=v7.0
                           DisplayName = .NET 7.0
                           Alias = net7.0
                       .NETCoreApp,Version=v8.0
                           DisplayName = .NET 8.0
                           Alias = net8.0
                       .NETFramework,Version=v2.0
                           DisplayName = .NET Framework 2.0
                           Alias = net20
                       .NETFramework,Version=v3.0
                           DisplayName = .NET Framework 3.0
                           Alias = net30
                       .NETFramework,Version=v3.5
                           DisplayName = .NET Framework 3.5
                           Alias = net35
                       .NETFramework,Version=v4.0
                           DisplayName = .NET Framework 4.0
                           Alias = net40
                       .NETFramework,Version=v4.5
                           DisplayName = .NET Framework 4.5
                           Alias = net45
                       .NETFramework,Version=v4.5.1
                           DisplayName = .NET Framework 4.5.1
                           Alias = net451
                       .NETFramework,Version=v4.5.2
                           DisplayName = .NET Framework 4.5.2
                           Alias = net452
                       .NETFramework,Version=v4.6
                           DisplayName = .NET Framework 4.6
                           Alias = net46
                       .NETFramework,Version=v4.6.1
                           DisplayName = .NET Framework 4.6.1
                           Alias = net461
                       .NETFramework,Version=v4.6.2
                           DisplayName = .NET Framework 4.6.2
                           Alias = net462
                       .NETFramework,Version=v4.7
                           DisplayName = .NET Framework 4.7
                           Alias = net47
                       .NETFramework,Version=v4.7.1
                           DisplayName = .NET Framework 4.7.1
                           Alias = net471
                       .NETFramework,Version=v4.7.2
                           DisplayName = .NET Framework 4.7.2
                           Alias = net472
                       .NETFramework,Version=v4.8
                           DisplayName = .NET Framework 4.8
                           Alias = net48
                       .NETFramework,Version=v4.8.1
                           DisplayName = .NET Framework 4.8.1
                           Alias = net481
                       .NETStandard,Version=v1.0
                           DisplayName = .NET Standard 1.0
                           Alias = netstandard1.0
                       .NETStandard,Version=v1.1
                           DisplayName = .NET Standard 1.1
                           Alias = netstandard1.1
                       .NETStandard,Version=v1.2
                           DisplayName = .NET Standard 1.2
                           Alias = netstandard1.2
                       .NETStandard,Version=v1.3
                           DisplayName = .NET Standard 1.3
                           Alias = netstandard1.3
                       .NETStandard,Version=v1.4
                           DisplayName = .NET Standard 1.4
                           Alias = netstandard1.4
                       .NETStandard,Version=v1.5
                           DisplayName = .NET Standard 1.5
                           Alias = netstandard1.5
                       .NETStandard,Version=v1.6
                           DisplayName = .NET Standard 1.6
                           Alias = netstandard1.6
                       .NETStandard,Version=v2.0
                           DisplayName = .NET Standard 2.0
                           Alias = netstandard2.0
                       .NETStandard,Version=v2.1
                           DisplayName = .NET Standard 2.1
                           Alias = netstandard2.1
                   Using
                       System
                       System.Collections.Generic
                       System.IO
                       System.Linq
                       System.Net.Http
                       System.Threading
                       System.Threading.Tasks
                   WindowsSdkSupportedTargetPlatformVersion
                       10.0.17763.0
                           WindowsSdkPackageVersion = 10.0.17763.43
                           MinimumNETVersion = 6.0
                       10.0.17763.0
                           WindowsSdkPackageVersion = 10.0.17763.44
                           MinimumNETVersion = 8.0
                       10.0.17763.0
                           WindowsSdkPackageVersion = 10.0.17763.26
                           MinimumNETVersion = 5.0
                       10.0.18362.0
                           WindowsSdkPackageVersion = 10.0.18362.43
                           MinimumNETVersion = 6.0
                       10.0.18362.0
                           WindowsSdkPackageVersion = 10.0.18362.44
                           MinimumNETVersion = 8.0
                       10.0.18362.0
                           WindowsSdkPackageVersion = 10.0.18362.26
                           MinimumNETVersion = 5.0
                       10.0.19041.0
                           WindowsSdkPackageVersion = 10.0.19041.26
                           MinimumNETVersion = 5.0
                       10.0.19041.0
                           WindowsSdkPackageVersion = 10.0.19041.43
                           MinimumNETVersion = 6.0
                       10.0.19041.0
                           WindowsSdkPackageVersion = 10.0.19041.44
                           MinimumNETVersion = 8.0
                       10.0.20348.0
                           WindowsSdkPackageVersion = 10.0.20348.43
                           MinimumNETVersion = 6.0
                       10.0.20348.0
                           WindowsSdkPackageVersion = 10.0.20348.26
                           MinimumNETVersion = 5.0
                       10.0.20348.0
                           WindowsSdkPackageVersion = 10.0.20348.44
                           MinimumNETVersion = 8.0
                       10.0.22000.0
                           WindowsSdkPackageVersion = 10.0.22000.44
                           MinimumNETVersion = 8.0
                       10.0.22000.0
                           WindowsSdkPackageVersion = 10.0.22000.26
                           MinimumNETVersion = 5.0
                       10.0.22000.0
                           WindowsSdkPackageVersion = 10.0.22000.43
                           MinimumNETVersion = 6.0
                       10.0.22621.0
                           WindowsSdkPackageVersion = 10.0.22621.44
                           MinimumNETVersion = 8.0
                       10.0.22621.0
                           WindowsSdkPackageVersion = 10.0.22621.43
                           MinimumNETVersion = 6.0
                       10.0.26100.0
                           WindowsSdkPackageVersion = 10.0.26100.44
                           MinimumNETVersion = 8.0
                       10.0.26100.0
                           WindowsSdkPackageVersion = 10.0.26100.43
                           MinimumNETVersion = 6.0
                       7.0
                       8.0

20:48:35.386     1>Project "C:\Users\USER\OneDrive - Royal University of Phnom Penh\Desktop\Testing\StaffManagement\src\StaffManagement.Infrastructure\StaffManagement.Infrastructure.csproj" on node 1 (default targets).
20:48:35.391     1>Target "_CheckForUnsupportedTargetFramework" skipped, due to false condition; ('$(_UnsupportedTargetFrameworkError)' == 'true') was evaluated as ('' == 'true').
20:48:35.392     1>Target "_CollectTargetFrameworkForTelemetry: (TargetId:2)" in file "C:\Program Files\dotnet\sdk\8.0.403\Sdks\Microsoft.NET.Sdk\targets\Microsoft.NET.TargetFrameworkInference.targets" from project "C:\Users\USER\OneDrive - Royal University of Phnom Penh\Desktop\Testing\StaffManagement\src\StaffManagement.Infrastructure\StaffManagement.Infrastructure.csproj" (target "_CheckForInvalidConfigurationAndPlatform" depends on it):
                   Added Item(s): 
                       TFTelemetry=
                           TargetFrameworkVersion
                                   Value=.NETCoreApp,Version=v8.0
                   Added Item(s): 
                       TFTelemetry=
                           RuntimeIdentifier
                                   Value=
                   Added Item(s): 
                       TFTelemetry=
                           SelfContained
                                   Value=
                   Added Item(s): 
                       TFTelemetry=
                           UseApphost
                                   Value=
                   Added Item(s): 
                       TFTelemetry=
                           OutputType
                                   Value=Library
                   Added Item(s): 
                       TFTelemetry=
                           UseArtifactsOutput
                                   Value=
                   Added Item(s): 
                       TFTelemetry=
                           ArtifactsPathLocationType
                                   Value=
                   Using "AllowEmptyTelemetry" task from assembly "C:\Program Files\dotnet\sdk\8.0.403\Sdks\Microsoft.NET.Sdk\targets\..\tools\net8.0\Microsoft.NET.Build.Tasks.dll".
                   Task "AllowEmptyTelemetry" (TaskId:2)
                     Task Parameter:EventName=targetframeworkeval (TaskId:2)
                     Task Parameter:
                         EventData=
                             TargetFrameworkVersion
                                     Value=.NETCoreApp,Version=v8.0
                             RuntimeIdentifier
                                     Value=
                             SelfContained
                                     Value=
                             UseApphost
                                     Value=
                             OutputType
                                     Value=Library
                             UseArtifactsOutput
                                     Value=
                             ArtifactsPathLocationType
                                     Value= (TaskId:2)
                   Done executing task "AllowEmptyTelemetry". (TaskId:2)
20:48:35.412     1>Done building target "_CollectTargetFrameworkForTelemetry" in project "StaffManagement.Infrastructure.csproj".: (TargetId:2)
                   Target "_CheckForUnsupportedTargetPlatformIdentifier" skipped, due to false condition; ('$(TargetPlatformIdentifier)' != '' and '$(TargetFrameworkIdentifier)' == '.NETCoreApp' and $([MSBuild]::VersionGreaterThanOrEquals($(TargetFrameworkVersion), 5.0)) And ('$(DesignTimeBuild)' != 'true' Or '@(MissingWorkloadPack)' == '')) was evaluated as ('' != '' and '.NETCoreApp' == '.NETCoreApp' and True And ('' != 'true' Or '' == '')).
                   Target "_CheckForMissingWorkload" skipped, due to false condition; ('@(MissingWorkloadPack)' != '' And '$(DesignTimeBuild)' != 'true') was evaluated as ('' != '' And '' != 'true').
20:48:35.412     1>Target "_CheckForUnsupportedNETCoreVersion: (TargetId:3)" in file "C:\Program Files\dotnet\sdk\8.0.403\Sdks\Microsoft.NET.Sdk\targets\Microsoft.NET.TargetFrameworkInference.targets" from project "C:\Users\USER\OneDrive - Royal University of Phnom Penh\Desktop\Testing\StaffManagement\src\StaffManagement.Infrastructure\StaffManagement.Infrastructure.csproj" (target "_CheckForInvalidConfigurationAndPlatform" depends on it):
                   Task "NETSdkError" skipped, due to false condition; ('$(_TargetFrameworkVersionWithoutV)' > '$(NETCoreAppMaximumVersion)' and '$(DisplayVSMessage)' != 'true') was evaluated as ('8.0' > '8.0' and '' != 'true').
                   Task "NETSdkError" skipped, due to false condition; ('$(DisplayVSMessage)' == 'true') was evaluated as ('' == 'true').
20:48:35.413     1>Done building target "_CheckForUnsupportedNETCoreVersion" in project "StaffManagement.Infrastructure.csproj".: (TargetId:3)
                   Target "_CheckForEolTargetFrameworks" skipped, due to false condition; ('@(_EolNetCoreTargetFrameworkVersions->AnyHaveMetadataValue('Identity', '$(_TargetFrameworkVersionWithoutV)'))' and '$(TargetFrameworkIdentifier)' == '.NETCoreApp' and '$(CheckEolTargetFramework)' == 'true') was evaluated as ('false' and '.NETCoreApp' == '.NETCoreApp' and '' == 'true').
                   Target "_CheckForEolWorkloads" skipped, due to false condition; ('@(EolWorkload)' != '' and '$(CheckEolWorkloads)' == 'true') was evaluated as ('' != '' and 'true' == 'true').
20:48:35.413     1>Target "_CheckForUnsupportedCppNETCoreVersion: (TargetId:4)" in file "C:\Program Files\dotnet\sdk\8.0.403\Sdks\Microsoft.NET.Sdk\targets\Microsoft.NET.TargetFrameworkInference.targets" from project "C:\Users\USER\OneDrive - Royal University of Phnom Penh\Desktop\Testing\StaffManagement\src\StaffManagement.Infrastructure\StaffManagement.Infrastructure.csproj" (target "_CheckForInvalidConfigurationAndPlatform" depends on it):
                   Task "NETSdkError" skipped, due to false condition; ('$(TargetFrameworkIdentifier)' == '.NETCoreApp' and '$(_TargetFrameworkVersionWithoutV)' < '3.1' and ('$(Language)' == 'C++' and '$(_EnablePackageReferencesInVCProjects)' != 'true')) was evaluated as ('.NETCoreApp' == '.NETCoreApp' and '8.0' < '3.1' and ('C#' == 'C++' and '' != 'true')).
20:48:35.413     1>Done building target "_CheckForUnsupportedCppNETCoreVersion" in project "StaffManagement.Infrastructure.csproj".: (TargetId:4)
                   Target "_CheckForUnsupportedNETStandardVersion" skipped, due to false condition; ('$(TargetFrameworkIdentifier)' == '.NETStandard' And '$(NETStandardMaximumVersion)' != '') was evaluated as ('.NETCoreApp' == '.NETStandard' And '' != '').
                   Target "_CheckForUnsupportedTargetFrameworkAndFeatureCombination" skipped, due to false condition; ('$(TargetFrameworkIdentifier)' == '.NETFramework') was evaluated as ('.NETCoreApp' == '.NETFramework').
                   Target "_CheckForSupportedOSPlatformVersionHigherThanTargetPlatformVersion" skipped, due to false condition; ('$(TargetPlatformVersion)' != '' and '$(TargetFrameworkIdentifier)' == '.NETCoreApp' and $([MSBuild]::VersionGreaterThanOrEquals($(TargetFrameworkVersion), 5.0))) was evaluated as ('' != '' and '.NETCoreApp' == '.NETCoreApp' and True).
                   Target "_CheckForInvalidTargetPlatformVersion" skipped, due to false condition; ('$(TargetPlatformVersion)' != '' and '$(TargetFrameworkIdentifier)' == '.NETCoreApp' and $([MSBuild]::VersionGreaterThanOrEquals($(TargetFrameworkVersion), 5.0)) and ('$(Language)' != 'C++' or '$(_EnablePackageReferencesInVCProjects)' == 'true')) was evaluated as ('' != '' and '.NETCoreApp' == '.NETCoreApp' and True and ('C#' != 'C++' or '' == 'true')).
20:48:35.413     1>Target "_CheckForUnsupportedArtifactsPath: (TargetId:5)" in file "C:\Program Files\dotnet\sdk\8.0.403\Sdks\Microsoft.NET.Sdk\targets\Microsoft.NET.DefaultOutputPaths.targets" from project "C:\Users\USER\OneDrive - Royal University of Phnom Penh\Desktop\Testing\StaffManagement\src\StaffManagement.Infrastructure\StaffManagement.Infrastructure.csproj" (target "_CheckForInvalidConfigurationAndPlatform" depends on it):
                   Task "NetSdkError" skipped, due to false condition; ('$(UseArtifactsOutput)' == 'true' and '$(_ArtifactsPathSetEarly)' != 'true') was evaluated as ('' == 'true' and '' != 'true').
                   Task "NetSdkError" skipped, due to false condition; ('$(_ArtifactsPathLocationType)' == 'ProjectFolder') was evaluated as ('' == 'ProjectFolder').
20:48:35.413     1>Done building target "_CheckForUnsupportedArtifactsPath" in project "StaffManagement.Infrastructure.csproj".: (TargetId:5)
                   Target "_CheckForMissingWorkload" skipped, due to false condition; ('@(MissingWorkloadPack)' != '' And '$(DesignTimeBuild)' != 'true') was evaluated as ('' != '' And '' != 'true').
                   Target "_CheckForUnsupportedAppHostUsage" skipped, due to false condition; ('$(TargetFrameworkIdentifier)' == '.NETCoreApp' and '$(HasRuntimeOutput)' == 'true') was evaluated as ('.NETCoreApp' == '.NETCoreApp' and '' == 'true').
20:48:35.413     1>Target "_CheckForUnsupportedHostingUsage: (TargetId:6)" in file "C:\Program Files\dotnet\sdk\8.0.403\Sdks\Microsoft.NET.Sdk\targets\Microsoft.NET.RuntimeIdentifierInference.targets" from project "C:\Users\USER\OneDrive - Royal University of Phnom Penh\Desktop\Testing\StaffManagement\src\StaffManagement.Infrastructure\StaffManagement.Infrastructure.csproj" (target "_CheckForInvalidConfigurationAndPlatform" depends on it):
                   Task "NETSdkWarning" skipped, due to false condition; ('$(SelfContained)' == 'true' and '$(EnableComHosting)' == 'true') was evaluated as ('' == 'true' and '' == 'true').
20:48:35.413     1>Done building target "_CheckForUnsupportedHostingUsage" in project "StaffManagement.Infrastructure.csproj".: (TargetId:6)
20:48:35.413     1>Target "_CheckAndUnsetUnsupportedPrefer32Bit: (TargetId:7)" in file "C:\Program Files\dotnet\sdk\8.0.403\Sdks\Microsoft.NET.Sdk\targets\Microsoft.NET.RuntimeIdentifierInference.targets" from project "C:\Users\USER\OneDrive - Royal University of Phnom Penh\Desktop\Testing\StaffManagement\src\StaffManagement.Infrastructure\StaffManagement.Infrastructure.csproj" (target "_CheckForInvalidConfigurationAndPlatform" depends on it):
                   Task "NETSdkWarning" skipped, due to false condition; ('$(Prefer32Bit)' == 'true') was evaluated as ('false' == 'true').
                   Set Property: Prefer32Bit=false
20:48:35.414     1>Done building target "_CheckAndUnsetUnsupportedPrefer32Bit" in project "StaffManagement.Infrastructure.csproj".: (TargetId:7)
                   Target "_CheckForMismatchingPlatform" skipped, due to false condition; ('$(RuntimeIdentifier)' != '' and '$(PlatformTarget)' != '') was evaluated as ('' != '' and '' != '').
20:48:35.414     1>Target "_CheckForLanguageAndFeatureCombinationSupport: (TargetId:8)" in file "C:\Program Files\dotnet\sdk\8.0.403\Sdks\Microsoft.NET.Sdk\targets\Microsoft.NET.RuntimeIdentifierInference.targets" from project "C:\Users\USER\OneDrive - Royal University of Phnom Penh\Desktop\Testing\StaffManagement\src\StaffManagement.Infrastructure\StaffManagement.Infrastructure.csproj" (target "_CheckForInvalidConfigurationAndPlatform" depends on it):
                   Task "NETSdkError" skipped, due to false condition; (('$(Language)' == 'C++' and '$(_EnablePackageReferencesInVCProjects)' != 'true') and $(OutputType) != 'library' and '$(TargetFrameworkIdentifier)' == '.NETCoreApp') was evaluated as (('C#' == 'C++' and '' != 'true') and Library != 'library' and '.NETCoreApp' == '.NETCoreApp').
                   Task "NETSdkError" skipped, due to false condition; (('$(Language)' == 'C++' and '$(_EnablePackageReferencesInVCProjects)' != 'true') and $(EnableComHosting) == 'true') was evaluated as (('C#' == 'C++' and '' != 'true') and  == 'true').
                   Task "NETSdkError" skipped, due to false condition; (('$(Language)' == 'C++' and '$(_EnablePackageReferencesInVCProjects)' != 'true') and $(SelfContained) == 'true') was evaluated as (('C#' == 'C++' and '' != 'true') and  == 'true').
20:48:35.414     1>Done building target "_CheckForLanguageAndFeatureCombinationSupport" in project "StaffManagement.Infrastructure.csproj".: (TargetId:8)
                   Target "_CheckForNETCoreSdkIsPreview" skipped, due to false condition; ( '$(_NETCoreSdkIsPreview)' == 'true' AND '$(SuppressNETCoreSdkPreviewMessage)' != 'true' ) was evaluated as ( 'false' == 'true' AND '' != 'true' ).
20:48:35.414     1>Target "_GetProjectJsonPath: (TargetId:9)" in file "C:\Program Files\dotnet\sdk\8.0.403\NuGet.targets" from project "C:\Users\USER\OneDrive - Royal University of Phnom Penh\Desktop\Testing\StaffManagement\src\StaffManagement.Infrastructure\StaffManagement.Infrastructure.csproj" (target "_GetRestoreProjectStyle" depends on it):
                   Task "GetRestoreProjectJsonPathTask" skipped, due to false condition; ( '$(RestoreProjectStyle)' == 'ProjectJson' OR '$(RestoreProjectStyle)' == '' ) was evaluated as ( 'PackageReference' == 'ProjectJson' OR 'PackageReference' == '' ).
20:48:35.414     1>Done building target "_GetProjectJsonPath" in project "StaffManagement.Infrastructure.csproj".: (TargetId:9)
                   Target "_CheckForUnsupportedTargetPlatformIdentifier" skipped, due to false condition; ('$(TargetPlatformIdentifier)' != '' and '$(TargetFrameworkIdentifier)' == '.NETCoreApp' and $([MSBuild]::VersionGreaterThanOrEquals($(TargetFrameworkVersion), 5.0)) And ('$(DesignTimeBuild)' != 'true' Or '@(MissingWorkloadPack)' == '')) was evaluated as ('' != '' and '.NETCoreApp' == '.NETCoreApp' and True And ('' != 'true' Or '' == '')).
                   Target "_CheckForMissingWorkload" skipped, due to false condition; ('@(MissingWorkloadPack)' != '' And '$(DesignTimeBuild)' != 'true') was evaluated as ('' != '' And '' != 'true').
                   Target "_CheckForUnsupportedNETStandardVersion" skipped, due to false condition; ('$(TargetFrameworkIdentifier)' == '.NETStandard' And '$(NETStandardMaximumVersion)' != '') was evaluated as ('.NETCoreApp' == '.NETStandard' And '' != '').
                   Target "_CheckForUnsupportedTargetFrameworkAndFeatureCombination" skipped, due to false condition; ('$(TargetFrameworkIdentifier)' == '.NETFramework') was evaluated as ('.NETCoreApp' == '.NETFramework').
20:48:35.414     1>Target "UpdateAspNetToFrameworkReference: (TargetId:10)" in file "C:\Program Files\dotnet\sdk\8.0.403\Sdks\Microsoft.NET.Sdk\targets\Microsoft.NET.Sdk.DefaultItems.Shared.targets" from project "C:\Users\USER\OneDrive - Royal University of Phnom Penh\Desktop\Testing\StaffManagement\src\StaffManagement.Infrastructure\StaffManagement.Infrastructure.csproj" (target "ApplyImplicitVersions" depends on it):
                   Using "CheckIfPackageReferenceShouldBeFrameworkReference" task from assembly "C:\Program Files\dotnet\sdk\8.0.403\Sdks\Microsoft.NET.Sdk\targets\..\tools\net8.0\Microsoft.NET.Build.Tasks.dll".
                   Task "CheckIfPackageReferenceShouldBeFrameworkReference" (TaskId:3)
                     Task Parameter:
                         PackageReferences=
                             Microsoft.EntityFrameworkCore
                                     Version=8.0.17
                             Microsoft.EntityFrameworkCore.SqlServer
                                     Version=8.0.10 (TaskId:3)
                     Task Parameter:
                         FrameworkReferences=
                             Microsoft.NETCore.App
                                     IsImplicitlyDefined=true
                                     Pack=false
                                     PrivateAssets=All (TaskId:3)
                     Task Parameter:PackageReferenceToReplace=Microsoft.AspNetCore.All (TaskId:3)
                     Task Parameter:FrameworkReferenceToUse=Microsoft.AspNetCore.App (TaskId:3)
                     Output Property: _ShouldRemoveAspNetCoreAll=False (TaskId:3)
                   Done executing task "CheckIfPackageReferenceShouldBeFrameworkReference". (TaskId:3)
                   Task "NETSdkError" skipped, due to false condition; ('$(_ShouldRemoveAspNetCoreAll)' == 'true') was evaluated as ('False' == 'true').
                   Task "CheckIfPackageReferenceShouldBeFrameworkReference" (TaskId:4)
                     Task Parameter:
                         PackageReferences=
                             Microsoft.EntityFrameworkCore
                                     Version=8.0.17
                             Microsoft.EntityFrameworkCore.SqlServer
                                     Version=8.0.10 (TaskId:4)
                     Task Parameter:
                         FrameworkReferences=
                             Microsoft.NETCore.App
                                     IsImplicitlyDefined=true
                                     Pack=false
                                     PrivateAssets=All (TaskId:4)
                     Task Parameter:PackageReferenceToReplace=Microsoft.AspNetCore.App (TaskId:4)
                     Task Parameter:FrameworkReferenceToUse=Microsoft.AspNetCore.App (TaskId:4)
                     Output Property: _ShouldRemoveAspNetCoreApp=False (TaskId:4)
                     Output Property: _ShouldAddAspNetCoreAppFrameworkReference=False (TaskId:4)
                   Done executing task "CheckIfPackageReferenceShouldBeFrameworkReference". (TaskId:4)
                   Task "NETSdkWarning" skipped, due to false condition; ('$(_ShouldRemoveAspNetCoreApp)' == 'true') was evaluated as ('False' == 'true').
20:48:35.415     1>Done building target "UpdateAspNetToFrameworkReference" in project "StaffManagement.Infrastructure.csproj".: (TargetId:10)
                   Target "IncludeTargetingPackReference" skipped, due to false condition; ('$(TargetFrameworkMoniker)' != '' and '$(TargetFrameworkIdentifier)' == '.NETFramework' and '$(AutomaticallyUseReferenceAssemblyPackages)' == 'true') was evaluated as ('.NETCoreApp,Version=v8.0' != '' and '.NETCoreApp' == '.NETFramework' and 'true' == 'true').
20:48:35.416     1>Target "CheckForImplicitPackageReferenceOverrides: (TargetId:11)" in file "C:\Program Files\dotnet\sdk\8.0.403\Sdks\Microsoft.NET.Sdk\targets\Microsoft.NET.Sdk.DefaultItems.Shared.targets" from project "C:\Users\USER\OneDrive - Royal University of Phnom Penh\Desktop\Testing\StaffManagement\src\StaffManagement.Infrastructure\StaffManagement.Infrastructure.csproj" (target "ApplyImplicitVersions" depends on it):
                   Set Property: ImplicitPackageReferenceInformationLink=https://aka.ms/sdkimplicitrefs
                   Using "CheckForImplicitPackageReferenceOverrides" task from assembly "C:\Program Files\dotnet\sdk\8.0.403\Sdks\Microsoft.NET.Sdk\targets\..\tools\net8.0\Microsoft.NET.Build.Tasks.dll".
                   Task "CheckForImplicitPackageReferenceOverrides" (TaskId:5)
                     Task Parameter:
                         PackageReferenceItems=
                             Microsoft.EntityFrameworkCore
                                     Version=8.0.17
                             Microsoft.EntityFrameworkCore.SqlServer
                                     Version=8.0.10 (TaskId:5)
                     Task Parameter:MoreInformationLink=https://aka.ms/sdkimplicitrefs (TaskId:5)
                   Done executing task "CheckForImplicitPackageReferenceOverrides". (TaskId:5)
20:48:35.416     1>Done building target "CheckForImplicitPackageReferenceOverrides" in project "StaffManagement.Infrastructure.csproj".: (TargetId:11)
20:48:35.416     1>Target "ApplyImplicitVersions: (TargetId:12)" in file "C:\Program Files\dotnet\sdk\8.0.403\Sdks\Microsoft.NET.Sdk\targets\Microsoft.NET.Sdk.DefaultItems.Shared.targets" from project "C:\Users\USER\OneDrive - Royal University of Phnom Penh\Desktop\Testing\StaffManagement\src\StaffManagement.Infrastructure\StaffManagement.Infrastructure.csproj" (target "CollectPackageReferences" depends on it):
                   Using "ApplyImplicitVersions" task from assembly "C:\Program Files\dotnet\sdk\8.0.403\Sdks\Microsoft.NET.Sdk\targets\..\tools\net8.0\Microsoft.NET.Build.Tasks.dll".
                   Task "ApplyImplicitVersions" (TaskId:6)
                     Task Parameter:TargetLatestRuntimePatch=False (TaskId:6)
                     Task Parameter:
                         PackageReferences=
                             Microsoft.EntityFrameworkCore
                                     Version=8.0.17
                             Microsoft.EntityFrameworkCore.SqlServer
                                     Version=8.0.10 (TaskId:6)
                     Task Parameter:TargetFrameworkVersion=8.0 (TaskId:6)
                     Task Parameter:
                         ImplicitPackageReferenceVersions=
                             Microsoft.NETCore.App
                                     DefaultVersion=1.0.5
                                     LatestVersion=1.0.16
                                     TargetFrameworkVersion=1.0
                             Microsoft.NETCore.App
                                     DefaultVersion=1.1.2
                                     LatestVersion=1.1.13
                                     TargetFrameworkVersion=1.1
                             Microsoft.NETCore.App
                                     DefaultVersion=2.0.0
                                     LatestVersion=2.0.9
                                     TargetFrameworkVersion=2.0
                             Microsoft.NETCore.App
                                     DefaultVersion=2.1.0
                                     LatestVersion=2.1.30
                                     TargetFrameworkVersion=2.1
                             Microsoft.NETCore.App
                                     DefaultVersion=2.2.0
                                     LatestVersion=2.2.8
                                     TargetFrameworkVersion=2.2
                             Microsoft.AspNetCore.App
                                     DefaultVersion=2.1.1
                                     LatestVersion=2.1.30
                                     TargetFrameworkVersion=2.1
                             Microsoft.AspNetCore.All
                                     DefaultVersion=2.1.1
                                     LatestVersion=2.1.30
                                     TargetFrameworkVersion=2.1
                             Microsoft.AspNetCore.App
                                     DefaultVersion=2.2.0
                                     LatestVersion=2.2.8
                                     TargetFrameworkVersion=2.2
                             Microsoft.AspNetCore.All
                                     DefaultVersion=2.2.0
                                     LatestVersion=2.2.8
                                     TargetFrameworkVersion=2.2 (TaskId:6)
                   Done executing task "ApplyImplicitVersions". (TaskId:6)
20:48:35.418     1>Done building target "ApplyImplicitVersions" in project "StaffManagement.Infrastructure.csproj".: (TargetId:12)
                   Target "CheckForImplicitPackageReferenceOverrides" skipped. Previously built successfully.
                   Target "AddWindowsSdkKnownFrameworkReferences" skipped, due to false condition; ('$(TargetFrameworkIdentifier)' == '.NETCoreApp' And '$(TargetPlatformIdentifier)' == 'Windows') was evaluated as ('.NETCoreApp' == '.NETCoreApp' And '' == 'Windows').
                   Target "_NormalizeTargetPlatformVersion" skipped, due to false condition; ('$(TargetPlatformVersion)' != '' and '$(TargetFrameworkIdentifier)' == '.NETCoreApp' and $([MSBuild]::VersionGreaterThanOrEquals($(TargetFrameworkVersion), 5.0)) and ('$(Language)' != 'C++' or '$(_EnablePackageReferencesInVCProjects)' == 'true')) was evaluated as ('' != '' and '.NETCoreApp' == '.NETCoreApp' and True and ('C#' != 'C++' or '' == 'true')).
20:48:35.418     1>Target "_ComputeToolPackInputsToProcessFrameworkReferences: (TargetId:13)" in file "C:\Program Files\dotnet\sdk\8.0.403\Sdks\Microsoft.NET.Sdk\targets\Microsoft.NET.Publish.targets" from project "C:\Users\USER\OneDrive - Royal University of Phnom Penh\Desktop\Testing\StaffManagement\src\StaffManagement.Infrastructure\StaffManagement.Infrastructure.csproj" (target "ProcessFrameworkReferences" depends on it):
                   Set Property: _RequiresILLinkPack=false
                   Set Property: _FirstTargetFrameworkToSupportTrimming=net6.0
                   Set Property: _FirstTargetFrameworkToSupportAot=net7.0
                   Set Property: _FirstTargetFrameworkToSupportSingleFile=net6.0
                   Set Property: _MinNonEolTargetFrameworkForTrimming=net6.0
                   Set Property: _MinNonEolTargetFrameworkForSingleFile=net6.0
                   Set Property: _MinNonEolTargetFrameworkForAot=net6.0
                   Set Property: _MinNonEolTargetFrameworkForAot=net7.0
20:48:35.421     1>Done building target "_ComputeToolPackInputsToProcessFrameworkReferences" in project "StaffManagement.Infrastructure.csproj".: (TargetId:13)
20:48:35.421     1>Target "ProcessFrameworkReferences: (TargetId:14)" in file "C:\Program Files\dotnet\sdk\8.0.403\Sdks\Microsoft.NET.Sdk\targets\Microsoft.NET.Sdk.FrameworkReferenceResolution.targets" from project "C:\Users\USER\OneDrive - Royal University of Phnom Penh\Desktop\Testing\StaffManagement\src\StaffManagement.Infrastructure\StaffManagement.Infrastructure.csproj" (target "CollectPackageReferences" depends on it):
                   Using "CheckForDuplicateFrameworkReferences" task from assembly "C:\Program Files\dotnet\sdk\8.0.403\Sdks\Microsoft.NET.Sdk\targets\..\tools\net8.0\Microsoft.NET.Build.Tasks.dll".
                   Task "CheckForDuplicateFrameworkReferences" (TaskId:7)
                     Task Parameter:
                         FrameworkReferences=
                             Microsoft.NETCore.App
                                     IsImplicitlyDefined=true
                                     Pack=false
                                     PrivateAssets=All (TaskId:7)
                     Task Parameter:MoreInformationLink=https://aka.ms/sdkimplicitrefs (TaskId:7)
                   Done executing task "CheckForDuplicateFrameworkReferences". (TaskId:7)
                   Set Property: EnableTargetingPackDownload=true
                   Set Property: EnableRuntimePackDownload=true
                   Using "ProcessFrameworkReferences" task from assembly "C:\Program Files\dotnet\sdk\8.0.403\Sdks\Microsoft.NET.Sdk\targets\..\tools\net8.0\Microsoft.NET.Build.Tasks.dll".
                   Task "ProcessFrameworkReferences" (TaskId:8)
                     Task Parameter:RuntimeGraphPath=C:\Program Files\dotnet\sdk\8.0.403/PortableRuntimeIdentifierGraph.json (TaskId:8)
                     Task Parameter:TargetLatestRuntimePatch=False (TaskId:8)
                     Task Parameter:
                         KnownWebAssemblySdkPacks=
                             Microsoft.NET.Sdk.WebAssembly.Pack
                                     TargetFramework=net8.0
                                     WebAssemblySdkPackVersion=8.0.10
                             Microsoft.NET.Sdk.WebAssembly.Pack
                                     TargetFramework=net7.0
                                     WebAssemblySdkPackVersion=8.0.10
                             Microsoft.NET.Sdk.WebAssembly.Pack
                                     TargetFramework=net6.0
                                     WebAssemblySdkPackVersion=8.0.10 (TaskId:8)
                     Task Parameter:MinNonEolTargetFrameworkForTrimming=net6.0 (TaskId:8)
                     Task Parameter:
                         KnownCrossgen2Packs=
                             Microsoft.NETCore.App.Crossgen2
                                     Crossgen2PackNamePattern=Microsoft.NETCore.App.Crossgen2.**RID**
                                     Crossgen2PackVersion=8.0.10
                                     Crossgen2RuntimeIdentifiers=linux-musl-x64;linux-x64;win-x64;linux-arm;linux-arm64;linux-musl-arm;linux-musl-arm64;osx-arm64;osx-x64;win-arm64;win-x86
                                     TargetFramework=net8.0
                             Microsoft.NETCore.App.Crossgen2
                                     Crossgen2PackNamePattern=Microsoft.NETCore.App.Crossgen2.**RID**
                                     Crossgen2PackVersion=7.0.20
                                     Crossgen2RuntimeIdentifiers=linux-musl-x64;linux-x64;win-x64;linux-arm;linux-arm64;linux-musl-arm;linux-musl-arm64;osx-arm64;osx-x64;win-arm;win-arm64;win-x86
                                     TargetFramework=net7.0
                             Microsoft.NETCore.App.Crossgen2
                                     Crossgen2PackNamePattern=Microsoft.NETCore.App.Crossgen2.**RID**
                                     Crossgen2PackVersion=6.0.35
                                     Crossgen2RuntimeIdentifiers=linux-musl-x64;linux-x64;win-x64;linux-arm;linux-arm64;linux-musl-arm;linux-musl-arm64;osx-arm64;osx-x64;win-arm;win-arm64;win-x86
                                     TargetFramework=net6.0
                             Microsoft.NETCore.App.Crossgen2
                                     Crossgen2PackNamePattern=Microsoft.NETCore.App.Crossgen2.**RID**
                                     Crossgen2PackVersion=5.0.17
                                     Crossgen2RuntimeIdentifiers=linux-musl-x64;linux-x64;win-x64
                                     TargetFramework=net5.0 (TaskId:8)
                     Task Parameter:MinNonEolTargetFrameworkForAot=net7.0 (TaskId:8)
                     Task Parameter:NetCoreRoot=C:\Program Files\dotnet\ (TaskId:8)
                     Task Parameter:TargetFrameworkVersion=8.0 (TaskId:8)
                     Task Parameter:NETCoreSdkVersion=8.0.403 (TaskId:8)
                     Task Parameter:EnableRuntimePackDownload=True (TaskId:8)
                     Task Parameter:TargetLatestRuntimePatchIsDefault=True (TaskId:8)
                     Task Parameter:
                         FrameworkReferences=
                             Microsoft.NETCore.App
                                     IsImplicitlyDefined=true
                                     Pack=false
                                     PrivateAssets=All (TaskId:8)
                     Task Parameter:ReadyToRunUseCrossgen2=True (TaskId:8)
                     Task Parameter:
                         KnownILLinkPacks=
                             Microsoft.NET.ILLink.Tasks
                                     ILLinkPackVersion=8.0.10
                                     TargetFramework=net8.0
                             Microsoft.NET.ILLink.Tasks
                                     ILLinkPackVersion=7.0.100-1.23401.1
                                     TargetFramework=net7.0
                             Microsoft.NET.ILLink.Tasks
                                     ILLinkPackVersion=7.0.100-1.23401.1
                                     TargetFramework=net6.0
                             Microsoft.NET.ILLink.Tasks
                                     ILLinkPackVersion=7.0.100-1.23401.1
                                     TargetFramework=net5.0
                             Microsoft.NET.ILLink.Tasks
                                     ILLinkPackVersion=7.0.100-1.23401.1
                                     TargetFramework=netcoreapp3.1
                             Microsoft.NET.ILLink.Tasks
                                     ILLinkPackVersion=7.0.100-1.23401.1
                                     TargetFramework=netcoreapp3.0 (TaskId:8)
                     Task Parameter:
                         KnownILCompilerPacks=
                             Microsoft.DotNet.ILCompiler
                                     ILCompilerPackNamePattern=runtime.**RID**.Microsoft.DotNet.ILCompiler
                                     ILCompilerPackVersion=8.0.10
                                     ILCompilerRuntimeIdentifiers=linux-arm64;linux-musl-arm64;linux-musl-x64;linux-x64;win-arm64;win-x64;osx-x64;osx-arm64
                                     TargetFramework=net8.0
                             Microsoft.DotNet.ILCompiler
                                     ILCompilerPackNamePattern=runtime.**RID**.Microsoft.DotNet.ILCompiler
                                     ILCompilerPackVersion=7.0.20
                                     ILCompilerRuntimeIdentifiers=linux-arm64;linux-musl-arm64;linux-musl-x64;linux-x64;win-arm64;win-x64
                                     TargetFramework=net7.0 (TaskId:8)
                     Task Parameter:
                         KnownRuntimePacks=
                             Microsoft.NETCore.App
                                     LatestRuntimeFrameworkVersion=8.0.10
                                     RuntimeFrameworkName=Microsoft.NETCore.App
                                     RuntimePackLabels=NativeAOT
                                     RuntimePackNamePatterns=Microsoft.NETCore.App.Runtime.NativeAOT.**RID**
                                     RuntimePackRuntimeIdentifiers=ios-arm64;iossimulator-arm64;iossimulator-x64;tvos-arm64;tvossimulator-arm64;tvossimulator-x64;maccatalyst-arm64;maccatalyst-x64;linux-bionic-arm64;linux-bionic-x64;osx-arm64;osx-x64
                                     TargetFramework=net8.0
                             Microsoft.NETCore.App
                                     LatestRuntimeFrameworkVersion=8.0.10
                                     RuntimeFrameworkName=Microsoft.NETCore.App
                                     RuntimePackLabels=Mono
                                     RuntimePackNamePatterns=Microsoft.NETCore.App.Runtime.Mono.**RID**
                                     RuntimePackRuntimeIdentifiers=linux-arm;linux-arm64;linux-musl-arm64;linux-musl-x64;linux-x64;osx-x64;rhel.6-x64;win-arm64;win-x64;win-x86;linux-musl-arm;osx-arm64;linux-s390x;browser-wasm;ios-arm64;ios-arm;iossimulator-arm64;iossimulator-x64;iossimulator-x86;tvos-arm64;tvossimulator-arm64;tvossimulator-x64;maccatalyst-x64;maccatalyst-arm64;android-arm64;android-arm;android-x64;android-x86
                                     TargetFramework=net8.0
                             Microsoft.NETCore.App
                                     LatestRuntimeFrameworkVersion=7.0.20
                                     RuntimeFrameworkName=Microsoft.NETCore.App
                                     RuntimePackLabels=Mono
                                     RuntimePackNamePatterns=Microsoft.NETCore.App.Runtime.Mono.**RID**
                                     RuntimePackRuntimeIdentifiers=linux-arm;linux-arm64;linux-musl-arm64;linux-musl-x64;linux-x64;osx-x64;rhel.6-x64;win-arm;win-arm64;win-x64;win-x86;linux-musl-arm;osx-arm64;linux-s390x;browser-wasm;ios-arm64;ios-arm;iossimulator-arm64;iossimulator-x64;iossimulator-x86;tvos-arm64;tvossimulator-arm64;tvossimulator-x64;maccatalyst-x64;maccatalyst-arm64;android-arm64;android-arm;android-x64;android-x86
                                     TargetFramework=net7.0
                             Microsoft.NETCore.App
                                     LatestRuntimeFrameworkVersion=6.0.35
                                     RuntimeFrameworkName=Microsoft.NETCore.App
                                     RuntimePackLabels=Mono
                                     RuntimePackNamePatterns=Microsoft.NETCore.App.Runtime.Mono.**RID**
                                     RuntimePackRuntimeIdentifiers=linux-arm;linux-arm64;linux-musl-arm64;linux-musl-x64;linux-x64;osx-x64;rhel.6-x64;win-arm;win-arm64;win-x64;win-x86;linux-musl-arm;osx-arm64;linux-s390x;browser-wasm;ios-arm64;ios-arm;iossimulator-arm64;iossimulator-x64;iossimulator-x86;tvos-arm64;tvossimulator-arm64;tvossimulator-x64;maccatalyst-x64;maccatalyst-arm64;android-arm64;android-arm;android-x64;android-x86
                                     TargetFramework=net6.0 (TaskId:8)
                     Task Parameter:NETCoreSdkRuntimeIdentifier=win-x64 (TaskId:8)
                     Task Parameter:TargetingPackRoot=C:\Program Files\dotnet\packs (TaskId:8)
                     Task Parameter:RequiresILLinkPack=False (TaskId:8)
                     Task Parameter:MinNonEolTargetFrameworkForSingleFile=net6.0 (TaskId:8)
                     Task Parameter:
                         KnownFrameworkReferences=
                             Microsoft.NETCore.App
                                     DefaultRuntimeFrameworkVersion=8.0.0
                                     LatestRuntimeFrameworkVersion=8.0.10
                                     RuntimeFrameworkName=Microsoft.NETCore.App
                                     RuntimePackNamePatterns=Microsoft.NETCore.App.Runtime.**RID**
                                     RuntimePackRuntimeIdentifiers=linux-arm;linux-arm64;linux-musl-arm64;linux-musl-x64;linux-x64;osx-x64;rhel.6-x64;tizen.4.0.0-armel;tizen.5.0.0-armel;win-arm64;win-x64;win-x86;linux-musl-arm;osx-arm64;linux-s390x;linux-bionic-arm;linux-bionic-arm64;linux-bionic-x64;linux-bionic-x86;linux-ppc64le
                                     TargetFramework=net8.0
                                     TargetingPackName=Microsoft.NETCore.App.Ref
                                     TargetingPackVersion=8.0.10
                             Microsoft.WindowsDesktop.App
                                     DefaultRuntimeFrameworkVersion=8.0.0
                                     IsWindowsOnly=true
                                     LatestRuntimeFrameworkVersion=8.0.10
                                     RuntimeFrameworkName=Microsoft.WindowsDesktop.App
                                     RuntimePackNamePatterns=Microsoft.WindowsDesktop.App.Runtime.**RID**
                                     RuntimePackRuntimeIdentifiers=win-x64;win-x86;win-arm64
                                     TargetFramework=net8.0
                                     TargetingPackName=Microsoft.WindowsDesktop.App.Ref
                                     TargetingPackVersion=8.0.10
                             Microsoft.WindowsDesktop.App.WPF
                                     DefaultRuntimeFrameworkVersion=8.0.0
                                     IsWindowsOnly=true
                                     LatestRuntimeFrameworkVersion=8.0.10
                                     Profile=WPF
                                     RuntimeFrameworkName=Microsoft.WindowsDesktop.App
                                     RuntimePackNamePatterns=Microsoft.WindowsDesktop.App.Runtime.**RID**
                                     RuntimePackRuntimeIdentifiers=win-x64;win-x86;win-arm64
                                     TargetFramework=net8.0
                                     TargetingPackName=Microsoft.WindowsDesktop.App.Ref
                                     TargetingPackVersion=8.0.10
                             Microsoft.WindowsDesktop.App.WindowsForms
                                     DefaultRuntimeFrameworkVersion=8.0.0
                                     IsWindowsOnly=true
                                     LatestRuntimeFrameworkVersion=8.0.10
                                     Profile=WindowsForms
                                     RuntimeFrameworkName=Microsoft.WindowsDesktop.App
                                     RuntimePackNamePatterns=Microsoft.WindowsDesktop.App.Runtime.**RID**
                                     RuntimePackRuntimeIdentifiers=win-x64;win-x86;win-arm64
                                     TargetFramework=net8.0
                                     TargetingPackName=Microsoft.WindowsDesktop.App.Ref
                                     TargetingPackVersion=8.0.10
                             Microsoft.AspNetCore.App
                                     DefaultRuntimeFrameworkVersion=8.0.0
                                     LatestRuntimeFrameworkVersion=8.0.10
                                     RuntimeFrameworkName=Microsoft.AspNetCore.App
                                     RuntimePackExcludedRuntimeIdentifiers=android;linux-bionic
                                     RuntimePackNamePatterns=Microsoft.AspNetCore.App.Runtime.**RID**
                                     RuntimePackRuntimeIdentifiers=win-x64;win-x86;win-arm;osx-x64;linux-musl-x64;linux-musl-arm64;linux-x64;linux-arm;linux-arm64;linux-musl-arm;win-arm64;osx-arm64;linux-s390x;linux-ppc64le
                                     TargetFramework=net8.0
                                     TargetingPackName=Microsoft.AspNetCore.App.Ref
                                     TargetingPackVersion=8.0.10
                             Microsoft.Windows.SDK.NET.Ref
                                     DefaultRuntimeFrameworkVersion=10.0.17763.44
                                     IsWindowsOnly=true
                                     LatestRuntimeFrameworkVersion=10.0.17763.44
                                     RuntimeFrameworkName=Microsoft.Windows.SDK.NET.Ref
                                     RuntimePackAlwaysCopyLocal=true
                                     RuntimePackNamePatterns=Microsoft.Windows.SDK.NET.Ref
                                     RuntimePackRuntimeIdentifiers=any
                                     TargetFramework=net8.0-windows10.0.17763.0
                                     TargetingPackName=Microsoft.Windows.SDK.NET.Ref
                                     TargetingPackVersion=10.0.17763.44
                             Microsoft.Windows.SDK.NET.Ref
                                     DefaultRuntimeFrameworkVersion=10.0.18362.44
                                     IsWindowsOnly=true
                                     LatestRuntimeFrameworkVersion=10.0.18362.44
                                     RuntimeFrameworkName=Microsoft.Windows.SDK.NET.Ref
                                     RuntimePackAlwaysCopyLocal=true
                                     RuntimePackNamePatterns=Microsoft.Windows.SDK.NET.Ref
                                     RuntimePackRuntimeIdentifiers=any
                                     TargetFramework=net8.0-windows10.0.18362.0
                                     TargetingPackName=Microsoft.Windows.SDK.NET.Ref
                                     TargetingPackVersion=10.0.18362.44
                             Microsoft.Windows.SDK.NET.Ref
                                     DefaultRuntimeFrameworkVersion=10.0.19041.44
                                     IsWindowsOnly=true
                                     LatestRuntimeFrameworkVersion=10.0.19041.44
                                     RuntimeFrameworkName=Microsoft.Windows.SDK.NET.Ref
                                     RuntimePackAlwaysCopyLocal=true
                                     RuntimePackNamePatterns=Microsoft.Windows.SDK.NET.Ref
                                     RuntimePackRuntimeIdentifiers=any
                                     TargetFramework=net8.0-windows10.0.19041.0
                                     TargetingPackName=Microsoft.Windows.SDK.NET.Ref
                                     TargetingPackVersion=10.0.19041.44
                             Microsoft.NETCore.App
                                     DefaultRuntimeFrameworkVersion=7.0.0
                                     LatestRuntimeFrameworkVersion=7.0.20
                                     RuntimeFrameworkName=Microsoft.NETCore.App
                                     RuntimePackNamePatterns=Microsoft.NETCore.App.Runtime.**RID**
                                     RuntimePackRuntimeIdentifiers=linux-arm;linux-arm64;linux-musl-arm64;linux-musl-x64;linux-x64;osx-x64;rhel.6-x64;tizen.4.0.0-armel;tizen.5.0.0-armel;win-arm;win-arm64;win-x64;win-x86;linux-musl-arm;osx-arm64;linux-s390x;linux-bionic-arm;linux-bionic-arm64;linux-bionic-x64;linux-bionic-x86;linux-ppc64le
                                     TargetFramework=net7.0
                                     TargetingPackName=Microsoft.NETCore.App.Ref
                                     TargetingPackVersion=7.0.20
                             Microsoft.WindowsDesktop.App
                                     DefaultRuntimeFrameworkVersion=7.0.0
                                     IsWindowsOnly=true
                                     LatestRuntimeFrameworkVersion=7.0.20
                                     RuntimeFrameworkName=Microsoft.WindowsDesktop.App
                                     RuntimePackNamePatterns=Microsoft.WindowsDesktop.App.Runtime.**RID**
                                     RuntimePackRuntimeIdentifiers=win-x64;win-x86;win-arm64
                                     TargetFramework=net7.0
                                     TargetingPackName=Microsoft.WindowsDesktop.App.Ref
                                     TargetingPackVersion=7.0.20
                             Microsoft.WindowsDesktop.App.WPF
                                     DefaultRuntimeFrameworkVersion=7.0.0
                                     IsWindowsOnly=true
                                     LatestRuntimeFrameworkVersion=7.0.20
                                     Profile=WPF
                                     RuntimeFrameworkName=Microsoft.WindowsDesktop.App
                                     RuntimePackNamePatterns=Microsoft.WindowsDesktop.App.Runtime.**RID**
                                     RuntimePackRuntimeIdentifiers=win-x64;win-x86;win-arm64
                                     TargetFramework=net7.0
                                     TargetingPackName=Microsoft.WindowsDesktop.App.Ref
                                     TargetingPackVersion=7.0.20
                             Microsoft.WindowsDesktop.App.WindowsForms
                                     DefaultRuntimeFrameworkVersion=7.0.0
                                     IsWindowsOnly=true
                                     LatestRuntimeFrameworkVersion=7.0.20
                                     Profile=WindowsForms
                                     RuntimeFrameworkName=Microsoft.WindowsDesktop.App
                                     RuntimePackNamePatterns=Microsoft.WindowsDesktop.App.Runtime.**RID**
                                     RuntimePackRuntimeIdentifiers=win-x64;win-x86;win-arm64
                                     TargetFramework=net7.0
                                     TargetingPackName=Microsoft.WindowsDesktop.App.Ref
                                     TargetingPackVersion=7.0.20
                             Microsoft.AspNetCore.App
                                     DefaultRuntimeFrameworkVersion=7.0.0
                                     LatestRuntimeFrameworkVersion=7.0.20
                                     RuntimeFrameworkName=Microsoft.AspNetCore.App
                                     RuntimePackExcludedRuntimeIdentifiers=android
                                     RuntimePackNamePatterns=Microsoft.AspNetCore.App.Runtime.**RID**
                                     RuntimePackRuntimeIdentifiers=win-x64;win-x86;win-arm;osx-x64;linux-musl-x64;linux-musl-arm64;linux-x64;linux-arm;linux-arm64;linux-musl-arm;win-arm64;osx-arm64;linux-s390x;linux-ppc64le
                                     TargetFramework=net7.0
                                     TargetingPackName=Microsoft.AspNetCore.App.Ref
                                     TargetingPackVersion=7.0.20
                             Microsoft.Windows.SDK.NET.Ref
                                     DefaultRuntimeFrameworkVersion=10.0.17763.44
                                     IsWindowsOnly=true
                                     LatestRuntimeFrameworkVersion=10.0.17763.44
                                     RuntimeFrameworkName=Microsoft.Windows.SDK.NET.Ref
                                     RuntimePackAlwaysCopyLocal=true
                                     RuntimePackNamePatterns=Microsoft.Windows.SDK.NET.Ref
                                     RuntimePackRuntimeIdentifiers=any
                                     TargetFramework=net7.0-windows10.0.17763.0
                                     TargetingPackName=Microsoft.Windows.SDK.NET.Ref
                                     TargetingPackVersion=10.0.17763.44
                             Microsoft.Windows.SDK.NET.Ref
                                     DefaultRuntimeFrameworkVersion=10.0.18362.44
                                     IsWindowsOnly=true
                                     LatestRuntimeFrameworkVersion=10.0.18362.44
                                     RuntimeFrameworkName=Microsoft.Windows.SDK.NET.Ref
                                     RuntimePackAlwaysCopyLocal=true
                                     RuntimePackNamePatterns=Microsoft.Windows.SDK.NET.Ref
                                     RuntimePackRuntimeIdentifiers=any
                                     TargetFramework=net7.0-windows10.0.18362.0
                                     TargetingPackName=Microsoft.Windows.SDK.NET.Ref
                                     TargetingPackVersion=10.0.18362.44
                             Microsoft.Windows.SDK.NET.Ref
                                     DefaultRuntimeFrameworkVersion=10.0.19041.44
                                     IsWindowsOnly=true
                                     LatestRuntimeFrameworkVersion=10.0.19041.44
                                     RuntimeFrameworkName=Microsoft.Windows.SDK.NET.Ref
                                     RuntimePackAlwaysCopyLocal=true
                                     RuntimePackNamePatterns=Microsoft.Windows.SDK.NET.Ref
                                     RuntimePackRuntimeIdentifiers=any
                                     TargetFramework=net7.0-windows10.0.19041.0
                                     TargetingPackName=Microsoft.Windows.SDK.NET.Ref
                                     TargetingPackVersion=10.0.19041.44
                             Microsoft.NETCore.App
                                     DefaultRuntimeFrameworkVersion=6.0.0
                                     LatestRuntimeFrameworkVersion=6.0.35
                                     RuntimeFrameworkName=Microsoft.NETCore.App
                                     RuntimePackNamePatterns=Microsoft.NETCore.App.Runtime.**RID**
                                     RuntimePackRuntimeIdentifiers=linux-arm;linux-arm64;linux-musl-arm64;linux-musl-x64;linux-x64;osx-x64;rhel.6-x64;tizen.4.0.0-armel;tizen.5.0.0-armel;win-arm;win-arm64;win-x64;win-x86;linux-musl-arm;osx-arm64;linux-s390x
                                     TargetFramework=net6.0
                                     TargetingPackName=Microsoft.NETCore.App.Ref
                                     TargetingPackVersion=6.0.35
                             Microsoft.WindowsDesktop.App
                                     DefaultRuntimeFrameworkVersion=6.0.0
                                     IsWindowsOnly=true
                                     LatestRuntimeFrameworkVersion=6.0.35
                                     RuntimeFrameworkName=Microsoft.WindowsDesktop.App
                                     RuntimePackNamePatterns=Microsoft.WindowsDesktop.App.Runtime.**RID**
                                     RuntimePackRuntimeIdentifiers=win-x64;win-x86;win-arm64
                                     TargetFramework=net6.0
                                     TargetingPackName=Microsoft.WindowsDesktop.App.Ref
                                     TargetingPackVersion=6.0.35
                             Microsoft.WindowsDesktop.App.WPF
                                     DefaultRuntimeFrameworkVersion=6.0.0
                                     IsWindowsOnly=true
                                     LatestRuntimeFrameworkVersion=6.0.35
                                     Profile=WPF
                                     RuntimeFrameworkName=Microsoft.WindowsDesktop.App
                                     RuntimePackNamePatterns=Microsoft.WindowsDesktop.App.Runtime.**RID**
                                     RuntimePackRuntimeIdentifiers=win-x64;win-x86;win-arm64
                                     TargetFramework=net6.0
                                     TargetingPackName=Microsoft.WindowsDesktop.App.Ref
                                     TargetingPackVersion=6.0.35
                             Microsoft.WindowsDesktop.App.WindowsForms
                                     DefaultRuntimeFrameworkVersion=6.0.0
                                     IsWindowsOnly=true
                                     LatestRuntimeFrameworkVersion=6.0.35
                                     Profile=WindowsForms
                                     RuntimeFrameworkName=Microsoft.WindowsDesktop.App
                                     RuntimePackNamePatterns=Microsoft.WindowsDesktop.App.Runtime.**RID**
                                     RuntimePackRuntimeIdentifiers=win-x64;win-x86;win-arm64
                                     TargetFramework=net6.0
                                     TargetingPackName=Microsoft.WindowsDesktop.App.Ref
                                     TargetingPackVersion=6.0.35
                             Microsoft.AspNetCore.App
                                     DefaultRuntimeFrameworkVersion=6.0.0
                                     LatestRuntimeFrameworkVersion=6.0.35
                                     RuntimeFrameworkName=Microsoft.AspNetCore.App
                                     RuntimePackNamePatterns=Microsoft.AspNetCore.App.Runtime.**RID**
                                     RuntimePackRuntimeIdentifiers=win-x64;win-x86;win-arm;osx-x64;linux-musl-x64;linux-musl-arm64;linux-x64;linux-arm;linux-arm64;linux-musl-arm;win-arm64;osx-arm64;linux-s390x
                                     TargetFramework=net6.0
                                     TargetingPackName=Microsoft.AspNetCore.App.Ref
                                     TargetingPackVersion=6.0.35
                             Microsoft.Windows.SDK.NET.Ref
                                     DefaultRuntimeFrameworkVersion=10.0.17763.44
                                     IsWindowsOnly=true
                                     LatestRuntimeFrameworkVersion=10.0.17763.44
                                     RuntimeFrameworkName=Microsoft.Windows.SDK.NET.Ref
                                     RuntimePackAlwaysCopyLocal=true
                                     RuntimePackNamePatterns=Microsoft.Windows.SDK.NET.Ref
                                     RuntimePackRuntimeIdentifiers=any
                                     TargetFramework=net6.0-windows10.0.17763.0
                                     TargetingPackName=Microsoft.Windows.SDK.NET.Ref
                                     TargetingPackVersion=10.0.17763.44
                             Microsoft.Windows.SDK.NET.Ref
                                     DefaultRuntimeFrameworkVersion=10.0.18362.44
                                     IsWindowsOnly=true
                                     LatestRuntimeFrameworkVersion=10.0.18362.44
                                     RuntimeFrameworkName=Microsoft.Windows.SDK.NET.Ref
                                     RuntimePackAlwaysCopyLocal=true
                                     RuntimePackNamePatterns=Microsoft.Windows.SDK.NET.Ref
                                     RuntimePackRuntimeIdentifiers=any
                                     TargetFramework=net6.0-windows10.0.18362.0
                                     TargetingPackName=Microsoft.Windows.SDK.NET.Ref
                                     TargetingPackVersion=10.0.18362.44
                             Microsoft.Windows.SDK.NET.Ref
                                     DefaultRuntimeFrameworkVersion=10.0.19041.44
                                     IsWindowsOnly=true
                                     LatestRuntimeFrameworkVersion=10.0.19041.44
                                     RuntimeFrameworkName=Microsoft.Windows.SDK.NET.Ref
                                     RuntimePackAlwaysCopyLocal=true
                                     RuntimePackNamePatterns=Microsoft.Windows.SDK.NET.Ref
                                     RuntimePackRuntimeIdentifiers=any
                                     TargetFramework=net6.0-windows10.0.19041.0
                                     TargetingPackName=Microsoft.Windows.SDK.NET.Ref
                                     TargetingPackVersion=10.0.19041.44
                             Microsoft.NETCore.App
                                     DefaultRuntimeFrameworkVersion=5.0.0
                                     IsTrimmable=true
                                     LatestRuntimeFrameworkVersion=5.0.17
                                     RuntimeFrameworkName=Microsoft.NETCore.App
                                     RuntimePackNamePatterns=Microsoft.NETCore.App.Runtime.**RID**
                                     RuntimePackRuntimeIdentifiers=linux-arm;linux-arm64;linux-musl-arm64;linux-musl-x64;linux-x64;osx-x64;rhel.6-x64;tizen.4.0.0-armel;tizen.5.0.0-armel;win-arm;win-arm64;win-x64;win-x86;linux-musl-arm;browser-wasm
                                     TargetFramework=net5.0
                                     TargetingPackName=Microsoft.NETCore.App.Ref
                                     TargetingPackVersion=5.0.0
                             Microsoft.WindowsDesktop.App
                                     DefaultRuntimeFrameworkVersion=5.0.0
                                     IsWindowsOnly=true
                                     LatestRuntimeFrameworkVersion=5.0.17
                                     RuntimeFrameworkName=Microsoft.WindowsDesktop.App
                                     RuntimePackNamePatterns=Microsoft.WindowsDesktop.App.Runtime.**RID**
                                     RuntimePackRuntimeIdentifiers=win-x64;win-x86;win-arm64
                                     TargetFramework=net5.0
                                     TargetingPackName=Microsoft.WindowsDesktop.App.Ref
                                     TargetingPackVersion=5.0.0
                             Microsoft.WindowsDesktop.App.WPF
                                     DefaultRuntimeFrameworkVersion=5.0.0
                                     IsWindowsOnly=true
                                     LatestRuntimeFrameworkVersion=5.0.17
                                     Profile=WPF
                                     RuntimeFrameworkName=Microsoft.WindowsDesktop.App
                                     RuntimePackNamePatterns=Microsoft.WindowsDesktop.App.Runtime.**RID**
                                     RuntimePackRuntimeIdentifiers=win-x64;win-x86;win-arm64
                                     TargetFramework=net5.0
                                     TargetingPackName=Microsoft.WindowsDesktop.App.Ref
                                     TargetingPackVersion=5.0.0
                             Microsoft.WindowsDesktop.App.WindowsForms
                                     DefaultRuntimeFrameworkVersion=5.0.0
                                     IsWindowsOnly=true
                                     LatestRuntimeFrameworkVersion=5.0.17
                                     Profile=WindowsForms
                                     RuntimeFrameworkName=Microsoft.WindowsDesktop.App
                                     RuntimePackNamePatterns=Microsoft.WindowsDesktop.App.Runtime.**RID**
                                     RuntimePackRuntimeIdentifiers=win-x64;win-x86;win-arm64
                                     TargetFramework=net5.0
                                     TargetingPackName=Microsoft.WindowsDesktop.App.Ref
                                     TargetingPackVersion=5.0.0
                             Microsoft.AspNetCore.App
                                     DefaultRuntimeFrameworkVersion=5.0.0
                                     LatestRuntimeFrameworkVersion=5.0.17
                                     RuntimeFrameworkName=Microsoft.AspNetCore.App
                                     RuntimePackNamePatterns=Microsoft.AspNetCore.App.Runtime.**RID**
                                     RuntimePackRuntimeIdentifiers=win-x64;win-x86;win-arm;osx-x64;linux-musl-x64;linux-musl-arm64;linux-x64;linux-arm;linux-arm64;linux-musl-arm;win-arm64
                                     TargetFramework=net5.0
                                     TargetingPackName=Microsoft.AspNetCore.App.Ref
                                     TargetingPackVersion=5.0.0
                             Microsoft.Windows.SDK.NET.Ref
                                     DefaultRuntimeFrameworkVersion=10.0.17763.44
                                     IsWindowsOnly=true
                                     LatestRuntimeFrameworkVersion=10.0.17763.44
                                     RuntimeFrameworkName=Microsoft.Windows.SDK.NET.Ref
                                     RuntimePackAlwaysCopyLocal=true
                                     RuntimePackNamePatterns=Microsoft.Windows.SDK.NET.Ref
                                     RuntimePackRuntimeIdentifiers=any
                                     TargetFramework=net5.0-windows10.0.17763.0
                                     TargetingPackName=Microsoft.Windows.SDK.NET.Ref
                                     TargetingPackVersion=10.0.17763.44
                             Microsoft.Windows.SDK.NET.Ref
                                     DefaultRuntimeFrameworkVersion=10.0.18362.44
                                     IsWindowsOnly=true
                                     LatestRuntimeFrameworkVersion=10.0.18362.44
                                     RuntimeFrameworkName=Microsoft.Windows.SDK.NET.Ref
                                     RuntimePackAlwaysCopyLocal=true
                                     RuntimePackNamePatterns=Microsoft.Windows.SDK.NET.Ref
                                     RuntimePackRuntimeIdentifiers=any
                                     TargetFramework=net5.0-windows10.0.18362.0
                                     TargetingPackName=Microsoft.Windows.SDK.NET.Ref
                                     TargetingPackVersion=10.0.18362.44
                             Microsoft.Windows.SDK.NET.Ref
                                     DefaultRuntimeFrameworkVersion=10.0.19041.44
                                     IsWindowsOnly=true
                                     LatestRuntimeFrameworkVersion=10.0.19041.44
                                     RuntimeFrameworkName=Microsoft.Windows.SDK.NET.Ref
                                     RuntimePackAlwaysCopyLocal=true
                                     RuntimePackNamePatterns=Microsoft.Windows.SDK.NET.Ref
                                     RuntimePackRuntimeIdentifiers=any
                                     TargetFramework=net5.0-windows10.0.19041.0
                                     TargetingPackName=Microsoft.Windows.SDK.NET.Ref
                                     TargetingPackVersion=10.0.19041.44
                             Microsoft.NETCore.App
                                     DefaultRuntimeFrameworkVersion=3.1.0
                                     IsTrimmable=true
                                     LatestRuntimeFrameworkVersion=3.1.32
                                     RuntimeFrameworkName=Microsoft.NETCore.App
                                     RuntimePackNamePatterns=Microsoft.NETCore.App.Runtime.**RID**
                                     RuntimePackRuntimeIdentifiers=linux-arm;linux-arm64;linux-musl-arm64;linux-musl-x64;linux-x64;osx-x64;rhel.6-x64;tizen.4.0.0-armel;tizen.5.0.0-armel;win-arm;win-arm64;win-x64;win-x86
                                     TargetFramework=netcoreapp3.1
                                     TargetingPackName=Microsoft.NETCore.App.Ref
                                     TargetingPackVersion=3.1.0
                             Microsoft.WindowsDesktop.App
                                     DefaultRuntimeFrameworkVersion=3.1.0
                                     IsWindowsOnly=true
                                     LatestRuntimeFrameworkVersion=3.1.32
                                     RuntimeFrameworkName=Microsoft.WindowsDesktop.App
                                     RuntimePackNamePatterns=Microsoft.WindowsDesktop.App.Runtime.**RID**
                                     RuntimePackRuntimeIdentifiers=win-x64;win-x86
                                     TargetFramework=netcoreapp3.1
                                     TargetingPackName=Microsoft.WindowsDesktop.App.Ref
                                     TargetingPackVersion=3.1.0
                             Microsoft.WindowsDesktop.App.WPF
                                     DefaultRuntimeFrameworkVersion=3.1.0
                                     IsWindowsOnly=true
                                     LatestRuntimeFrameworkVersion=3.1.32
                                     Profile=WPF
                                     RuntimeFrameworkName=Microsoft.WindowsDesktop.App
                                     RuntimePackNamePatterns=Microsoft.WindowsDesktop.App.Runtime.**RID**
                                     RuntimePackRuntimeIdentifiers=win-x64;win-x86
                                     TargetFramework=netcoreapp3.1
                                     TargetingPackName=Microsoft.WindowsDesktop.App.Ref
                                     TargetingPackVersion=3.1.0
                             Microsoft.WindowsDesktop.App.WindowsForms
                                     DefaultRuntimeFrameworkVersion=3.1.0
                                     IsWindowsOnly=true
                                     LatestRuntimeFrameworkVersion=3.1.32
                                     Profile=WindowsForms
                                     RuntimeFrameworkName=Microsoft.WindowsDesktop.App
                                     RuntimePackNamePatterns=Microsoft.WindowsDesktop.App.Runtime.**RID**
                                     RuntimePackRuntimeIdentifiers=win-x64;win-x86
                                     TargetFramework=netcoreapp3.1
                                     TargetingPackName=Microsoft.WindowsDesktop.App.Ref
                                     TargetingPackVersion=3.1.0
                             Microsoft.AspNetCore.App
                                     DefaultRuntimeFrameworkVersion=3.1.0
                                     LatestRuntimeFrameworkVersion=3.1.32
                                     RuntimeFrameworkName=Microsoft.AspNetCore.App
                                     RuntimePackNamePatterns=Microsoft.AspNetCore.App.Runtime.**RID**
                                     RuntimePackRuntimeIdentifiers=win-x64;win-x86;win-arm;osx-x64;linux-musl-x64;linux-musl-arm64;linux-x64;linux-arm;linux-arm64
                                     TargetFramework=netcoreapp3.1
                                     TargetingPackName=Microsoft.AspNetCore.App.Ref
                                     TargetingPackVersion=3.1.10
                             Microsoft.NETCore.App
                                     DefaultRuntimeFrameworkVersion=3.0.0
                                     IsTrimmable=true
                                     LatestRuntimeFrameworkVersion=3.0.3
                                     RuntimeFrameworkName=Microsoft.NETCore.App
                                     RuntimePackNamePatterns=Microsoft.NETCore.App.Runtime.**RID**
                                     RuntimePackRuntimeIdentifiers=linux-arm;linux-arm64;linux-musl-arm64;linux-musl-x64;linux-x64;osx-x64;rhel.6-x64;tizen.4.0.0-armel;tizen.5.0.0-armel;win-arm;win-arm64;win-x64;win-x86
                                     TargetFramework=netcoreapp3.0
                                     TargetingPackName=Microsoft.NETCore.App.Ref
                                     TargetingPackVersion=3.0.0
                             Microsoft.WindowsDesktop.App
                                     DefaultRuntimeFrameworkVersion=3.0.0
                                     IsWindowsOnly=true
                                     LatestRuntimeFrameworkVersion=3.0.3
                                     RuntimeFrameworkName=Microsoft.WindowsDesktop.App
                                     RuntimePackNamePatterns=Microsoft.WindowsDesktop.App.Runtime.**RID**
                                     RuntimePackRuntimeIdentifiers=win-x64;win-x86
                                     TargetFramework=netcoreapp3.0
                                     TargetingPackName=Microsoft.WindowsDesktop.App.Ref
                                     TargetingPackVersion=3.0.0
                             Microsoft.WindowsDesktop.App.WPF
                                     DefaultRuntimeFrameworkVersion=3.0.0
                                     IsWindowsOnly=true
                                     LatestRuntimeFrameworkVersion=3.0.3
                                     Profile=WPF
                                     RuntimeFrameworkName=Microsoft.WindowsDesktop.App
                                     RuntimePackNamePatterns=Microsoft.WindowsDesktop.App.Runtime.**RID**
                                     RuntimePackRuntimeIdentifiers=win-x64;win-x86
                                     TargetFramework=netcoreapp3.0
                                     TargetingPackName=Microsoft.WindowsDesktop.App.Ref
                                     TargetingPackVersion=3.0.0
                             Microsoft.WindowsDesktop.App.WindowsForms
                                     DefaultRuntimeFrameworkVersion=3.0.0
                                     IsWindowsOnly=true
                                     LatestRuntimeFrameworkVersion=3.0.3
                                     Profile=WindowsForms
                                     RuntimeFrameworkName=Microsoft.WindowsDesktop.App
                                     RuntimePackNamePatterns=Microsoft.WindowsDesktop.App.Runtime.**RID**
                                     RuntimePackRuntimeIdentifiers=win-x64;win-x86
                                     TargetFramework=netcoreapp3.0
                                     TargetingPackName=Microsoft.WindowsDesktop.App.Ref
                                     TargetingPackVersion=3.0.0
                             Microsoft.AspNetCore.App
                                     DefaultRuntimeFrameworkVersion=3.0.0
                                     LatestRuntimeFrameworkVersion=3.0.3
                                     RuntimeFrameworkName=Microsoft.AspNetCore.App
                                     RuntimePackNamePatterns=Microsoft.AspNetCore.App.Runtime.**RID**
                                     RuntimePackRuntimeIdentifiers=win-x64;win-x86;win-arm;osx-x64;linux-musl-x64;linux-musl-arm64;linux-x64;linux-arm;linux-arm64
                                     TargetFramework=netcoreapp3.0
                                     TargetingPackName=Microsoft.AspNetCore.App.Ref
                                     TargetingPackVersion=3.0.1
                             NETStandard.Library
                                     TargetFramework=netstandard2.1
                                     TargetingPackName=NETStandard.Library.Ref
                                     TargetingPackVersion=2.1.0 (TaskId:8)
                     Task Parameter:EnableTargetingPackDownload=True (TaskId:8)
                     Task Parameter:TargetFrameworkIdentifier=.NETCoreApp (TaskId:8)
                     Output Item(s): 
                         RuntimeFramework=
                             Microsoft.NETCore.App
                                     FrameworkName=Microsoft.NETCore.App
                                     Version=8.0.0
                             Microsoft.WindowsDesktop.App
                                     FrameworkName=Microsoft.WindowsDesktop.App
                                     Version=8.0.0
                             Microsoft.WindowsDesktop.App
                                     FrameworkName=Microsoft.WindowsDesktop.App.WPF
                                     Version=8.0.0
                             Microsoft.WindowsDesktop.App
                                     FrameworkName=Microsoft.WindowsDesktop.App.WindowsForms
                                     Version=8.0.0
                             Microsoft.AspNetCore.App
                                     FrameworkName=Microsoft.AspNetCore.App
                                     Version=8.0.0 (TaskId:8)
                     Output Item(s): 
                         TargetingPack=
                             Microsoft.NETCore.App
                                     NuGetPackageId=Microsoft.NETCore.App.Ref
                                     NuGetPackageVersion=8.0.10
                                     PackageConflictPreferredPackages=Microsoft.NETCore.App.Ref;Microsoft.NETCore.App.Runtime.linux-arm;Microsoft.NETCore.App.Runtime.linux-arm64;Microsoft.NETCore.App.Runtime.linux-musl-arm64;Microsoft.NETCore.App.Runtime.linux-musl-x64;Microsoft.NETCore.App.Runtime.linux-x64;Microsoft.NETCore.App.Runtime.osx-x64;Microsoft.NETCore.App.Runtime.rhel.6-x64;Microsoft.NETCore.App.Runtime.tizen.4.0.0-armel;Microsoft.NETCore.App.Runtime.tizen.5.0.0-armel;Microsoft.NETCore.App.Runtime.win-arm64;Microsoft.NETCore.App.Runtime.win-x64;Microsoft.NETCore.App.Runtime.win-x86;Microsoft.NETCore.App.Runtime.linux-musl-arm;Microsoft.NETCore.App.Runtime.osx-arm64;Microsoft.NETCore.App.Runtime.linux-s390x;Microsoft.NETCore.App.Runtime.linux-bionic-arm;Microsoft.NETCore.App.Runtime.linux-bionic-arm64;Microsoft.NETCore.App.Runtime.linux-bionic-x64;Microsoft.NETCore.App.Runtime.linux-bionic-x86;Microsoft.NETCore.App.Runtime.linux-ppc64le
                                     PackageDirectory=C:\Program Files\dotnet\packs\Microsoft.NETCore.App.Ref\8.0.10
                                     Path=C:\Program Files\dotnet\packs\Microsoft.NETCore.App.Ref\8.0.10
                                     RuntimeFrameworkName=Microsoft.NETCore.App
                                     RuntimePackRuntimeIdentifiers=linux-arm;linux-arm64;linux-musl-arm64;linux-musl-x64;linux-x64;osx-x64;rhel.6-x64;tizen.4.0.0-armel;tizen.5.0.0-armel;win-arm64;win-x64;win-x86;linux-musl-arm;osx-arm64;linux-s390x;linux-bionic-arm;linux-bionic-arm64;linux-bionic-x64;linux-bionic-x86;linux-ppc64le
                                     TargetFramework=net8.0
                                     TargetingPackFormat=
                             Microsoft.WindowsDesktop.App
                                     NuGetPackageId=Microsoft.WindowsDesktop.App.Ref
                                     NuGetPackageVersion=8.0.10
                                     PackageConflictPreferredPackages=Microsoft.WindowsDesktop.App.Ref;Microsoft.WindowsDesktop.App.Runtime.win-x64;Microsoft.WindowsDesktop.App.Runtime.win-x86;Microsoft.WindowsDesktop.App.Runtime.win-arm64
                                     PackageDirectory=C:\Program Files\dotnet\packs\Microsoft.WindowsDesktop.App.Ref\8.0.10
                                     Path=C:\Program Files\dotnet\packs\Microsoft.WindowsDesktop.App.Ref\8.0.10
                                     RuntimeFrameworkName=Microsoft.WindowsDesktop.App
                                     RuntimePackRuntimeIdentifiers=win-x64;win-x86;win-arm64
                                     TargetFramework=net8.0
                                     TargetingPackFormat=
                             Microsoft.WindowsDesktop.App.WPF
                                     NuGetPackageId=Microsoft.WindowsDesktop.App.Ref
                                     NuGetPackageVersion=8.0.10
                                     PackageConflictPreferredPackages=Microsoft.WindowsDesktop.App.Ref;Microsoft.WindowsDesktop.App.Runtime.win-x64;Microsoft.WindowsDesktop.App.Runtime.win-x86;Microsoft.WindowsDesktop.App.Runtime.win-arm64
                                     PackageDirectory=C:\Program Files\dotnet\packs\Microsoft.WindowsDesktop.App.Ref\8.0.10
                                     Path=C:\Program Files\dotnet\packs\Microsoft.WindowsDesktop.App.Ref\8.0.10
                                     Profile=WPF
                                     RuntimeFrameworkName=Microsoft.WindowsDesktop.App
                                     RuntimePackRuntimeIdentifiers=win-x64;win-x86;win-arm64
                                     TargetFramework=net8.0
                                     TargetingPackFormat=
                             Microsoft.WindowsDesktop.App.WindowsForms
                                     NuGetPackageId=Microsoft.WindowsDesktop.App.Ref
                                     NuGetPackageVersion=8.0.10
                                     PackageConflictPreferredPackages=Microsoft.WindowsDesktop.App.Ref;Microsoft.WindowsDesktop.App.Runtime.win-x64;Microsoft.WindowsDesktop.App.Runtime.win-x86;Microsoft.WindowsDesktop.App.Runtime.win-arm64
                                     PackageDirectory=C:\Program Files\dotnet\packs\Microsoft.WindowsDesktop.App.Ref\8.0.10
                                     Path=C:\Program Files\dotnet\packs\Microsoft.WindowsDesktop.App.Ref\8.0.10
                                     Profile=WindowsForms
                                     RuntimeFrameworkName=Microsoft.WindowsDesktop.App
                                     RuntimePackRuntimeIdentifiers=win-x64;win-x86;win-arm64
                                     TargetFramework=net8.0
                                     TargetingPackFormat=
                             Microsoft.AspNetCore.App
                                     NuGetPackageId=Microsoft.AspNetCore.App.Ref
                                     NuGetPackageVersion=8.0.10
                                     PackageConflictPreferredPackages=Microsoft.AspNetCore.App.Ref;Microsoft.AspNetCore.App.Runtime.win-x64;Microsoft.AspNetCore.App.Runtime.win-x86;Microsoft.AspNetCore.App.Runtime.win-arm;Microsoft.AspNetCore.App.Runtime.osx-x64;Microsoft.AspNetCore.App.Runtime.linux-musl-x64;Microsoft.AspNetCore.App.Runtime.linux-musl-arm64;Microsoft.AspNetCore.App.Runtime.linux-x64;Microsoft.AspNetCore.App.Runtime.linux-arm;Microsoft.AspNetCore.App.Runtime.linux-arm64;Microsoft.AspNetCore.App.Runtime.linux-musl-arm;Microsoft.AspNetCore.App.Runtime.win-arm64;Microsoft.AspNetCore.App.Runtime.osx-arm64;Microsoft.AspNetCore.App.Runtime.linux-s390x;Microsoft.AspNetCore.App.Runtime.linux-ppc64le
                                     PackageDirectory=C:\Program Files\dotnet\packs\Microsoft.AspNetCore.App.Ref\8.0.10
                                     Path=C:\Program Files\dotnet\packs\Microsoft.AspNetCore.App.Ref\8.0.10
                                     RuntimeFrameworkName=Microsoft.AspNetCore.App
                                     RuntimePackRuntimeIdentifiers=win-x64;win-x86;win-arm;osx-x64;linux-musl-x64;linux-musl-arm64;linux-x64;linux-arm;linux-arm64;linux-musl-arm;win-arm64;osx-arm64;linux-s390x;linux-ppc64le
                                     TargetFramework=net8.0
                                     TargetingPackFormat= (TaskId:8)
                     Output Item(s): 
                         _KnownRuntimeIdentifierPlatformsForTargetFramework=
                             linux
                             linux-musl
                             osx
                             rhel.6
                             tizen.4.0.0
                             tizen.5.0.0
                             win
                             linux-bionic
                             ios
                             iossimulator
                             tvos
                             tvossimulator
                             maccatalyst
                             browser
                             android (TaskId:8)
                   Done executing task "ProcessFrameworkReferences". (TaskId:8)
                   Using "ResolveAppHosts" task from assembly "C:\Program Files\dotnet\sdk\8.0.403\Sdks\Microsoft.NET.Sdk\targets\..\tools\net8.0\Microsoft.NET.Build.Tasks.dll".
                   Task "ResolveAppHosts" (TaskId:9)
                     Task Parameter:RuntimeGraphPath=C:\Program Files\dotnet\sdk\8.0.403/PortableRuntimeIdentifierGraph.json (TaskId:9)
                     Task Parameter:TargetFrameworkVersion=8.0 (TaskId:9)
                     Task Parameter:DotNetComHostLibraryNameWithoutExtension=comhost (TaskId:9)
                     Task Parameter:DotNetIjwHostLibraryNameWithoutExtension=Ijwhost (TaskId:9)
                     Task Parameter:TargetingPackRoot=C:\Program Files\dotnet\packs (TaskId:9)
                     Task Parameter:NetCoreTargetingPackRoot=C:\Program Files\dotnet\packs (TaskId:9)
                     Task Parameter:DotNetAppHostExecutableNameWithoutExtension=apphost (TaskId:9)
                     Task Parameter:TargetFrameworkIdentifier=.NETCoreApp (TaskId:9)
                     Task Parameter:DotNetSingleFileHostExecutableNameWithoutExtension=singlefilehost (TaskId:9)
                     Task Parameter:
                         KnownAppHostPacks=
                             Microsoft.NETCore.App
                                     AppHostPackNamePattern=Microsoft.NETCore.App.Host.**RID**
                                     AppHostPackVersion=8.0.10
                                     AppHostRuntimeIdentifiers=linux-arm;linux-arm64;linux-musl-arm64;linux-musl-x64;linux-x64;osx-x64;rhel.6-x64;tizen.4.0.0-armel;tizen.5.0.0-armel;win-arm64;win-x64;win-x86;linux-musl-arm;osx-arm64;linux-s390x;linux-bionic-arm;linux-bionic-arm64;linux-bionic-x64;linux-bionic-x86;linux-ppc64le
                                     ExcludedRuntimeIdentifiers=android
                                     TargetFramework=net8.0
                             Microsoft.NETCore.App
                                     AppHostPackNamePattern=Microsoft.NETCore.App.Host.**RID**
                                     AppHostPackVersion=7.0.20
                                     AppHostRuntimeIdentifiers=linux-arm;linux-arm64;linux-musl-arm64;linux-musl-x64;linux-x64;osx-x64;rhel.6-x64;tizen.4.0.0-armel;tizen.5.0.0-armel;win-arm;win-arm64;win-x64;win-x86;linux-musl-arm;osx-arm64;linux-s390x;linux-bionic-arm;linux-bionic-arm64;linux-bionic-x64;linux-bionic-x86;linux-ppc64le
                                     ExcludedRuntimeIdentifiers=android
                                     TargetFramework=net7.0
                             Microsoft.NETCore.App
                                     AppHostPackNamePattern=Microsoft.NETCore.App.Host.**RID**
                                     AppHostPackVersion=6.0.35
                                     AppHostRuntimeIdentifiers=linux-arm;linux-arm64;linux-musl-arm64;linux-musl-x64;linux-x64;osx-x64;rhel.6-x64;tizen.4.0.0-armel;tizen.5.0.0-armel;win-arm;win-arm64;win-x64;win-x86;linux-musl-arm;osx-arm64;linux-s390x
                                     ExcludedRuntimeIdentifiers=android
                                     TargetFramework=net6.0
                             Microsoft.NETCore.App
                                     AppHostPackNamePattern=Microsoft.NETCore.App.Host.**RID**
                                     AppHostPackVersion=5.0.17
                                     AppHostRuntimeIdentifiers=linux-arm;linux-arm64;linux-musl-arm64;linux-musl-x64;linux-x64;osx-x64;rhel.6-x64;tizen.4.0.0-armel;tizen.5.0.0-armel;win-arm;win-arm64;win-x64;win-x86;linux-musl-arm
                                     TargetFramework=net5.0
                             Microsoft.NETCore.App
                                     AppHostPackNamePattern=Microsoft.NETCore.App.Host.**RID**
                                     AppHostPackVersion=3.1.32
                                     AppHostRuntimeIdentifiers=linux-arm;linux-arm64;linux-musl-arm64;linux-musl-x64;linux-x64;osx-x64;rhel.6-x64;tizen.4.0.0-armel;tizen.5.0.0-armel;win-arm;win-arm64;win-x64;win-x86
                                     TargetFramework=netcoreapp3.1
                             Microsoft.NETCore.App
                                     AppHostPackNamePattern=Microsoft.NETCore.App.Host.**RID**
                                     AppHostPackVersion=3.0.3
                                     AppHostRuntimeIdentifiers=linux-arm;linux-arm64;linux-musl-arm64;linux-musl-x64;linux-x64;osx-x64;rhel.6-x64;tizen.4.0.0-armel;tizen.5.0.0-armel;win-arm;win-arm64;win-x64;win-x86
                                     TargetFramework=netcoreapp3.0 (TaskId:9)
                   Done executing task "ResolveAppHosts". (TaskId:9)
                   Set Property: UsePackageDownload=true
                   Set Property: UsePackageDownload=true
20:48:35.446     1>Done building target "ProcessFrameworkReferences" in project "StaffManagement.Infrastructure.csproj".: (TargetId:14)
                   Target "IncludeTargetingPackReference" skipped, due to false condition; ('$(TargetFrameworkMoniker)' != '' and '$(TargetFrameworkIdentifier)' == '.NETFramework' and '$(AutomaticallyUseReferenceAssemblyPackages)' == 'true') was evaluated as ('.NETCoreApp,Version=v8.0' != '' and '.NETCoreApp' == '.NETFramework' and 'true' == 'true').
20:48:35.446     1>Target "_AddMicrosoftNetCompilerToolsetFrameworkPackage: (TargetId:15)" in file "C:\Program Files\dotnet\sdk\8.0.403\Sdks\Microsoft.NET.Sdk\targets\Microsoft.NET.Sdk.targets" from project "C:\Users\USER\OneDrive - Royal University of Phnom Penh\Desktop\Testing\StaffManagement\src\StaffManagement.Infrastructure\StaffManagement.Infrastructure.csproj" (target "CollectPackageReferences" depends on it):
                   Task "NETSdkWarning" skipped, due to false condition; ('@(PackageReference->AnyHaveMetadataValue('Identity', 'Microsoft.Net.Compilers.Toolset.Framework'))' == 'true') was evaluated as ('false' == 'true').
20:48:35.446     1>Done building target "_AddMicrosoftNetCompilerToolsetFrameworkPackage" in project "StaffManagement.Infrastructure.csproj".: (TargetId:15)
20:48:35.446     1>Target "_CheckForObsoleteDotNetCliToolReferences: (TargetId:16)" in file "C:\Program Files\dotnet\sdk\8.0.403\Sdks\Microsoft.NET.Sdk\targets\Microsoft.NET.ObsoleteReferences.targets" from project "C:\Users\USER\OneDrive - Royal University of Phnom Penh\Desktop\Testing\StaffManagement\src\StaffManagement.Infrastructure\StaffManagement.Infrastructure.csproj" (target "CollectPackageReferences" depends on it):
                   Task "NETSdkWarning" skipped, due to false condition; ( '%(_ReferenceToObsoleteDotNetCliTool.Identity)' != '' ) was evaluated as ( '' != '' ).
20:48:35.446     1>Done building target "_CheckForObsoleteDotNetCliToolReferences" in project "StaffManagement.Infrastructure.csproj".: (TargetId:16)
20:48:35.446     1>Target "CollectPackageReferences: (TargetId:17)" in file "C:\Program Files\dotnet\sdk\8.0.403\NuGet.targets" from project "C:\Users\USER\OneDrive - Royal University of Phnom Penh\Desktop\Testing\StaffManagement\src\StaffManagement.Infrastructure\StaffManagement.Infrastructure.csproj" (target "_GetRestoreProjectStyle" depends on it):
                   Set Property: CollectPackageReferencesContinueOnError=false
                   Assembly loaded during TaskRun: NuGet.Build.Tasks, Version=6.11.1.2, Culture=neutral, PublicKeyToken=31bf3856ad364e35 (location: C:\Program Files\dotnet\sdk\8.0.403\NuGet.Build.Tasks.dll, MVID: da6659e2-ab3c-4a1c-91d3-86fe81c4da96, AssemblyLoadContext: MSBuild plugin C:\Program Files\dotnet\sdk\8.0.403\NuGet.Build.Tasks.dll)
                   Assembly loaded during TaskRun: NuGet.Common, Version=6.11.1.2, Culture=neutral, PublicKeyToken=31bf3856ad364e35 (location: C:\Program Files\dotnet\sdk\8.0.403\NuGet.Common.dll, MVID: 71662c50-4eea-46ea-82bf-b2edfd33a945, AssemblyLoadContext: MSBuild plugin C:\Program Files\dotnet\sdk\8.0.403\NuGet.Build.Tasks.dll)
                   Assembly loaded during TaskRun: NuGet.Commands, Version=6.11.1.2, Culture=neutral, PublicKeyToken=31bf3856ad364e35 (location: C:\Program Files\dotnet\sdk\8.0.403\NuGet.Commands.dll, MVID: fd182425-a30a-445b-9628-b4c5f0ab1353, AssemblyLoadContext: MSBuild plugin C:\Program Files\dotnet\sdk\8.0.403\NuGet.Build.Tasks.dll)
                   Assembly loaded during TaskRun: NuGet.ProjectModel, Version=6.11.1.2, Culture=neutral, PublicKeyToken=31bf3856ad364e35 (location: C:\Program Files\dotnet\sdk\8.0.403\NuGet.ProjectModel.dll, MVID: de1018f8-9cea-4ea5-aafd-eccdf5a6f888, AssemblyLoadContext: MSBuild plugin C:\Program Files\dotnet\sdk\8.0.403\NuGet.Build.Tasks.dll)
                   Using "CheckForDuplicateNuGetItemsTask" task from assembly "C:\Program Files\dotnet\sdk\8.0.403\NuGet.Build.Tasks.dll".
                   Task "CheckForDuplicateNuGetItemsTask" (TaskId:10)
                     Task Parameter:ItemName=PackageReference (TaskId:10)
                     Task Parameter:NoWarn=1701;1702 (TaskId:10)
                     Task Parameter:TreatWarningsAsErrors=false (TaskId:10)
                     Task Parameter:WarningsAsErrors=;NU1605;SYSLIB0011 (TaskId:10)
                     Task Parameter:MSBuildProjectFullPath=C:\Users\USER\OneDrive - Royal University of Phnom Penh\Desktop\Testing\StaffManagement\src\StaffManagement.Infrastructure\StaffManagement.Infrastructure.csproj (TaskId:10)
                     Task Parameter:
                         Items=
                             Microsoft.EntityFrameworkCore
                                     Version=8.0.17
                             Microsoft.EntityFrameworkCore.SqlServer
                                     Version=8.0.10 (TaskId:10)
                     Task Parameter:LogCode=NU1504 (TaskId:10)
                   Done executing task "CheckForDuplicateNuGetItemsTask". (TaskId:10)
20:48:35.452     1>Done building target "CollectPackageReferences" in project "StaffManagement.Infrastructure.csproj".: (TargetId:17)
20:48:35.452     1>Target "_GetRestoreProjectStyle: (TargetId:18)" in file "C:\Program Files\dotnet\sdk\8.0.403\NuGet.targets" from project "C:\Users\USER\OneDrive - Royal University of Phnom Penh\Desktop\Testing\StaffManagement\src\StaffManagement.Infrastructure\StaffManagement.Infrastructure.csproj" (target "EnableIntermediateOutputPathMismatchWarning" depends on it):
                   Set Property: _HasPackageReferenceItems=true
                   Using "GetRestoreProjectStyleTask" task from assembly "C:\Program Files\dotnet\sdk\8.0.403\NuGet.Build.Tasks.dll".
                   Task "GetRestoreProjectStyleTask" (TaskId:11)
                     Task Parameter:MSBuildProjectDirectory=C:\Users\USER\OneDrive - Royal University of Phnom Penh\Desktop\Testing\StaffManagement\src\StaffManagement.Infrastructure (TaskId:11)
                     Task Parameter:MSBuildProjectName=StaffManagement.Infrastructure (TaskId:11)
                     Task Parameter:HasPackageReferenceItems=True (TaskId:11)
                     Task Parameter:RestoreProjectStyle=PackageReference (TaskId:11)
                     Output Property: RestoreProjectStyle=PackageReference (TaskId:11)
                     Output Property: PackageReferenceCompatibleProjectStyle=True (TaskId:11)
                   Done executing task "GetRestoreProjectStyleTask". (TaskId:11)
                   Set Property: _HasPackageReferenceItems=
20:48:35.453     1>Done building target "_GetRestoreProjectStyle" in project "StaffManagement.Infrastructure.csproj".: (TargetId:18)
20:48:35.453     1>Target "EnableIntermediateOutputPathMismatchWarning: (TargetId:19)" in file "C:\Program Files\dotnet\sdk\8.0.403\NuGet.targets" from project "C:\Users\USER\OneDrive - Royal University of Phnom Penh\Desktop\Testing\StaffManagement\src\StaffManagement.Infrastructure\StaffManagement.Infrastructure.csproj" (target "_CheckForInvalidConfigurationAndPlatform" depends on it):
                   Set Property: EnableBaseIntermediateOutputPathMismatchWarning=true
20:48:35.453     1>Done building target "EnableIntermediateOutputPathMismatchWarning" in project "StaffManagement.Infrastructure.csproj".: (TargetId:19)
                   Target "ApplyImplicitVersions" skipped. Previously built successfully.
                   Target "CheckForImplicitPackageReferenceOverrides" skipped. Previously built successfully.
20:48:35.453     1>Target "CheckForDuplicateItems: (TargetId:20)" in file "C:\Program Files\dotnet\sdk\8.0.403\Sdks\Microsoft.NET.Sdk\targets\Microsoft.NET.Sdk.DefaultItems.Shared.targets" from project "C:\Users\USER\OneDrive - Royal University of Phnom Penh\Desktop\Testing\StaffManagement\src\StaffManagement.Infrastructure\StaffManagement.Infrastructure.csproj" (target "_CheckForInvalidConfigurationAndPlatform" depends on it):
                   Set Property: DefaultItemsMoreInformationLink=https://aka.ms/sdkimplicititems
                   Using "CheckForDuplicateItems" task from assembly "C:\Program Files\dotnet\sdk\8.0.403\Sdks\Microsoft.NET.Sdk\targets\..\tools\net8.0\Microsoft.NET.Build.Tasks.dll".
                   Task "CheckForDuplicateItems" (TaskId:12)
                     Task Parameter:ItemName=Compile (TaskId:12)
                     Task Parameter:DefaultItemsEnabled=True (TaskId:12)
                     Task Parameter:PropertyNameToDisableDefaultItems=EnableDefaultCompileItems (TaskId:12)
                     Task Parameter:DefaultItemsOfThisTypeEnabled=True (TaskId:12)
                     Task Parameter:
                         Items=
                             Data\StaffManagementContext.cs
                             DependencyInjection.cs
                             Repositories\StaffRepository.cs (TaskId:12)
                     Task Parameter:MoreInformationLink=https://aka.ms/sdkimplicititems (TaskId:12)
                   Done executing task "CheckForDuplicateItems". (TaskId:12)
                   Task "CheckForDuplicateItems" (TaskId:13)
                     Task Parameter:ItemName=EmbeddedResource (TaskId:13)
                     Task Parameter:DefaultItemsEnabled=True (TaskId:13)
                     Task Parameter:PropertyNameToDisableDefaultItems=EnableDefaultEmbeddedResourceItems (TaskId:13)
                     Task Parameter:DefaultItemsOfThisTypeEnabled=True (TaskId:13)
                     Task Parameter:MoreInformationLink=https://aka.ms/sdkimplicititems (TaskId:13)
                   Done executing task "CheckForDuplicateItems". (TaskId:13)
                   Task "CheckForDuplicateItems" (TaskId:14)
                     Task Parameter:ItemName=Content (TaskId:14)
                     Task Parameter:DefaultItemsEnabled=True (TaskId:14)
                     Task Parameter:PropertyNameToDisableDefaultItems=EnableDefaultContentItems (TaskId:14)
                     Task Parameter:MoreInformationLink=https://aka.ms/sdkimplicititems (TaskId:14)
                   Done executing task "CheckForDuplicateItems". (TaskId:14)
20:48:35.455     1>Done building target "CheckForDuplicateItems" in project "StaffManagement.Infrastructure.csproj".: (TargetId:20)
                   Target "WarnForExplicitVersions" skipped, due to false condition; ('@(SdkBuildWarning)' != '') was evaluated as ('' != '').
                   Target "_CheckForFailedSDKResolution" skipped, due to false condition; ('$(SdkResolverHonoredGlobalJson)' == 'false') was evaluated as ('' == 'false').
                   Target "_WarnWhenUsingNET8AndVSPriorTo178" skipped, due to false condition; ($([MSBuild]::VersionLessThan($(MSBuildVersion), '17.8.0')) and '$(TargetFrameworkIdentifier)' == '.NETCoreApp' and $([MSBuild]::VersionGreaterThanOrEquals($(_TargetFrameworkVersionWithoutV), '8.0'))) was evaluated as (False and '.NETCoreApp' == '.NETCoreApp' and True).
                   Target "_CheckForInvalidWindowsDesktopTargetingConfiguration" skipped, due to false condition; ('$(TargetFrameworkIdentifier)' == '.NETCoreApp' and $([MSBuild]::VersionGreaterThanOrEquals($(_TargetFrameworkVersionWithoutV), '5.0')) and ('$(UseWindowsForms)' == 'true' or '$(UseWPF)' == 'true')) was evaluated as ('.NETCoreApp' == '.NETCoreApp' and True and ('' == 'true' or '' == 'true')).
                   Target "_CheckForUnnecessaryWindowsDesktopSDK" skipped, due to false condition; ('$(TargetFrameworkIdentifier)' == '.NETCoreApp' and $([MSBuild]::VersionGreaterThanOrEquals($(_TargetFrameworkVersionWithoutV), '5.0')) and '$(_MicrosoftWindowsDesktopSdkImported)' == 'true' and '$(TargetFrameworks)' == '') was evaluated as ('.NETCoreApp' == '.NETCoreApp' and True and '' == 'true' and '' == '').
                   Target "ProcessFrameworkReferences" skipped. Previously built successfully.
                   Target "IncludeTargetingPackReference" skipped, due to false condition; ('$(TargetFrameworkMoniker)' != '' and '$(TargetFrameworkIdentifier)' == '.NETFramework' and '$(AutomaticallyUseReferenceAssemblyPackages)' == 'true') was evaluated as ('.NETCoreApp,Version=v8.0' != '' and '.NETCoreApp' == '.NETFramework' and 'true' == 'true').
20:48:35.455     1>Target "_CheckForInvalidConfigurationAndPlatform: (TargetId:21)" in file "C:\Program Files\dotnet\sdk\8.0.403\Microsoft.Common.CurrentVersion.targets" from project "C:\Users\USER\OneDrive - Royal University of Phnom Penh\Desktop\Testing\StaffManagement\src\StaffManagement.Infrastructure\StaffManagement.Infrastructure.csproj" (target "BeforeBuild" depends on it):
                   Set Property: _InvalidConfigurationMessageText=The BaseOutputPath/OutputPath property is not set for project 'StaffManagement.Infrastructure.csproj'.  Please check to make sure that you have specified a valid combination of Configuration and Platform for this project.  Configuration='Debug'  Platform='AnyCPU'.
                   Set Property: _InvalidConfigurationMessageText=The BaseOutputPath/OutputPath property is not set for project 'StaffManagement.Infrastructure.csproj'.  Please check to make sure that you have specified a valid combination of Configuration and Platform for this project.  Configuration='Debug'  Platform='AnyCPU'.  You may be seeing this message because you are trying to build a project without a solution file, and have specified a non-default Configuration or Platform that doesn't exist for this project.
                   Task "Error" skipped, due to false condition; ( '$(_InvalidConfigurationError)' == 'true' ) was evaluated as ( '' == 'true' ).
                   Task "Warning" skipped, due to false condition; ( '$(_InvalidConfigurationWarning)' == 'true' ) was evaluated as ( '' == 'true' ).
                   Using "Message" task from assembly "Microsoft.Build.Tasks.Core, Version=15.1.0.0, Culture=neutral, PublicKeyToken=b03f5f7f11d50a3a".
                   Task "Message" (TaskId:15)
                     Task Parameter:Text=Configuration=Debug (TaskId:15)
                     Task Parameter:Importance=Low (TaskId:15)
                     Configuration=Debug (TaskId:15)
                   Done executing task "Message". (TaskId:15)
                   Task "Message" (TaskId:16)
                     Task Parameter:Text=Platform=AnyCPU (TaskId:16)
                     Task Parameter:Importance=Low (TaskId:16)
                     Platform=AnyCPU (TaskId:16)
                   Done executing task "Message". (TaskId:16)
                   Task "Error" skipped, due to false condition; ('$(OutDir)' != '' and !HasTrailingSlash('$(OutDir)')) was evaluated as ('bin\Debug\net8.0\' != '' and !HasTrailingSlash('bin\Debug\net8.0\')).
                   Task "Error" skipped, due to false condition; ('$(IntermediateOutputPath)' != '' and !HasTrailingSlash('$(IntermediateOutputPath)')) was evaluated as ('obj\Debug\net8.0\' != '' and !HasTrailingSlash('obj\Debug\net8.0\')).
                   Task "Error" skipped, due to false condition; ('$(BaseIntermediateOutputPath)' != '' and !HasTrailingSlash('$(BaseIntermediateOutputPath)')) was evaluated as ('obj\' != '' and !HasTrailingSlash('obj\')).
                   Task "MSBuildInternalMessage" skipped, due to false condition; ( '$(Prefer32Bit)' == 'true' and '$(PreferNativeArm64)' == 'true' ) was evaluated as ( 'false' == 'true' and '' == 'true' ).
                   Task "MSBuildInternalMessage" skipped, due to false condition; ( '$(NoWin32Manifest)' == 'true' and '$(PreferNativeArm64)' == 'true' ) was evaluated as ( '' == 'true' and '' == 'true' ).
                   Task "MSBuildInternalMessage" skipped, due to false condition; ( '$(PreferNativeArm64)' == 'true' and '$(Platform)' != 'AnyCPU' ) was evaluated as ( '' == 'true' and 'AnyCPU' != 'AnyCPU' ).
                   Task "Error" skipped, due to false condition; ( '$(_InitialMSBuildProjectExtensionsPath)' != '' And '$(MSBuildProjectExtensionsPath)' != '$(_InitialMSBuildProjectExtensionsPath)' ) was evaluated as ( 'C:\Users\USER\OneDrive - Royal University of Phnom Penh\Desktop\Testing\StaffManagement\src\StaffManagement.Infrastructure\obj\' != '' And 'C:\Users\USER\OneDrive - Royal University of Phnom Penh\Desktop\Testing\StaffManagement\src\StaffManagement.Infrastructure\obj\' != 'C:\Users\USER\OneDrive - Royal University of Phnom Penh\Desktop\Testing\StaffManagement\src\StaffManagement.Infrastructure\obj\' ).
                   Task "Warning" skipped, due to false condition; ( '$(EnableBaseIntermediateOutputPathMismatchWarning)' == 'true' And '$(_InitialBaseIntermediateOutputPath)' != '$(BaseIntermediateOutputPath)' And '$(BaseIntermediateOutputPath)' != '$(MSBuildProjectExtensionsPath)' ) was evaluated as ( 'true' == 'true' And 'obj\' != 'obj\' And 'obj\' != 'C:\Users\USER\OneDrive - Royal University of Phnom Penh\Desktop\Testing\StaffManagement\src\StaffManagement.Infrastructure\obj\' ).
20:48:35.457     1>Done building target "_CheckForInvalidConfigurationAndPlatform" in project "StaffManagement.Infrastructure.csproj".: (TargetId:21)
20:48:35.457     1>Target "ValidateCommandLineProperties: (TargetId:22)" in file "C:\Program Files\dotnet\sdk\8.0.403\Sdks\Microsoft.NET.Sdk\targets\Microsoft.NET.Sdk.targets" from project "C:\Users\USER\OneDrive - Royal University of Phnom Penh\Desktop\Testing\StaffManagement\src\StaffManagement.Infrastructure\StaffManagement.Infrastructure.csproj" (target "BeforeBuild" depends on it):
20:48:35.457     1>Done building target "ValidateCommandLineProperties" in project "StaffManagement.Infrastructure.csproj".: (TargetId:22)
20:48:35.457     1>Target "BeforeBuild: (TargetId:23)" in file "C:\Program Files\dotnet\sdk\8.0.403\Microsoft.Common.CurrentVersion.targets" from project "C:\Users\USER\OneDrive - Royal University of Phnom Penh\Desktop\Testing\StaffManagement\src\StaffManagement.Infrastructure\StaffManagement.Infrastructure.csproj" (target "Build" depends on it):
20:48:35.457     1>Done building target "BeforeBuild" in project "StaffManagement.Infrastructure.csproj".: (TargetId:23)
                   Target "_CheckForBuildWithNoBuild" skipped, due to false condition; ('$(NoBuild)' == 'true' and '$(GeneratePackageOnBuild)' != 'true') was evaluated as ('' == 'true' and 'false' != 'true').
20:48:35.457     1>Target "BuildOnlySettings: (TargetId:24)" in file "C:\Program Files\dotnet\sdk\8.0.403\Microsoft.Common.CurrentVersion.targets" from project "C:\Users\USER\OneDrive - Royal University of Phnom Penh\Desktop\Testing\StaffManagement\src\StaffManagement.Infrastructure\StaffManagement.Infrastructure.csproj" (target "CoreBuild" depends on it):
                   Set Property: BuildingProject=true
20:48:35.457     1>Done building target "BuildOnlySettings" in project "StaffManagement.Infrastructure.csproj".: (TargetId:24)
                   Target "_CheckForUnsupportedTargetFramework" skipped, due to false condition; ('$(_UnsupportedTargetFrameworkError)' == 'true') was evaluated as ('' == 'true').
                   Target "_CheckForUnsupportedTargetPlatformIdentifier" skipped, due to false condition; ('$(TargetPlatformIdentifier)' != '' and '$(TargetFrameworkIdentifier)' == '.NETCoreApp' and $([MSBuild]::VersionGreaterThanOrEquals($(TargetFrameworkVersion), 5.0)) And ('$(DesignTimeBuild)' != 'true' Or '@(MissingWorkloadPack)' == '')) was evaluated as ('' != '' and '.NETCoreApp' == '.NETCoreApp' and True And ('' != 'true' Or '' == '')).
                   Target "_CheckForMissingWorkload" skipped, due to false condition; ('@(MissingWorkloadPack)' != '' And '$(DesignTimeBuild)' != 'true') was evaluated as ('' != '' And '' != 'true').
20:48:35.457     1>Target "GetFrameworkPaths: (TargetId:25)" in file "C:\Program Files\dotnet\sdk\8.0.403\Sdks\Microsoft.NET.Sdk\targets\Microsoft.NET.DisableStandardFrameworkResolution.targets" from project "C:\Users\USER\OneDrive - Royal University of Phnom Penh\Desktop\Testing\StaffManagement\src\StaffManagement.Infrastructure\StaffManagement.Infrastructure.csproj" (target "PrepareForBuild" depends on it):
20:48:35.457     1>Done building target "GetFrameworkPaths" in project "StaffManagement.Infrastructure.csproj".: (TargetId:25)
                   Target "_CheckForUnsupportedTargetFramework" skipped, due to false condition; ('$(_UnsupportedTargetFrameworkError)' == 'true') was evaluated as ('' == 'true').
                   Target "_CheckForUnsupportedTargetPlatformIdentifier" skipped, due to false condition; ('$(TargetPlatformIdentifier)' != '' and '$(TargetFrameworkIdentifier)' == '.NETCoreApp' and $([MSBuild]::VersionGreaterThanOrEquals($(TargetFrameworkVersion), 5.0)) And ('$(DesignTimeBuild)' != 'true' Or '@(MissingWorkloadPack)' == '')) was evaluated as ('' != '' and '.NETCoreApp' == '.NETCoreApp' and True And ('' != 'true' Or '' == '')).
                   Target "_CheckForMissingWorkload" skipped, due to false condition; ('@(MissingWorkloadPack)' != '' And '$(DesignTimeBuild)' != 'true') was evaluated as ('' != '' And '' != 'true').
20:48:35.457     1>Target "GetReferenceAssemblyPaths: (TargetId:26)" in file "C:\Program Files\dotnet\sdk\8.0.403\Sdks\Microsoft.NET.Sdk\targets\Microsoft.NET.DisableStandardFrameworkResolution.targets" from project "C:\Users\USER\OneDrive - Royal University of Phnom Penh\Desktop\Testing\StaffManagement\src\StaffManagement.Infrastructure\StaffManagement.Infrastructure.csproj" (target "PrepareForBuild" depends on it):
20:48:35.457     1>Done building target "GetReferenceAssemblyPaths" in project "StaffManagement.Infrastructure.csproj".: (TargetId:26)
                   Target "AssignLinkMetadata" skipped, due to false condition; ( '$(SynthesizeLinkMetadata)' == 'true' ) was evaluated as ( '' == 'true' ).
                   Target "_VerifyPackReleaseConfigurations" skipped, due to false condition; ('$(_IsPacking)' == 'true' and '$(DOTNET_CLI_DISABLE_PUBLISH_AND_PACK_RELEASE)' != 'true' and '$(DOTNET_CLI_LAZY_PUBLISH_AND_PACK_RELEASE_FOR_SOLUTIONS)' == 'true') was evaluated as ('' == 'true' and '' != 'true' and '' == 'true').
20:48:35.457     1>Target "PrepareForBuild: (TargetId:27)" in file "C:\Program Files\dotnet\sdk\8.0.403\Microsoft.Common.CurrentVersion.targets" from project "C:\Users\USER\OneDrive - Royal University of Phnom Penh\Desktop\Testing\StaffManagement\src\StaffManagement.Infrastructure\StaffManagement.Infrastructure.csproj" (target "CoreBuild" depends on it):
                   Using "FindAppConfigFile" task from assembly "Microsoft.Build.Tasks.Core, Version=15.1.0.0, Culture=neutral, PublicKeyToken=b03f5f7f11d50a3a".
                   Task "FindAppConfigFile" (TaskId:17)
                     Task Parameter:PrimaryList=efpt.config.json (TaskId:17)
                     Task Parameter:TargetPath=StaffManagement.Infrastructure.dll.config (TaskId:17)
                   Done executing task "FindAppConfigFile". (TaskId:17)
                   Using "MakeDir" task from assembly "Microsoft.Build.Tasks.Core, Version=15.1.0.0, Culture=neutral, PublicKeyToken=b03f5f7f11d50a3a".
                   Task "MakeDir" (TaskId:18)
                     Task Parameter:
                         Directories=
                             bin\Debug\net8.0\
                             obj\Debug\net8.0\
                             C:\Users\USER\OneDrive - Royal University of Phnom Penh\Desktop\Testing\StaffManagement\src\StaffManagement.Infrastructure\obj\Debug\net8.0\refint\
                             obj\Debug\net8.0\ref (TaskId:18)
                   Done executing task "MakeDir". (TaskId:18)
20:48:35.461     1>Done building target "PrepareForBuild" in project "StaffManagement.Infrastructure.csproj".: (TargetId:27)
20:48:35.461     1>Target "GenerateGlobalUsings: (TargetId:28)" in file "C:\Program Files\dotnet\sdk\8.0.403\Sdks\Microsoft.NET.Sdk\targets\Microsoft.NET.GenerateGlobalUsings.targets" from project "C:\Users\USER\OneDrive - Royal University of Phnom Penh\Desktop\Testing\StaffManagement\src\StaffManagement.Infrastructure\StaffManagement.Infrastructure.csproj" (target "CoreBuild" depends on it):
                   Using "GenerateGlobalUsings" task from assembly "C:\Program Files\dotnet\sdk\8.0.403\Sdks\Microsoft.NET.Sdk\targets\..\tools\net8.0\Microsoft.NET.Build.Tasks.dll".
                   Task "GenerateGlobalUsings" (TaskId:19)
                     Task Parameter:
                         Usings=
                             System
                             System.Collections.Generic
                             System.IO
                             System.Linq
                             System.Net.Http
                             System.Threading
                             System.Threading.Tasks (TaskId:19)
                     Output Item(s): 
                         _GlobalUsingLines=
                             // <auto-generated/>
                             global using global::System;
                             global using global::System.Collections.Generic;
                             global using global::System.IO;
                             global using global::System.Linq;
                             global using global::System.Net.Http;
                             global using global::System.Threading;
                             global using global::System.Threading.Tasks; (TaskId:19)
                   Done executing task "GenerateGlobalUsings". (TaskId:19)
                   Using "WriteLinesToFile" task from assembly "Microsoft.Build.Tasks.Core, Version=15.1.0.0, Culture=neutral, PublicKeyToken=b03f5f7f11d50a3a".
                   Task "WriteLinesToFile" (TaskId:20)
                     Task Parameter:File=obj\Debug\net8.0\StaffManagement.Infrastructure.GlobalUsings.g.cs (TaskId:20)
                     Task Parameter:WriteOnlyWhenDifferent=True (TaskId:20)
                     Task Parameter:
                         Lines=
                             // <auto-generated/>
                             global using global::System;
                             global using global::System.Collections.Generic;
                             global using global::System.IO;
                             global using global::System.Linq;
                             global using global::System.Net.Http;
                             global using global::System.Threading;
                             global using global::System.Threading.Tasks; (TaskId:20)
                     Task Parameter:Overwrite=True (TaskId:20)
                     Skipping write to file "obj\Debug\net8.0\StaffManagement.Infrastructure.GlobalUsings.g.cs" because content would not change. (TaskId:20)
                   Done executing task "WriteLinesToFile". (TaskId:20)
                   Added Item(s): Compile=obj\Debug\net8.0\StaffManagement.Infrastructure.GlobalUsings.g.cs
20:48:35.468     1>Done building target "GenerateGlobalUsings" in project "StaffManagement.Infrastructure.csproj".: (TargetId:28)
                   Target "PreBuildEvent" skipped, due to false condition; ('$(PreBuildEvent)'!='') was evaluated as (''!='').
20:48:35.468     1>Target "BeforeResolveReferences: (TargetId:29)" in file "C:\Program Files\dotnet\sdk\8.0.403\Microsoft.Common.CurrentVersion.targets" from project "C:\Users\USER\OneDrive - Royal University of Phnom Penh\Desktop\Testing\StaffManagement\src\StaffManagement.Infrastructure\StaffManagement.Infrastructure.csproj" (target "ResolveReferences" depends on it):
20:48:35.468     1>Done building target "BeforeResolveReferences" in project "StaffManagement.Infrastructure.csproj".: (TargetId:29)
20:48:35.468     1>Target "IgnoreJavaScriptOutputAssembly: (TargetId:30)" in file "C:\Program Files\dotnet\sdk\8.0.403\Microsoft.Common.CurrentVersion.targets" from project "C:\Users\USER\OneDrive - Royal University of Phnom Penh\Desktop\Testing\StaffManagement\src\StaffManagement.Infrastructure\StaffManagement.Infrastructure.csproj" (target "AssignProjectConfiguration" depends on it):
20:48:35.468     1>Done building target "IgnoreJavaScriptOutputAssembly" in project "StaffManagement.Infrastructure.csproj".: (TargetId:30)
                   Target "ProcessFrameworkReferences" skipped. Previously built successfully.
20:48:35.468     1>Target "_DefaultMicrosoftNETPlatformLibrary: (TargetId:31)" in file "C:\Program Files\dotnet\sdk\8.0.403\Sdks\Microsoft.NET.Sdk\targets\Microsoft.NET.Sdk.Shared.targets" from project "C:\Users\USER\OneDrive - Royal University of Phnom Penh\Desktop\Testing\StaffManagement\src\StaffManagement.Infrastructure\StaffManagement.Infrastructure.csproj" (target "ResolvePackageAssets" depends on it):
20:48:35.468     1>Done building target "_DefaultMicrosoftNETPlatformLibrary" in project "StaffManagement.Infrastructure.csproj".: (TargetId:31)
20:48:35.468     1>Target "_ComputePackageReferencePublish: (TargetId:32)" in file "C:\Program Files\dotnet\sdk\8.0.403\Sdks\Microsoft.NET.Sdk\targets\Microsoft.NET.Sdk.Shared.targets" from project "C:\Users\USER\OneDrive - Royal University of Phnom Penh\Desktop\Testing\StaffManagement\src\StaffManagement.Infrastructure\StaffManagement.Infrastructure.csproj" (target "ResolvePackageAssets" depends on it):
20:48:35.468     1>Done building target "_ComputePackageReferencePublish" in project "StaffManagement.Infrastructure.csproj".: (TargetId:32)
                   Target "_ResolveCompilerVersion" skipped, due to false condition; ('$(CompilerApiVersion)' == '' And
                                        ('$(Language)' == 'C#' Or '$(Language)' == 'VB') And
                                        Exists('$(RoslynTargetsPath)\Microsoft.Build.Tasks.CodeAnalysis.dll')) was evaluated as ('roslyn4.11' == '' And
                                        ('C#' == 'C#' Or 'C#' == 'VB') And
                                        Exists('C:\Program Files\dotnet\sdk\8.0.403\Roslyn\Microsoft.Build.Tasks.CodeAnalysis.dll')).
20:48:35.469     1>Target "ResolvePackageAssets: (TargetId:33)" in file "C:\Program Files\dotnet\sdk\8.0.403\Sdks\Microsoft.NET.Sdk\targets\Microsoft.PackageDependencyResolution.targets" from project "C:\Users\USER\OneDrive - Royal University of Phnom Penh\Desktop\Testing\StaffManagement\src\StaffManagement.Infrastructure\StaffManagement.Infrastructure.csproj" (target "ResolveLockFileReferences" depends on it):
                   Set Property: UseAppHostFromAssetsFile=false
                   Set Property: CopyLocalRuntimeTargetAssets=true
                   Using "ResolvePackageAssets" task from assembly "C:\Program Files\dotnet\sdk\8.0.403\Sdks\Microsoft.NET.Sdk\targets\..\tools\net8.0\Microsoft.NET.Build.Tasks.dll".
                   Task "ResolvePackageAssets" (TaskId:21)
                     Task Parameter:DefaultImplicitPackages=Microsoft.NETCore.App;NETStandard.Library (TaskId:21)
                     Task Parameter:
                         PackageReferences=
                             Microsoft.EntityFrameworkCore
                                     Version=8.0.17
                             Microsoft.EntityFrameworkCore.SqlServer
                                     Version=8.0.10 (TaskId:21)
                     Task Parameter:CompilerApiVersion=roslyn4.11 (TaskId:21)
                     Task Parameter:ProjectLanguage=C# (TaskId:21)
                     Task Parameter:ProjectPath=C:\Users\USER\OneDrive - Royal University of Phnom Penh\Desktop\Testing\StaffManagement\src\StaffManagement.Infrastructure\StaffManagement.Infrastructure.csproj (TaskId:21)
                     Task Parameter:VerifyMatchingImplicitPackageVersion=True (TaskId:21)
                     Task Parameter:CopyLocalRuntimeTargetAssets=True (TaskId:21)
                     Task Parameter:TargetFramework=net8.0 (TaskId:21)
                     Task Parameter:
                         RuntimeFrameworks=
                             Microsoft.NETCore.App
                                     FrameworkName=Microsoft.NETCore.App
                                     Version=8.0.0
                             Microsoft.WindowsDesktop.App
                                     FrameworkName=Microsoft.WindowsDesktop.App
                                     Version=8.0.0
                             Microsoft.WindowsDesktop.App
                                     FrameworkName=Microsoft.WindowsDesktop.App.WPF
                                     Version=8.0.0
                             Microsoft.WindowsDesktop.App
                                     FrameworkName=Microsoft.WindowsDesktop.App.WindowsForms
                                     Version=8.0.0
                             Microsoft.AspNetCore.App
                                     FrameworkName=Microsoft.AspNetCore.App
                                     Version=8.0.0 (TaskId:21)
                     Task Parameter:ProjectAssetsFile=C:\Users\USER\OneDrive - Royal University of Phnom Penh\Desktop\Testing\StaffManagement\src\StaffManagement.Infrastructure\obj\project.assets.json (TaskId:21)
                     Task Parameter:MarkPackageReferencesAsExternallyResolved=True (TaskId:21)
                     Task Parameter:DotNetAppHostExecutableNameWithoutExtension=apphost (TaskId:21)
                     Task Parameter:EmitAssetsLogMessages=True (TaskId:21)
                     Task Parameter:ProjectAssetsCacheFile=C:\Users\USER\OneDrive - Royal University of Phnom Penh\Desktop\Testing\StaffManagement\src\StaffManagement.Infrastructure\obj\Debug\net8.0\StaffManagement.Infrastructure.assets.cache (TaskId:21)
                     Output Item(s): 
                         ResolvedAnalyzers=
                             C:\Users\USER\.nuget\packages\microsoft.entityframeworkcore.analyzers\8.0.17\analyzers\dotnet\cs\Microsoft.EntityFrameworkCore.Analyzers.dll
                                     NuGetPackageId=Microsoft.EntityFrameworkCore.Analyzers
                                     NuGetPackageVersion=8.0.17
                             C:\Users\USER\.nuget\packages\microsoft.extensions.logging.abstractions\8.0.2\analyzers\dotnet\roslyn4.4\cs\Microsoft.Extensions.Logging.Generators.dll
                                     NuGetPackageId=Microsoft.Extensions.Logging.Abstractions
                                     NuGetPackageVersion=8.0.2
                             C:\Users\USER\.nuget\packages\microsoft.extensions.options\8.0.2\analyzers\dotnet\roslyn4.4\cs\Microsoft.Extensions.Options.SourceGeneration.dll
                                     NuGetPackageId=Microsoft.Extensions.Options
                                     NuGetPackageVersion=8.0.2 (TaskId:21)
                     Output Item(s): 
                         _DebugSymbolsFiles=
                             C:\Users\USER\.nuget\packages\microsoft.data.sqlclient\5.1.5\lib\net6.0\Microsoft.Data.SqlClient.pdb
                                     NuGetPackageId=Microsoft.Data.SqlClient
                                     NuGetPackageVersion=5.1.5
                             C:\Users\USER\.nuget\packages\microsoft.sqlserver.server\1.0.0\lib\netstandard2.0\Microsoft.SqlServer.Server.pdb
                                     NuGetPackageId=Microsoft.SqlServer.Server
                                     NuGetPackageVersion=1.0.0 (TaskId:21)
                     Output Item(s): 
                         _ReferenceDocumentationFiles=
                             C:\Users\USER\.nuget\packages\azure.core\1.35.0\lib\net6.0\Azure.Core.xml
                                     NuGetPackageId=Azure.Core
                                     NuGetPackageVersion=1.35.0
                             C:\Users\USER\.nuget\packages\azure.identity\1.10.3\lib\netstandard2.0\Azure.Identity.xml
                                     NuGetPackageId=Azure.Identity
                                     NuGetPackageVersion=1.10.3
                             C:\Users\USER\.nuget\packages\microsoft.data.sqlclient\5.1.5\ref\net6.0\Microsoft.Data.SqlClient.xml
                                     NuGetPackageId=Microsoft.Data.SqlClient
                                     NuGetPackageVersion=5.1.5
                             C:\Users\USER\.nuget\packages\microsoft.entityframeworkcore\8.0.17\lib\net8.0\Microsoft.EntityFrameworkCore.xml
                                     NuGetPackageId=Microsoft.EntityFrameworkCore
                                     NuGetPackageVersion=8.0.17
                             C:\Users\USER\.nuget\packages\microsoft.entityframeworkcore.abstractions\8.0.17\lib\net8.0\Microsoft.EntityFrameworkCore.Abstractions.xml
                                     NuGetPackageId=Microsoft.EntityFrameworkCore.Abstractions
                                     NuGetPackageVersion=8.0.17
                             C:\Users\USER\.nuget\packages\microsoft.entityframeworkcore.relational\8.0.10\lib\net8.0\Microsoft.EntityFrameworkCore.Relational.xml
                                     NuGetPackageId=Microsoft.EntityFrameworkCore.Relational
                                     NuGetPackageVersion=8.0.10
                             C:\Users\USER\.nuget\packages\microsoft.entityframeworkcore.sqlserver\8.0.10\lib\net8.0\Microsoft.EntityFrameworkCore.SqlServer.xml
                                     NuGetPackageId=Microsoft.EntityFrameworkCore.SqlServer
                                     NuGetPackageVersion=8.0.10
                             C:\Users\USER\.nuget\packages\microsoft.extensions.caching.abstractions\8.0.0\lib\net8.0\Microsoft.Extensions.Caching.Abstractions.xml
                                     NuGetPackageId=Microsoft.Extensions.Caching.Abstractions
                                     NuGetPackageVersion=8.0.0
                             C:\Users\USER\.nuget\packages\microsoft.extensions.caching.memory\8.0.1\lib\net8.0\Microsoft.Extensions.Caching.Memory.xml
                                     NuGetPackageId=Microsoft.Extensions.Caching.Memory
                                     NuGetPackageVersion=8.0.1
                             C:\Users\USER\.nuget\packages\microsoft.extensions.configuration.abstractions\8.0.0\lib\net8.0\Microsoft.Extensions.Configuration.Abstractions.xml
                                     NuGetPackageId=Microsoft.Extensions.Configuration.Abstractions
                                     NuGetPackageVersion=8.0.0
                             C:\Users\USER\.nuget\packages\microsoft.extensions.dependencyinjection\8.0.1\lib\net8.0\Microsoft.Extensions.DependencyInjection.xml
                                     NuGetPackageId=Microsoft.Extensions.DependencyInjection
                                     NuGetPackageVersion=8.0.1
                             C:\Users\USER\.nuget\packages\microsoft.extensions.dependencyinjection.abstractions\8.0.2\lib\net8.0\Microsoft.Extensions.DependencyInjection.Abstractions.xml
                                     NuGetPackageId=Microsoft.Extensions.DependencyInjection.Abstractions
                                     NuGetPackageVersion=8.0.2
                             C:\Users\USER\.nuget\packages\microsoft.extensions.logging\8.0.1\lib\net8.0\Microsoft.Extensions.Logging.xml
                                     NuGetPackageId=Microsoft.Extensions.Logging
                                     NuGetPackageVersion=8.0.1
                             C:\Users\USER\.nuget\packages\microsoft.extensions.logging.abstractions\8.0.2\lib\net8.0\Microsoft.Extensions.Logging.Abstractions.xml
                                     NuGetPackageId=Microsoft.Extensions.Logging.Abstractions
                                     NuGetPackageVersion=8.0.2
                             C:\Users\USER\.nuget\packages\microsoft.extensions.options\8.0.2\lib\net8.0\Microsoft.Extensions.Options.xml
                                     NuGetPackageId=Microsoft.Extensions.Options
                                     NuGetPackageVersion=8.0.2
                             C:\Users\USER\.nuget\packages\microsoft.extensions.primitives\8.0.0\lib\net8.0\Microsoft.Extensions.Primitives.xml
                                     NuGetPackageId=Microsoft.Extensions.Primitives
                                     NuGetPackageVersion=8.0.0
                             C:\Users\USER\.nuget\packages\microsoft.identity.client\4.56.0\lib\net6.0\Microsoft.Identity.Client.xml
                                     NuGetPackageId=Microsoft.Identity.Client
                                     NuGetPackageVersion=4.56.0
                             C:\Users\USER\.nuget\packages\microsoft.identity.client.extensions.msal\4.56.0\lib\netstandard2.0\Microsoft.Identity.Client.Extensions.Msal.xml
                                     NuGetPackageId=Microsoft.Identity.Client.Extensions.Msal
                                     NuGetPackageVersion=4.56.0
                             C:\Users\USER\.nuget\packages\microsoft.identitymodel.abstractions\6.35.0\lib\net6.0\Microsoft.IdentityModel.Abstractions.xml
                                     NuGetPackageId=Microsoft.IdentityModel.Abstractions
                                     NuGetPackageVersion=6.35.0
                             C:\Users\USER\.nuget\packages\microsoft.identitymodel.jsonwebtokens\6.35.0\lib\net6.0\Microsoft.IdentityModel.JsonWebTokens.xml
                                     NuGetPackageId=Microsoft.IdentityModel.JsonWebTokens
                                     NuGetPackageVersion=6.35.0
                             C:\Users\USER\.nuget\packages\microsoft.identitymodel.logging\6.35.0\lib\net6.0\Microsoft.IdentityModel.Logging.xml
                                     NuGetPackageId=Microsoft.IdentityModel.Logging
                                     NuGetPackageVersion=6.35.0
                             C:\Users\USER\.nuget\packages\microsoft.identitymodel.protocols\6.35.0\lib\net6.0\Microsoft.IdentityModel.Protocols.xml
                                     NuGetPackageId=Microsoft.IdentityModel.Protocols
                                     NuGetPackageVersion=6.35.0
                             C:\Users\USER\.nuget\packages\microsoft.identitymodel.protocols.openidconnect\6.35.0\lib\net6.0\Microsoft.IdentityModel.Protocols.OpenIdConnect.xml
                                     NuGetPackageId=Microsoft.IdentityModel.Protocols.OpenIdConnect
                                     NuGetPackageVersion=6.35.0
                             C:\Users\USER\.nuget\packages\microsoft.identitymodel.tokens\6.35.0\lib\net6.0\Microsoft.IdentityModel.Tokens.xml
                                     NuGetPackageId=Microsoft.IdentityModel.Tokens
                                     NuGetPackageVersion=6.35.0
                             C:\Users\USER\.nuget\packages\microsoft.sqlserver.server\1.0.0\lib\netstandard2.0\Microsoft.SqlServer.Server.xml
                                     NuGetPackageId=Microsoft.SqlServer.Server
                                     NuGetPackageVersion=1.0.0
                             C:\Users\USER\.nuget\packages\system.diagnostics.diagnosticsource\6.0.1\lib\net6.0\System.Diagnostics.DiagnosticSource.xml
                                     NuGetPackageId=System.Diagnostics.DiagnosticSource
                                     NuGetPackageVersion=6.0.1
                             C:\Users\USER\.nuget\packages\system.identitymodel.tokens.jwt\6.35.0\lib\net6.0\System.IdentityModel.Tokens.Jwt.xml
                                     NuGetPackageId=System.IdentityModel.Tokens.Jwt
                                     NuGetPackageVersion=6.35.0
                             C:\Users\USER\.nuget\packages\system.io.filesystem.accesscontrol\5.0.0\ref\netstandard2.0\System.IO.FileSystem.AccessControl.xml
                                     NuGetPackageId=System.IO.FileSystem.AccessControl
                                     NuGetPackageVersion=5.0.0
                             C:\Users\USER\.nuget\packages\system.memory.data\1.0.2\lib\netstandard2.0\System.Memory.Data.xml
                                     NuGetPackageId=System.Memory.Data
                                     NuGetPackageVersion=1.0.2
                             C:\Users\USER\.nuget\packages\system.runtime\4.3.0\ref\netstandard1.5\System.Runtime.xml
                                     NuGetPackageId=System.Runtime
                                     NuGetPackageVersion=4.3.0
                             C:\Users\USER\.nuget\packages\system.runtime.compilerservices.unsafe\6.0.0\lib\net6.0\System.Runtime.CompilerServices.Unsafe.xml
                                     NuGetPackageId=System.Runtime.CompilerServices.Unsafe
                                     NuGetPackageVersion=6.0.0
                             C:\Users\USER\.nuget\packages\system.security.accesscontrol\6.0.0\lib\net6.0\System.Security.AccessControl.xml
                                     NuGetPackageId=System.Security.AccessControl
                                     NuGetPackageVersion=6.0.0
                             C:\Users\USER\.nuget\packages\system.security.cryptography.cng\5.0.0\ref\netcoreapp3.0\System.Security.Cryptography.Cng.xml
                                     NuGetPackageId=System.Security.Cryptography.Cng
                                     NuGetPackageVersion=5.0.0
                             C:\Users\USER\.nuget\packages\system.security.cryptography.protecteddata\6.0.0\lib\net6.0\System.Security.Cryptography.ProtectedData.xml
                                     NuGetPackageId=System.Security.Cryptography.ProtectedData
                                     NuGetPackageVersion=6.0.0
                             C:\Users\USER\.nuget\packages\system.security.principal.windows\5.0.0\ref\netcoreapp3.0\System.Security.Principal.Windows.xml
                                     NuGetPackageId=System.Security.Principal.Windows
                                     NuGetPackageVersion=5.0.0
                             C:\Users\USER\.nuget\packages\system.text.encoding\4.3.0\ref\netstandard1.3\System.Text.Encoding.xml
                                     NuGetPackageId=System.Text.Encoding
                                     NuGetPackageVersion=4.3.0
                             C:\Users\USER\.nuget\packages\system.text.encodings.web\6.0.0\lib\net6.0\System.Text.Encodings.Web.xml
                                     NuGetPackageId=System.Text.Encodings.Web
                                     NuGetPackageVersion=6.0.0
                             C:\Users\USER\.nuget\packages\system.text.json\4.7.2\lib\netcoreapp3.0\System.Text.Json.xml
                                     NuGetPackageId=System.Text.Json
                                     NuGetPackageVersion=4.7.2 (TaskId:21)
                     Output Item(s): 
                         RuntimeCopyLocalItems=
                             C:\Users\USER\.nuget\packages\azure.core\1.35.0\lib\net6.0\Azure.Core.dll
                                     AssetType=runtime
                                     CopyLocal=true
                                     DestinationSubPath=Azure.Core.dll
                                     NuGetPackageId=Azure.Core
                                     NuGetPackageVersion=1.35.0
                                     PathInPackage=lib/net6.0/Azure.Core.dll
                             C:\Users\USER\.nuget\packages\azure.identity\1.10.3\lib\netstandard2.0\Azure.Identity.dll
                                     AssetType=runtime
                                     CopyLocal=true
                                     DestinationSubPath=Azure.Identity.dll
                                     NuGetPackageId=Azure.Identity
                                     NuGetPackageVersion=1.10.3
                                     PathInPackage=lib/netstandard2.0/Azure.Identity.dll
                             C:\Users\USER\.nuget\packages\microsoft.bcl.asyncinterfaces\1.1.1\lib\netstandard2.1\Microsoft.Bcl.AsyncInterfaces.dll
                                     AssetType=runtime
                                     CopyLocal=true
                                     DestinationSubPath=Microsoft.Bcl.AsyncInterfaces.dll
                                     NuGetPackageId=Microsoft.Bcl.AsyncInterfaces
                                     NuGetPackageVersion=1.1.1
                                     PathInPackage=lib/netstandard2.1/Microsoft.Bcl.AsyncInterfaces.dll
                             C:\Users\USER\.nuget\packages\microsoft.data.sqlclient\5.1.5\lib\net6.0\Microsoft.Data.SqlClient.dll
                                     AssetType=runtime
                                     CopyLocal=true
                                     DestinationSubPath=Microsoft.Data.SqlClient.dll
                                     NuGetPackageId=Microsoft.Data.SqlClient
                                     NuGetPackageVersion=5.1.5
                                     PathInPackage=lib/net6.0/Microsoft.Data.SqlClient.dll
                             C:\Users\USER\.nuget\packages\microsoft.entityframeworkcore\8.0.17\lib\net8.0\Microsoft.EntityFrameworkCore.dll
                                     AssetType=runtime
                                     CopyLocal=true
                                     DestinationSubPath=Microsoft.EntityFrameworkCore.dll
                                     NuGetPackageId=Microsoft.EntityFrameworkCore
                                     NuGetPackageVersion=8.0.17
                                     PathInPackage=lib/net8.0/Microsoft.EntityFrameworkCore.dll
                             C:\Users\USER\.nuget\packages\microsoft.entityframeworkcore.abstractions\8.0.17\lib\net8.0\Microsoft.EntityFrameworkCore.Abstractions.dll
                                     AssetType=runtime
                                     CopyLocal=true
                                     DestinationSubPath=Microsoft.EntityFrameworkCore.Abstractions.dll
                                     NuGetPackageId=Microsoft.EntityFrameworkCore.Abstractions
                                     NuGetPackageVersion=8.0.17
                                     PathInPackage=lib/net8.0/Microsoft.EntityFrameworkCore.Abstractions.dll
                             C:\Users\USER\.nuget\packages\microsoft.entityframeworkcore.relational\8.0.10\lib\net8.0\Microsoft.EntityFrameworkCore.Relational.dll
                                     AssetType=runtime
                                     CopyLocal=true
                                     DestinationSubPath=Microsoft.EntityFrameworkCore.Relational.dll
                                     NuGetPackageId=Microsoft.EntityFrameworkCore.Relational
                                     NuGetPackageVersion=8.0.10
                                     PathInPackage=lib/net8.0/Microsoft.EntityFrameworkCore.Relational.dll
                             C:\Users\USER\.nuget\packages\microsoft.entityframeworkcore.sqlserver\8.0.10\lib\net8.0\Microsoft.EntityFrameworkCore.SqlServer.dll
                                     AssetType=runtime
                                     CopyLocal=true
                                     DestinationSubPath=Microsoft.EntityFrameworkCore.SqlServer.dll
                                     NuGetPackageId=Microsoft.EntityFrameworkCore.SqlServer
                                     NuGetPackageVersion=8.0.10
                                     PathInPackage=lib/net8.0/Microsoft.EntityFrameworkCore.SqlServer.dll
                             C:\Users\USER\.nuget\packages\microsoft.extensions.caching.abstractions\8.0.0\lib\net8.0\Microsoft.Extensions.Caching.Abstractions.dll
                                     AssetType=runtime
                                     CopyLocal=true
                                     DestinationSubPath=Microsoft.Extensions.Caching.Abstractions.dll
                                     NuGetPackageId=Microsoft.Extensions.Caching.Abstractions
                                     NuGetPackageVersion=8.0.0
                                     PathInPackage=lib/net8.0/Microsoft.Extensions.Caching.Abstractions.dll
                             C:\Users\USER\.nuget\packages\microsoft.extensions.caching.memory\8.0.1\lib\net8.0\Microsoft.Extensions.Caching.Memory.dll
                                     AssetType=runtime
                                     CopyLocal=true
                                     DestinationSubPath=Microsoft.Extensions.Caching.Memory.dll
                                     NuGetPackageId=Microsoft.Extensions.Caching.Memory
                                     NuGetPackageVersion=8.0.1
                                     PathInPackage=lib/net8.0/Microsoft.Extensions.Caching.Memory.dll
                             C:\Users\USER\.nuget\packages\microsoft.extensions.configuration.abstractions\8.0.0\lib\net8.0\Microsoft.Extensions.Configuration.Abstractions.dll
                                     AssetType=runtime
                                     CopyLocal=true
                                     DestinationSubPath=Microsoft.Extensions.Configuration.Abstractions.dll
                                     NuGetPackageId=Microsoft.Extensions.Configuration.Abstractions
                                     NuGetPackageVersion=8.0.0
                                     PathInPackage=lib/net8.0/Microsoft.Extensions.Configuration.Abstractions.dll
                             C:\Users\USER\.nuget\packages\microsoft.extensions.dependencyinjection\8.0.1\lib\net8.0\Microsoft.Extensions.DependencyInjection.dll
                                     AssetType=runtime
                                     CopyLocal=true
                                     DestinationSubPath=Microsoft.Extensions.DependencyInjection.dll
                                     NuGetPackageId=Microsoft.Extensions.DependencyInjection
                                     NuGetPackageVersion=8.0.1
                                     PathInPackage=lib/net8.0/Microsoft.Extensions.DependencyInjection.dll
                             C:\Users\USER\.nuget\packages\microsoft.extensions.dependencyinjection.abstractions\8.0.2\lib\net8.0\Microsoft.Extensions.DependencyInjection.Abstractions.dll
                                     AssetType=runtime
                                     CopyLocal=true
                                     DestinationSubPath=Microsoft.Extensions.DependencyInjection.Abstractions.dll
                                     NuGetPackageId=Microsoft.Extensions.DependencyInjection.Abstractions
                                     NuGetPackageVersion=8.0.2
                                     PathInPackage=lib/net8.0/Microsoft.Extensions.DependencyInjection.Abstractions.dll
                             C:\Users\USER\.nuget\packages\microsoft.extensions.logging\8.0.1\lib\net8.0\Microsoft.Extensions.Logging.dll
                                     AssetType=runtime
                                     CopyLocal=true
                                     DestinationSubPath=Microsoft.Extensions.Logging.dll
                                     NuGetPackageId=Microsoft.Extensions.Logging
                                     NuGetPackageVersion=8.0.1
                                     PathInPackage=lib/net8.0/Microsoft.Extensions.Logging.dll
                             C:\Users\USER\.nuget\packages\microsoft.extensions.logging.abstractions\8.0.2\lib\net8.0\Microsoft.Extensions.Logging.Abstractions.dll
                                     AssetType=runtime
                                     CopyLocal=true
                                     DestinationSubPath=Microsoft.Extensions.Logging.Abstractions.dll
                                     NuGetPackageId=Microsoft.Extensions.Logging.Abstractions
                                     NuGetPackageVersion=8.0.2
                                     PathInPackage=lib/net8.0/Microsoft.Extensions.Logging.Abstractions.dll
                             C:\Users\USER\.nuget\packages\microsoft.extensions.options\8.0.2\lib\net8.0\Microsoft.Extensions.Options.dll
                                     AssetType=runtime
                                     CopyLocal=true
                                     DestinationSubPath=Microsoft.Extensions.Options.dll
                                     NuGetPackageId=Microsoft.Extensions.Options
                                     NuGetPackageVersion=8.0.2
                                     PathInPackage=lib/net8.0/Microsoft.Extensions.Options.dll
                             C:\Users\USER\.nuget\packages\microsoft.extensions.primitives\8.0.0\lib\net8.0\Microsoft.Extensions.Primitives.dll
                                     AssetType=runtime
                                     CopyLocal=true
                                     DestinationSubPath=Microsoft.Extensions.Primitives.dll
                                     NuGetPackageId=Microsoft.Extensions.Primitives
                                     NuGetPackageVersion=8.0.0
                                     PathInPackage=lib/net8.0/Microsoft.Extensions.Primitives.dll
                             C:\Users\USER\.nuget\packages\microsoft.identity.client\4.56.0\lib\net6.0\Microsoft.Identity.Client.dll
                                     AssetType=runtime
                                     CopyLocal=true
                                     DestinationSubPath=Microsoft.Identity.Client.dll
                                     NuGetPackageId=Microsoft.Identity.Client
                                     NuGetPackageVersion=4.56.0
                                     PathInPackage=lib/net6.0/Microsoft.Identity.Client.dll
                             C:\Users\USER\.nuget\packages\microsoft.identity.client.extensions.msal\4.56.0\lib\netstandard2.0\Microsoft.Identity.Client.Extensions.Msal.dll
                                     AssetType=runtime
                                     CopyLocal=true
                                     DestinationSubPath=Microsoft.Identity.Client.Extensions.Msal.dll
                                     NuGetPackageId=Microsoft.Identity.Client.Extensions.Msal
                                     NuGetPackageVersion=4.56.0
                                     PathInPackage=lib/netstandard2.0/Microsoft.Identity.Client.Extensions.Msal.dll
                             C:\Users\USER\.nuget\packages\microsoft.identitymodel.abstractions\6.35.0\lib\net6.0\Microsoft.IdentityModel.Abstractions.dll
                                     AssetType=runtime
                                     CopyLocal=true
                                     DestinationSubPath=Microsoft.IdentityModel.Abstractions.dll
                                     NuGetPackageId=Microsoft.IdentityModel.Abstractions
                                     NuGetPackageVersion=6.35.0
                                     PathInPackage=lib/net6.0/Microsoft.IdentityModel.Abstractions.dll
                             C:\Users\USER\.nuget\packages\microsoft.identitymodel.jsonwebtokens\6.35.0\lib\net6.0\Microsoft.IdentityModel.JsonWebTokens.dll
                                     AssetType=runtime
                                     CopyLocal=true
                                     DestinationSubPath=Microsoft.IdentityModel.JsonWebTokens.dll
                                     NuGetPackageId=Microsoft.IdentityModel.JsonWebTokens
                                     NuGetPackageVersion=6.35.0
                                     PathInPackage=lib/net6.0/Microsoft.IdentityModel.JsonWebTokens.dll
                             C:\Users\USER\.nuget\packages\microsoft.identitymodel.logging\6.35.0\lib\net6.0\Microsoft.IdentityModel.Logging.dll
                                     AssetType=runtime
                                     CopyLocal=true
                                     DestinationSubPath=Microsoft.IdentityModel.Logging.dll
                                     NuGetPackageId=Microsoft.IdentityModel.Logging
                                     NuGetPackageVersion=6.35.0
                                     PathInPackage=lib/net6.0/Microsoft.IdentityModel.Logging.dll
                             C:\Users\USER\.nuget\packages\microsoft.identitymodel.protocols\6.35.0\lib\net6.0\Microsoft.IdentityModel.Protocols.dll
                                     AssetType=runtime
                                     CopyLocal=true
                                     DestinationSubPath=Microsoft.IdentityModel.Protocols.dll
                                     NuGetPackageId=Microsoft.IdentityModel.Protocols
                                     NuGetPackageVersion=6.35.0
                                     PathInPackage=lib/net6.0/Microsoft.IdentityModel.Protocols.dll
                             C:\Users\USER\.nuget\packages\microsoft.identitymodel.protocols.openidconnect\6.35.0\lib\net6.0\Microsoft.IdentityModel.Protocols.OpenIdConnect.dll
                                     AssetType=runtime
                                     CopyLocal=true
                                     DestinationSubPath=Microsoft.IdentityModel.Protocols.OpenIdConnect.dll
                                     NuGetPackageId=Microsoft.IdentityModel.Protocols.OpenIdConnect
                                     NuGetPackageVersion=6.35.0
                                     PathInPackage=lib/net6.0/Microsoft.IdentityModel.Protocols.OpenIdConnect.dll
                             C:\Users\USER\.nuget\packages\microsoft.identitymodel.tokens\6.35.0\lib\net6.0\Microsoft.IdentityModel.Tokens.dll
                                     AssetType=runtime
                                     CopyLocal=true
                                     DestinationSubPath=Microsoft.IdentityModel.Tokens.dll
                                     NuGetPackageId=Microsoft.IdentityModel.Tokens
                                     NuGetPackageVersion=6.35.0
                                     PathInPackage=lib/net6.0/Microsoft.IdentityModel.Tokens.dll
                             C:\Users\USER\.nuget\packages\microsoft.sqlserver.server\1.0.0\lib\netstandard2.0\Microsoft.SqlServer.Server.dll
                                     AssetType=runtime
                                     CopyLocal=true
                                     DestinationSubPath=Microsoft.SqlServer.Server.dll
                                     NuGetPackageId=Microsoft.SqlServer.Server
                                     NuGetPackageVersion=1.0.0
                                     PathInPackage=lib/netstandard2.0/Microsoft.SqlServer.Server.dll
                             C:\Users\USER\.nuget\packages\microsoft.win32.systemevents\6.0.0\lib\net6.0\Microsoft.Win32.SystemEvents.dll
                                     AssetType=runtime
                                     CopyLocal=true
                                     DestinationSubPath=Microsoft.Win32.SystemEvents.dll
                                     NuGetPackageId=Microsoft.Win32.SystemEvents
                                     NuGetPackageVersion=6.0.0
                                     PathInPackage=lib/net6.0/Microsoft.Win32.SystemEvents.dll
                             C:\Users\USER\.nuget\packages\system.configuration.configurationmanager\6.0.1\lib\net6.0\System.Configuration.ConfigurationManager.dll
                                     AssetType=runtime
                                     CopyLocal=true
                                     DestinationSubPath=System.Configuration.ConfigurationManager.dll
                                     NuGetPackageId=System.Configuration.ConfigurationManager
                                     NuGetPackageVersion=6.0.1
                                     PathInPackage=lib/net6.0/System.Configuration.ConfigurationManager.dll
                             C:\Users\USER\.nuget\packages\system.diagnostics.diagnosticsource\6.0.1\lib\net6.0\System.Diagnostics.DiagnosticSource.dll
                                     AssetType=runtime
                                     CopyLocal=true
                                     DestinationSubPath=System.Diagnostics.DiagnosticSource.dll
                                     NuGetPackageId=System.Diagnostics.DiagnosticSource
                                     NuGetPackageVersion=6.0.1
                                     PathInPackage=lib/net6.0/System.Diagnostics.DiagnosticSource.dll
                             C:\Users\USER\.nuget\packages\system.drawing.common\6.0.0\lib\net6.0\System.Drawing.Common.dll
                                     AssetType=runtime
                                     CopyLocal=true
                                     DestinationSubPath=System.Drawing.Common.dll
                                     NuGetPackageId=System.Drawing.Common
                                     NuGetPackageVersion=6.0.0
                                     PathInPackage=lib/net6.0/System.Drawing.Common.dll
                             C:\Users\USER\.nuget\packages\system.formats.asn1\5.0.0\lib\netstandard2.0\System.Formats.Asn1.dll
                                     AssetType=runtime
                                     CopyLocal=true
                                     DestinationSubPath=System.Formats.Asn1.dll
                                     NuGetPackageId=System.Formats.Asn1
                                     NuGetPackageVersion=5.0.0
                                     PathInPackage=lib/netstandard2.0/System.Formats.Asn1.dll
                             C:\Users\USER\.nuget\packages\system.identitymodel.tokens.jwt\6.35.0\lib\net6.0\System.IdentityModel.Tokens.Jwt.dll
                                     AssetType=runtime
                                     CopyLocal=true
                                     DestinationSubPath=System.IdentityModel.Tokens.Jwt.dll
                                     NuGetPackageId=System.IdentityModel.Tokens.Jwt
                                     NuGetPackageVersion=6.35.0
                                     PathInPackage=lib/net6.0/System.IdentityModel.Tokens.Jwt.dll
                             C:\Users\USER\.nuget\packages\system.io.filesystem.accesscontrol\5.0.0\lib\netstandard2.0\System.IO.FileSystem.AccessControl.dll
                                     AssetType=runtime
                                     CopyLocal=true
                                     DestinationSubPath=System.IO.FileSystem.AccessControl.dll
                                     NuGetPackageId=System.IO.FileSystem.AccessControl
                                     NuGetPackageVersion=5.0.0
                                     PathInPackage=lib/netstandard2.0/System.IO.FileSystem.AccessControl.dll
                             C:\Users\USER\.nuget\packages\system.memory.data\1.0.2\lib\netstandard2.0\System.Memory.Data.dll
                                     AssetType=runtime
                                     CopyLocal=true
                                     DestinationSubPath=System.Memory.Data.dll
                                     NuGetPackageId=System.Memory.Data
                                     NuGetPackageVersion=1.0.2
                                     PathInPackage=lib/netstandard2.0/System.Memory.Data.dll
                             C:\Users\USER\.nuget\packages\system.runtime.caching\6.0.0\lib\net6.0\System.Runtime.Caching.dll
                                     AssetType=runtime
                                     CopyLocal=true
                                     DestinationSubPath=System.Runtime.Caching.dll
                                     NuGetPackageId=System.Runtime.Caching
                                     NuGetPackageVersion=6.0.0
                                     PathInPackage=lib/net6.0/System.Runtime.Caching.dll
                             C:\Users\USER\.nuget\packages\system.runtime.compilerservices.unsafe\6.0.0\lib\net6.0\System.Runtime.CompilerServices.Unsafe.dll
                                     AssetType=runtime
                                     CopyLocal=true
                                     DestinationSubPath=System.Runtime.CompilerServices.Unsafe.dll
                                     NuGetPackageId=System.Runtime.CompilerServices.Unsafe
                                     NuGetPackageVersion=6.0.0
                                     PathInPackage=lib/net6.0/System.Runtime.CompilerServices.Unsafe.dll
                             C:\Users\USER\.nuget\packages\system.security.accesscontrol\6.0.0\lib\net6.0\System.Security.AccessControl.dll
                                     AssetType=runtime
                                     CopyLocal=true
                                     DestinationSubPath=System.Security.AccessControl.dll
                                     NuGetPackageId=System.Security.AccessControl
                                     NuGetPackageVersion=6.0.0
                                     PathInPackage=lib/net6.0/System.Security.AccessControl.dll
                             C:\Users\USER\.nuget\packages\system.security.cryptography.cng\5.0.0\lib\netcoreapp3.0\System.Security.Cryptography.Cng.dll
                                     AssetType=runtime
                                     CopyLocal=true
                                     DestinationSubPath=System.Security.Cryptography.Cng.dll
                                     NuGetPackageId=System.Security.Cryptography.Cng
                                     NuGetPackageVersion=5.0.0
                                     PathInPackage=lib/netcoreapp3.0/System.Security.Cryptography.Cng.dll
                             C:\Users\USER\.nuget\packages\system.security.cryptography.protecteddata\6.0.0\lib\net6.0\System.Security.Cryptography.ProtectedData.dll
                                     AssetType=runtime
                                     CopyLocal=true
                                     DestinationSubPath=System.Security.Cryptography.ProtectedData.dll
                                     NuGetPackageId=System.Security.Cryptography.ProtectedData
                                     NuGetPackageVersion=6.0.0
                                     PathInPackage=lib/net6.0/System.Security.Cryptography.ProtectedData.dll
                             C:\Users\USER\.nuget\packages\system.security.permissions\6.0.0\lib\net6.0\System.Security.Permissions.dll
                                     AssetType=runtime
                                     CopyLocal=true
                                     DestinationSubPath=System.Security.Permissions.dll
                                     NuGetPackageId=System.Security.Permissions
                                     NuGetPackageVersion=6.0.0
                                     PathInPackage=lib/net6.0/System.Security.Permissions.dll
                             C:\Users\USER\.nuget\packages\system.security.principal.windows\5.0.0\lib\netstandard2.0\System.Security.Principal.Windows.dll
                                     AssetType=runtime
                                     CopyLocal=true
                                     DestinationSubPath=System.Security.Principal.Windows.dll
                                     NuGetPackageId=System.Security.Principal.Windows
                                     NuGetPackageVersion=5.0.0
                                     PathInPackage=lib/netstandard2.0/System.Security.Principal.Windows.dll
                             C:\Users\USER\.nuget\packages\system.text.encoding.codepages\6.0.0\lib\net6.0\System.Text.Encoding.CodePages.dll
                                     AssetType=runtime
                                     CopyLocal=true
                                     DestinationSubPath=System.Text.Encoding.CodePages.dll
                                     NuGetPackageId=System.Text.Encoding.CodePages
                                     NuGetPackageVersion=6.0.0
                                     PathInPackage=lib/net6.0/System.Text.Encoding.CodePages.dll
                             C:\Users\USER\.nuget\packages\system.text.encodings.web\6.0.0\lib\net6.0\System.Text.Encodings.Web.dll
                                     AssetType=runtime
                                     CopyLocal=true
                                     DestinationSubPath=System.Text.Encodings.Web.dll
                                     NuGetPackageId=System.Text.Encodings.Web
                                     NuGetPackageVersion=6.0.0
                                     PathInPackage=lib/net6.0/System.Text.Encodings.Web.dll
                             C:\Users\USER\.nuget\packages\system.text.json\4.7.2\lib\netcoreapp3.0\System.Text.Json.dll
                                     AssetType=runtime
                                     CopyLocal=true
                                     DestinationSubPath=System.Text.Json.dll
                                     NuGetPackageId=System.Text.Json
                                     NuGetPackageVersion=4.7.2
                                     PathInPackage=lib/netcoreapp3.0/System.Text.Json.dll
                             C:\Users\USER\.nuget\packages\system.windows.extensions\6.0.0\lib\net6.0\System.Windows.Extensions.dll
                                     AssetType=runtime
                                     CopyLocal=true
                                     DestinationSubPath=System.Windows.Extensions.dll
                                     NuGetPackageId=System.Windows.Extensions
                                     NuGetPackageVersion=6.0.0
                                     PathInPackage=lib/net6.0/System.Windows.Extensions.dll (TaskId:21)
                     Output Item(s): 
                         RuntimeTargetsCopyLocalItems=
                             C:\Users\USER\.nuget\packages\microsoft.data.sqlclient\5.1.5\runtimes\unix\lib\net6.0\Microsoft.Data.SqlClient.dll
                                     AssetType=runtime
                                     CopyLocal=true
                                     DestinationSubDirectory=runtimes\unix\lib\net6.0\
                                     DestinationSubPath=runtimes\unix\lib\net6.0\Microsoft.Data.SqlClient.dll
                                     NuGetPackageId=Microsoft.Data.SqlClient
                                     NuGetPackageVersion=5.1.5
                                     PathInPackage=runtimes/unix/lib/net6.0/Microsoft.Data.SqlClient.dll
                                     RuntimeIdentifier=unix
                             C:\Users\USER\.nuget\packages\microsoft.data.sqlclient\5.1.5\runtimes\win\lib\net6.0\Microsoft.Data.SqlClient.dll
                                     AssetType=runtime
                                     CopyLocal=true
                                     DestinationSubDirectory=runtimes\win\lib\net6.0\
                                     DestinationSubPath=runtimes\win\lib\net6.0\Microsoft.Data.SqlClient.dll
                                     NuGetPackageId=Microsoft.Data.SqlClient
                                     NuGetPackageVersion=5.1.5
                                     PathInPackage=runtimes/win/lib/net6.0/Microsoft.Data.SqlClient.dll
                                     RuntimeIdentifier=win
                             C:\Users\USER\.nuget\packages\microsoft.data.sqlclient.sni.runtime\5.1.1\runtimes\win-arm\native\Microsoft.Data.SqlClient.SNI.dll
                                     AssetType=native
                                     CopyLocal=true
                                     DestinationSubDirectory=runtimes\win-arm\native\
                                     DestinationSubPath=runtimes\win-arm\native\Microsoft.Data.SqlClient.SNI.dll
                                     NuGetPackageId=Microsoft.Data.SqlClient.SNI.runtime
                                     NuGetPackageVersion=5.1.1
                                     PathInPackage=runtimes/win-arm/native/Microsoft.Data.SqlClient.SNI.dll
                                     RuntimeIdentifier=win-arm
                             C:\Users\USER\.nuget\packages\microsoft.data.sqlclient.sni.runtime\5.1.1\runtimes\win-arm64\native\Microsoft.Data.SqlClient.SNI.dll
                                     AssetType=native
                                     CopyLocal=true
                                     DestinationSubDirectory=runtimes\win-arm64\native\
                                     DestinationSubPath=runtimes\win-arm64\native\Microsoft.Data.SqlClient.SNI.dll
                                     NuGetPackageId=Microsoft.Data.SqlClient.SNI.runtime
                                     NuGetPackageVersion=5.1.1
                                     PathInPackage=runtimes/win-arm64/native/Microsoft.Data.SqlClient.SNI.dll
                                     RuntimeIdentifier=win-arm64
                             C:\Users\USER\.nuget\packages\microsoft.data.sqlclient.sni.runtime\5.1.1\runtimes\win-x64\native\Microsoft.Data.SqlClient.SNI.dll
                                     AssetType=native
                                     CopyLocal=true
                                     DestinationSubDirectory=runtimes\win-x64\native\
                                     DestinationSubPath=runtimes\win-x64\native\Microsoft.Data.SqlClient.SNI.dll
                                     NuGetPackageId=Microsoft.Data.SqlClient.SNI.runtime
                                     NuGetPackageVersion=5.1.1
                                     PathInPackage=runtimes/win-x64/native/Microsoft.Data.SqlClient.SNI.dll
                                     RuntimeIdentifier=win-x64
                             C:\Users\USER\.nuget\packages\microsoft.data.sqlclient.sni.runtime\5.1.1\runtimes\win-x86\native\Microsoft.Data.SqlClient.SNI.dll
                                     AssetType=native
                                     CopyLocal=true
                                     DestinationSubDirectory=runtimes\win-x86\native\
                                     DestinationSubPath=runtimes\win-x86\native\Microsoft.Data.SqlClient.SNI.dll
                                     NuGetPackageId=Microsoft.Data.SqlClient.SNI.runtime
                                     NuGetPackageVersion=5.1.1
                                     PathInPackage=runtimes/win-x86/native/Microsoft.Data.SqlClient.SNI.dll
                                     RuntimeIdentifier=win-x86
                             C:\Users\USER\.nuget\packages\microsoft.win32.systemevents\6.0.0\runtimes\win\lib\net6.0\Microsoft.Win32.SystemEvents.dll
                                     AssetType=runtime
                                     CopyLocal=true
                                     DestinationSubDirectory=runtimes\win\lib\net6.0\
                                     DestinationSubPath=runtimes\win\lib\net6.0\Microsoft.Win32.SystemEvents.dll
                                     NuGetPackageId=Microsoft.Win32.SystemEvents
                                     NuGetPackageVersion=6.0.0
                                     PathInPackage=runtimes/win/lib/net6.0/Microsoft.Win32.SystemEvents.dll
                                     RuntimeIdentifier=win
                             C:\Users\USER\.nuget\packages\system.drawing.common\6.0.0\runtimes\unix\lib\net6.0\System.Drawing.Common.dll
                                     AssetType=runtime
                                     CopyLocal=true
                                     DestinationSubDirectory=runtimes\unix\lib\net6.0\
                                     DestinationSubPath=runtimes\unix\lib\net6.0\System.Drawing.Common.dll
                                     NuGetPackageId=System.Drawing.Common
                                     NuGetPackageVersion=6.0.0
                                     PathInPackage=runtimes/unix/lib/net6.0/System.Drawing.Common.dll
                                     RuntimeIdentifier=unix
                             C:\Users\USER\.nuget\packages\system.drawing.common\6.0.0\runtimes\win\lib\net6.0\System.Drawing.Common.dll
                                     AssetType=runtime
                                     CopyLocal=true
                                     DestinationSubDirectory=runtimes\win\lib\net6.0\
                                     DestinationSubPath=runtimes\win\lib\net6.0\System.Drawing.Common.dll
                                     NuGetPackageId=System.Drawing.Common
                                     NuGetPackageVersion=6.0.0
                                     PathInPackage=runtimes/win/lib/net6.0/System.Drawing.Common.dll
                                     RuntimeIdentifier=win
                             C:\Users\USER\.nuget\packages\system.io.filesystem.accesscontrol\5.0.0\runtimes\win\lib\netstandard2.0\System.IO.FileSystem.AccessControl.dll
                                     AssetType=runtime
                                     CopyLocal=true
                                     DestinationSubDirectory=runtimes\win\lib\netstandard2.0\
                                     DestinationSubPath=runtimes\win\lib\netstandard2.0\System.IO.FileSystem.AccessControl.dll
                                     NuGetPackageId=System.IO.FileSystem.AccessControl
                                     NuGetPackageVersion=5.0.0
                                     PathInPackage=runtimes/win/lib/netstandard2.0/System.IO.FileSystem.AccessControl.dll
                                     RuntimeIdentifier=win
                             C:\Users\USER\.nuget\packages\system.runtime.caching\6.0.0\runtimes\win\lib\net6.0\System.Runtime.Caching.dll
                                     AssetType=runtime
                                     CopyLocal=true
                                     DestinationSubDirectory=runtimes\win\lib\net6.0\
                                     DestinationSubPath=runtimes\win\lib\net6.0\System.Runtime.Caching.dll
                                     NuGetPackageId=System.Runtime.Caching
                                     NuGetPackageVersion=6.0.0
                                     PathInPackage=runtimes/win/lib/net6.0/System.Runtime.Caching.dll
                                     RuntimeIdentifier=win
                             C:\Users\USER\.nuget\packages\system.security.accesscontrol\6.0.0\runtimes\win\lib\net6.0\System.Security.AccessControl.dll
                                     AssetType=runtime
                                     CopyLocal=true
                                     DestinationSubDirectory=runtimes\win\lib\net6.0\
                                     DestinationSubPath=runtimes\win\lib\net6.0\System.Security.AccessControl.dll
                                     NuGetPackageId=System.Security.AccessControl
                                     NuGetPackageVersion=6.0.0
                                     PathInPackage=runtimes/win/lib/net6.0/System.Security.AccessControl.dll
                                     RuntimeIdentifier=win
                             C:\Users\USER\.nuget\packages\system.security.cryptography.cng\5.0.0\runtimes\win\lib\netcoreapp3.0\System.Security.Cryptography.Cng.dll
                                     AssetType=runtime
                                     CopyLocal=true
                                     DestinationSubDirectory=runtimes\win\lib\netcoreapp3.0\
                                     DestinationSubPath=runtimes\win\lib\netcoreapp3.0\System.Security.Cryptography.Cng.dll
                                     NuGetPackageId=System.Security.Cryptography.Cng
                                     NuGetPackageVersion=5.0.0
                                     PathInPackage=runtimes/win/lib/netcoreapp3.0/System.Security.Cryptography.Cng.dll
                                     RuntimeIdentifier=win
                             C:\Users\USER\.nuget\packages\system.security.cryptography.protecteddata\6.0.0\runtimes\win\lib\net6.0\System.Security.Cryptography.ProtectedData.dll
                                     AssetType=runtime
                                     CopyLocal=true
                                     DestinationSubDirectory=runtimes\win\lib\net6.0\
                                     DestinationSubPath=runtimes\win\lib\net6.0\System.Security.Cryptography.ProtectedData.dll
                                     NuGetPackageId=System.Security.Cryptography.ProtectedData
                                     NuGetPackageVersion=6.0.0
                                     PathInPackage=runtimes/win/lib/net6.0/System.Security.Cryptography.ProtectedData.dll
                                     RuntimeIdentifier=win
                             C:\Users\USER\.nuget\packages\system.security.principal.windows\5.0.0\runtimes\unix\lib\netcoreapp2.1\System.Security.Principal.Windows.dll
                                     AssetType=runtime
                                     CopyLocal=true
                                     DestinationSubDirectory=runtimes\unix\lib\netcoreapp2.1\
                                     DestinationSubPath=runtimes\unix\lib\netcoreapp2.1\System.Security.Principal.Windows.dll
                                     NuGetPackageId=System.Security.Principal.Windows
                                     NuGetPackageVersion=5.0.0
                                     PathInPackage=runtimes/unix/lib/netcoreapp2.1/System.Security.Principal.Windows.dll
                                     RuntimeIdentifier=unix
                             C:\Users\USER\.nuget\packages\system.security.principal.windows\5.0.0\runtimes\win\lib\netcoreapp2.1\System.Security.Principal.Windows.dll
                                     AssetType=runtime
                                     CopyLocal=true
                                     DestinationSubDirectory=runtimes\win\lib\netcoreapp2.1\
                                     DestinationSubPath=runtimes\win\lib\netcoreapp2.1\System.Security.Principal.Windows.dll
                                     NuGetPackageId=System.Security.Principal.Windows
                                     NuGetPackageVersion=5.0.0
                                     PathInPackage=runtimes/win/lib/netcoreapp2.1/System.Security.Principal.Windows.dll
                                     RuntimeIdentifier=win
                             C:\Users\USER\.nuget\packages\system.text.encoding.codepages\6.0.0\runtimes\win\lib\net6.0\System.Text.Encoding.CodePages.dll
                                     AssetType=runtime
                                     CopyLocal=true
                                     DestinationSubDirectory=runtimes\win\lib\net6.0\
                                     DestinationSubPath=runtimes\win\lib\net6.0\System.Text.Encoding.CodePages.dll
                                     NuGetPackageId=System.Text.Encoding.CodePages
                                     NuGetPackageVersion=6.0.0
                                     PathInPackage=runtimes/win/lib/net6.0/System.Text.Encoding.CodePages.dll
                                     RuntimeIdentifier=win
                             C:\Users\USER\.nuget\packages\system.text.encodings.web\6.0.0\runtimes\browser\lib\net6.0\System.Text.Encodings.Web.dll
                                     AssetType=runtime
                                     CopyLocal=true
                                     DestinationSubDirectory=runtimes\browser\lib\net6.0\
                                     DestinationSubPath=runtimes\browser\lib\net6.0\System.Text.Encodings.Web.dll
                                     NuGetPackageId=System.Text.Encodings.Web
                                     NuGetPackageVersion=6.0.0
                                     PathInPackage=runtimes/browser/lib/net6.0/System.Text.Encodings.Web.dll
                                     RuntimeIdentifier=browser
                             C:\Users\USER\.nuget\packages\system.windows.extensions\6.0.0\runtimes\win\lib\net6.0\System.Windows.Extensions.dll
                                     AssetType=runtime
                                     CopyLocal=true
                                     DestinationSubDirectory=runtimes\win\lib\net6.0\
                                     DestinationSubPath=runtimes\win\lib\net6.0\System.Windows.Extensions.dll
                                     NuGetPackageId=System.Windows.Extensions
                                     NuGetPackageVersion=6.0.0
                                     PathInPackage=runtimes/win/lib/net6.0/System.Windows.Extensions.dll
                                     RuntimeIdentifier=win (TaskId:21)
                     Output Item(s): 
                         ResolvedCompileFileDefinitions=
                             C:\Users\USER\.nuget\packages\azure.core\1.35.0\lib\net6.0\Azure.Core.dll
                                     ExternallyResolved=true
                                     HintPath=C:\Users\USER\.nuget\packages\azure.core\1.35.0\lib\net6.0\Azure.Core.dll
                                     NuGetPackageId=Azure.Core
                                     NuGetPackageVersion=1.35.0
                                     NuGetSourceType=Package
                                     PathInPackage=lib/net6.0/Azure.Core.dll
                                     Private=false
                             C:\Users\USER\.nuget\packages\azure.identity\1.10.3\lib\netstandard2.0\Azure.Identity.dll
                                     ExternallyResolved=true
                                     HintPath=C:\Users\USER\.nuget\packages\azure.identity\1.10.3\lib\netstandard2.0\Azure.Identity.dll
                                     NuGetPackageId=Azure.Identity
                                     NuGetPackageVersion=1.10.3
                                     NuGetSourceType=Package
                                     PathInPackage=lib/netstandard2.0/Azure.Identity.dll
                                     Private=false
                             C:\Users\USER\.nuget\packages\microsoft.bcl.asyncinterfaces\1.1.1\ref\netstandard2.1\Microsoft.Bcl.AsyncInterfaces.dll
                                     ExternallyResolved=true
                                     HintPath=C:\Users\USER\.nuget\packages\microsoft.bcl.asyncinterfaces\1.1.1\ref\netstandard2.1\Microsoft.Bcl.AsyncInterfaces.dll
                                     NuGetPackageId=Microsoft.Bcl.AsyncInterfaces
                                     NuGetPackageVersion=1.1.1
                                     NuGetSourceType=Package
                                     PathInPackage=ref/netstandard2.1/Microsoft.Bcl.AsyncInterfaces.dll
                                     Private=false
                             C:\Users\USER\.nuget\packages\microsoft.data.sqlclient\5.1.5\ref\net6.0\Microsoft.Data.SqlClient.dll
                                     ExternallyResolved=true
                                     HintPath=C:\Users\USER\.nuget\packages\microsoft.data.sqlclient\5.1.5\ref\net6.0\Microsoft.Data.SqlClient.dll
                                     NuGetPackageId=Microsoft.Data.SqlClient
                                     NuGetPackageVersion=5.1.5
                                     NuGetSourceType=Package
                                     PathInPackage=ref/net6.0/Microsoft.Data.SqlClient.dll
                                     Private=false
                             C:\Users\USER\.nuget\packages\microsoft.entityframeworkcore\8.0.17\lib\net8.0\Microsoft.EntityFrameworkCore.dll
                                     ExternallyResolved=true
                                     HintPath=C:\Users\USER\.nuget\packages\microsoft.entityframeworkcore\8.0.17\lib\net8.0\Microsoft.EntityFrameworkCore.dll
                                     NuGetPackageId=Microsoft.EntityFrameworkCore
                                     NuGetPackageVersion=8.0.17
                                     NuGetSourceType=Package
                                     PathInPackage=lib/net8.0/Microsoft.EntityFrameworkCore.dll
                                     Private=false
                             C:\Users\USER\.nuget\packages\microsoft.entityframeworkcore.abstractions\8.0.17\lib\net8.0\Microsoft.EntityFrameworkCore.Abstractions.dll
                                     ExternallyResolved=true
                                     HintPath=C:\Users\USER\.nuget\packages\microsoft.entityframeworkcore.abstractions\8.0.17\lib\net8.0\Microsoft.EntityFrameworkCore.Abstractions.dll
                                     NuGetPackageId=Microsoft.EntityFrameworkCore.Abstractions
                                     NuGetPackageVersion=8.0.17
                                     NuGetSourceType=Package
                                     PathInPackage=lib/net8.0/Microsoft.EntityFrameworkCore.Abstractions.dll
                                     Private=false
                             C:\Users\USER\.nuget\packages\microsoft.entityframeworkcore.relational\8.0.10\lib\net8.0\Microsoft.EntityFrameworkCore.Relational.dll
                                     ExternallyResolved=true
                                     HintPath=C:\Users\USER\.nuget\packages\microsoft.entityframeworkcore.relational\8.0.10\lib\net8.0\Microsoft.EntityFrameworkCore.Relational.dll
                                     NuGetPackageId=Microsoft.EntityFrameworkCore.Relational
                                     NuGetPackageVersion=8.0.10
                                     NuGetSourceType=Package
                                     PathInPackage=lib/net8.0/Microsoft.EntityFrameworkCore.Relational.dll
                                     Private=false
                             C:\Users\USER\.nuget\packages\microsoft.entityframeworkcore.sqlserver\8.0.10\lib\net8.0\Microsoft.EntityFrameworkCore.SqlServer.dll
                                     ExternallyResolved=true
                                     HintPath=C:\Users\USER\.nuget\packages\microsoft.entityframeworkcore.sqlserver\8.0.10\lib\net8.0\Microsoft.EntityFrameworkCore.SqlServer.dll
                                     NuGetPackageId=Microsoft.EntityFrameworkCore.SqlServer
                                     NuGetPackageVersion=8.0.10
                                     NuGetSourceType=Package
                                     PathInPackage=lib/net8.0/Microsoft.EntityFrameworkCore.SqlServer.dll
                                     Private=false
                             C:\Users\USER\.nuget\packages\microsoft.extensions.caching.abstractions\8.0.0\lib\net8.0\Microsoft.Extensions.Caching.Abstractions.dll
                                     ExternallyResolved=true
                                     HintPath=C:\Users\USER\.nuget\packages\microsoft.extensions.caching.abstractions\8.0.0\lib\net8.0\Microsoft.Extensions.Caching.Abstractions.dll
                                     NuGetPackageId=Microsoft.Extensions.Caching.Abstractions
                                     NuGetPackageVersion=8.0.0
                                     NuGetSourceType=Package
                                     PathInPackage=lib/net8.0/Microsoft.Extensions.Caching.Abstractions.dll
                                     Private=false
                             C:\Users\USER\.nuget\packages\microsoft.extensions.caching.memory\8.0.1\lib\net8.0\Microsoft.Extensions.Caching.Memory.dll
                                     ExternallyResolved=true
                                     HintPath=C:\Users\USER\.nuget\packages\microsoft.extensions.caching.memory\8.0.1\lib\net8.0\Microsoft.Extensions.Caching.Memory.dll
                                     NuGetPackageId=Microsoft.Extensions.Caching.Memory
                                     NuGetPackageVersion=8.0.1
                                     NuGetSourceType=Package
                                     PathInPackage=lib/net8.0/Microsoft.Extensions.Caching.Memory.dll
                                     Private=false
                             C:\Users\USER\.nuget\packages\microsoft.extensions.configuration.abstractions\8.0.0\lib\net8.0\Microsoft.Extensions.Configuration.Abstractions.dll
                                     ExternallyResolved=true
                                     HintPath=C:\Users\USER\.nuget\packages\microsoft.extensions.configuration.abstractions\8.0.0\lib\net8.0\Microsoft.Extensions.Configuration.Abstractions.dll
                                     NuGetPackageId=Microsoft.Extensions.Configuration.Abstractions
                                     NuGetPackageVersion=8.0.0
                                     NuGetSourceType=Package
                                     PathInPackage=lib/net8.0/Microsoft.Extensions.Configuration.Abstractions.dll
                                     Private=false
                             C:\Users\USER\.nuget\packages\microsoft.extensions.dependencyinjection\8.0.1\lib\net8.0\Microsoft.Extensions.DependencyInjection.dll
                                     ExternallyResolved=true
                                     HintPath=C:\Users\USER\.nuget\packages\microsoft.extensions.dependencyinjection\8.0.1\lib\net8.0\Microsoft.Extensions.DependencyInjection.dll
                                     NuGetPackageId=Microsoft.Extensions.DependencyInjection
                                     NuGetPackageVersion=8.0.1
                                     NuGetSourceType=Package
                                     PathInPackage=lib/net8.0/Microsoft.Extensions.DependencyInjection.dll
                                     Private=false
                             C:\Users\USER\.nuget\packages\microsoft.extensions.dependencyinjection.abstractions\8.0.2\lib\net8.0\Microsoft.Extensions.DependencyInjection.Abstractions.dll
                                     ExternallyResolved=true
                                     HintPath=C:\Users\USER\.nuget\packages\microsoft.extensions.dependencyinjection.abstractions\8.0.2\lib\net8.0\Microsoft.Extensions.DependencyInjection.Abstractions.dll
                                     NuGetPackageId=Microsoft.Extensions.DependencyInjection.Abstractions
                                     NuGetPackageVersion=8.0.2
                                     NuGetSourceType=Package
                                     PathInPackage=lib/net8.0/Microsoft.Extensions.DependencyInjection.Abstractions.dll
                                     Private=false
                             C:\Users\USER\.nuget\packages\microsoft.extensions.logging\8.0.1\lib\net8.0\Microsoft.Extensions.Logging.dll
                                     ExternallyResolved=true
                                     HintPath=C:\Users\USER\.nuget\packages\microsoft.extensions.logging\8.0.1\lib\net8.0\Microsoft.Extensions.Logging.dll
                                     NuGetPackageId=Microsoft.Extensions.Logging
                                     NuGetPackageVersion=8.0.1
                                     NuGetSourceType=Package
                                     PathInPackage=lib/net8.0/Microsoft.Extensions.Logging.dll
                                     Private=false
                             C:\Users\USER\.nuget\packages\microsoft.extensions.logging.abstractions\8.0.2\lib\net8.0\Microsoft.Extensions.Logging.Abstractions.dll
                                     ExternallyResolved=true
                                     HintPath=C:\Users\USER\.nuget\packages\microsoft.extensions.logging.abstractions\8.0.2\lib\net8.0\Microsoft.Extensions.Logging.Abstractions.dll
                                     NuGetPackageId=Microsoft.Extensions.Logging.Abstractions
                                     NuGetPackageVersion=8.0.2
                                     NuGetSourceType=Package
                                     PathInPackage=lib/net8.0/Microsoft.Extensions.Logging.Abstractions.dll
                                     Private=false
                             C:\Users\USER\.nuget\packages\microsoft.extensions.options\8.0.2\lib\net8.0\Microsoft.Extensions.Options.dll
                                     ExternallyResolved=true
                                     HintPath=C:\Users\USER\.nuget\packages\microsoft.extensions.options\8.0.2\lib\net8.0\Microsoft.Extensions.Options.dll
                                     NuGetPackageId=Microsoft.Extensions.Options
                                     NuGetPackageVersion=8.0.2
                                     NuGetSourceType=Package
                                     PathInPackage=lib/net8.0/Microsoft.Extensions.Options.dll
                                     Private=false
                             C:\Users\USER\.nuget\packages\microsoft.extensions.primitives\8.0.0\lib\net8.0\Microsoft.Extensions.Primitives.dll
                                     ExternallyResolved=true
                                     HintPath=C:\Users\USER\.nuget\packages\microsoft.extensions.primitives\8.0.0\lib\net8.0\Microsoft.Extensions.Primitives.dll
                                     NuGetPackageId=Microsoft.Extensions.Primitives
                                     NuGetPackageVersion=8.0.0
                                     NuGetSourceType=Package
                                     PathInPackage=lib/net8.0/Microsoft.Extensions.Primitives.dll
                                     Private=false
                             C:\Users\USER\.nuget\packages\microsoft.identity.client\4.56.0\lib\net6.0\Microsoft.Identity.Client.dll
                                     ExternallyResolved=true
                                     HintPath=C:\Users\USER\.nuget\packages\microsoft.identity.client\4.56.0\lib\net6.0\Microsoft.Identity.Client.dll
                                     NuGetPackageId=Microsoft.Identity.Client
                                     NuGetPackageVersion=4.56.0
                                     NuGetSourceType=Package
                                     PathInPackage=lib/net6.0/Microsoft.Identity.Client.dll
                                     Private=false
                             C:\Users\USER\.nuget\packages\microsoft.identity.client.extensions.msal\4.56.0\lib\netstandard2.0\Microsoft.Identity.Client.Extensions.Msal.dll
                                     ExternallyResolved=true
                                     HintPath=C:\Users\USER\.nuget\packages\microsoft.identity.client.extensions.msal\4.56.0\lib\netstandard2.0\Microsoft.Identity.Client.Extensions.Msal.dll
                                     NuGetPackageId=Microsoft.Identity.Client.Extensions.Msal
                                     NuGetPackageVersion=4.56.0
                                     NuGetSourceType=Package
                                     PathInPackage=lib/netstandard2.0/Microsoft.Identity.Client.Extensions.Msal.dll
                                     Private=false
                             C:\Users\USER\.nuget\packages\microsoft.identitymodel.abstractions\6.35.0\lib\net6.0\Microsoft.IdentityModel.Abstractions.dll
                                     ExternallyResolved=true
                                     HintPath=C:\Users\USER\.nuget\packages\microsoft.identitymodel.abstractions\6.35.0\lib\net6.0\Microsoft.IdentityModel.Abstractions.dll
                                     NuGetPackageId=Microsoft.IdentityModel.Abstractions
                                     NuGetPackageVersion=6.35.0
                                     NuGetSourceType=Package
                                     PathInPackage=lib/net6.0/Microsoft.IdentityModel.Abstractions.dll
                                     Private=false
                             C:\Users\USER\.nuget\packages\microsoft.identitymodel.jsonwebtokens\6.35.0\lib\net6.0\Microsoft.IdentityModel.JsonWebTokens.dll
                                     ExternallyResolved=true
                                     HintPath=C:\Users\USER\.nuget\packages\microsoft.identitymodel.jsonwebtokens\6.35.0\lib\net6.0\Microsoft.IdentityModel.JsonWebTokens.dll
                                     NuGetPackageId=Microsoft.IdentityModel.JsonWebTokens
                                     NuGetPackageVersion=6.35.0
                                     NuGetSourceType=Package
                                     PathInPackage=lib/net6.0/Microsoft.IdentityModel.JsonWebTokens.dll
                                     Private=false
                             C:\Users\USER\.nuget\packages\microsoft.identitymodel.logging\6.35.0\lib\net6.0\Microsoft.IdentityModel.Logging.dll
                                     ExternallyResolved=true
                                     HintPath=C:\Users\USER\.nuget\packages\microsoft.identitymodel.logging\6.35.0\lib\net6.0\Microsoft.IdentityModel.Logging.dll
                                     NuGetPackageId=Microsoft.IdentityModel.Logging
                                     NuGetPackageVersion=6.35.0
                                     NuGetSourceType=Package
                                     PathInPackage=lib/net6.0/Microsoft.IdentityModel.Logging.dll
                                     Private=false
                             C:\Users\USER\.nuget\packages\microsoft.identitymodel.protocols\6.35.0\lib\net6.0\Microsoft.IdentityModel.Protocols.dll
                                     ExternallyResolved=true
                                     HintPath=C:\Users\USER\.nuget\packages\microsoft.identitymodel.protocols\6.35.0\lib\net6.0\Microsoft.IdentityModel.Protocols.dll
                                     NuGetPackageId=Microsoft.IdentityModel.Protocols
                                     NuGetPackageVersion=6.35.0
                                     NuGetSourceType=Package
                                     PathInPackage=lib/net6.0/Microsoft.IdentityModel.Protocols.dll
                                     Private=false
                             C:\Users\USER\.nuget\packages\microsoft.identitymodel.protocols.openidconnect\6.35.0\lib\net6.0\Microsoft.IdentityModel.Protocols.OpenIdConnect.dll
                                     ExternallyResolved=true
                                     HintPath=C:\Users\USER\.nuget\packages\microsoft.identitymodel.protocols.openidconnect\6.35.0\lib\net6.0\Microsoft.IdentityModel.Protocols.OpenIdConnect.dll
                                     NuGetPackageId=Microsoft.IdentityModel.Protocols.OpenIdConnect
                                     NuGetPackageVersion=6.35.0
                                     NuGetSourceType=Package
                                     PathInPackage=lib/net6.0/Microsoft.IdentityModel.Protocols.OpenIdConnect.dll
                                     Private=false
                             C:\Users\USER\.nuget\packages\microsoft.identitymodel.tokens\6.35.0\lib\net6.0\Microsoft.IdentityModel.Tokens.dll
                                     ExternallyResolved=true
                                     HintPath=C:\Users\USER\.nuget\packages\microsoft.identitymodel.tokens\6.35.0\lib\net6.0\Microsoft.IdentityModel.Tokens.dll
                                     NuGetPackageId=Microsoft.IdentityModel.Tokens
                                     NuGetPackageVersion=6.35.0
                                     NuGetSourceType=Package
                                     PathInPackage=lib/net6.0/Microsoft.IdentityModel.Tokens.dll
                                     Private=false
                             C:\Users\USER\.nuget\packages\microsoft.sqlserver.server\1.0.0\lib\netstandard2.0\Microsoft.SqlServer.Server.dll
                                     ExternallyResolved=true
                                     HintPath=C:\Users\USER\.nuget\packages\microsoft.sqlserver.server\1.0.0\lib\netstandard2.0\Microsoft.SqlServer.Server.dll
                                     NuGetPackageId=Microsoft.SqlServer.Server
                                     NuGetPackageVersion=1.0.0
                                     NuGetSourceType=Package
                                     PathInPackage=lib/netstandard2.0/Microsoft.SqlServer.Server.dll
                                     Private=false
                             C:\Users\USER\.nuget\packages\system.diagnostics.diagnosticsource\6.0.1\lib\net6.0\System.Diagnostics.DiagnosticSource.dll
                                     ExternallyResolved=true
                                     HintPath=C:\Users\USER\.nuget\packages\system.diagnostics.diagnosticsource\6.0.1\lib\net6.0\System.Diagnostics.DiagnosticSource.dll
                                     NuGetPackageId=System.Diagnostics.DiagnosticSource
                                     NuGetPackageVersion=6.0.1
                                     NuGetSourceType=Package
                                     PathInPackage=lib/net6.0/System.Diagnostics.DiagnosticSource.dll
                                     Private=false
                             C:\Users\USER\.nuget\packages\system.identitymodel.tokens.jwt\6.35.0\lib\net6.0\System.IdentityModel.Tokens.Jwt.dll
                                     ExternallyResolved=true
                                     HintPath=C:\Users\USER\.nuget\packages\system.identitymodel.tokens.jwt\6.35.0\lib\net6.0\System.IdentityModel.Tokens.Jwt.dll
                                     NuGetPackageId=System.IdentityModel.Tokens.Jwt
                                     NuGetPackageVersion=6.35.0
                                     NuGetSourceType=Package
                                     PathInPackage=lib/net6.0/System.IdentityModel.Tokens.Jwt.dll
                                     Private=false
                             C:\Users\USER\.nuget\packages\system.io.filesystem.accesscontrol\5.0.0\ref\netstandard2.0\System.IO.FileSystem.AccessControl.dll
                                     ExternallyResolved=true
                                     HintPath=C:\Users\USER\.nuget\packages\system.io.filesystem.accesscontrol\5.0.0\ref\netstandard2.0\System.IO.FileSystem.AccessControl.dll
                                     NuGetPackageId=System.IO.FileSystem.AccessControl
                                     NuGetPackageVersion=5.0.0
                                     NuGetSourceType=Package
                                     PathInPackage=ref/netstandard2.0/System.IO.FileSystem.AccessControl.dll
                                     Private=false
                             C:\Users\USER\.nuget\packages\system.memory.data\1.0.2\lib\netstandard2.0\System.Memory.Data.dll
                                     ExternallyResolved=true
                                     HintPath=C:\Users\USER\.nuget\packages\system.memory.data\1.0.2\lib\netstandard2.0\System.Memory.Data.dll
                                     NuGetPackageId=System.Memory.Data
                                     NuGetPackageVersion=1.0.2
                                     NuGetSourceType=Package
                                     PathInPackage=lib/netstandard2.0/System.Memory.Data.dll
                                     Private=false
                             C:\Users\USER\.nuget\packages\system.runtime\4.3.0\ref\netstandard1.5\System.Runtime.dll
                                     ExternallyResolved=true
                                     HintPath=C:\Users\USER\.nuget\packages\system.runtime\4.3.0\ref\netstandard1.5\System.Runtime.dll
                                     NuGetPackageId=System.Runtime
                                     NuGetPackageVersion=4.3.0
                                     NuGetSourceType=Package
                                     PathInPackage=ref/netstandard1.5/System.Runtime.dll
                                     Private=false
                             C:\Users\USER\.nuget\packages\system.runtime.compilerservices.unsafe\6.0.0\lib\net6.0\System.Runtime.CompilerServices.Unsafe.dll
                                     ExternallyResolved=true
                                     HintPath=C:\Users\USER\.nuget\packages\system.runtime.compilerservices.unsafe\6.0.0\lib\net6.0\System.Runtime.CompilerServices.Unsafe.dll
                                     NuGetPackageId=System.Runtime.CompilerServices.Unsafe
                                     NuGetPackageVersion=6.0.0
                                     NuGetSourceType=Package
                                     PathInPackage=lib/net6.0/System.Runtime.CompilerServices.Unsafe.dll
                                     Private=false
                             C:\Users\USER\.nuget\packages\system.security.accesscontrol\6.0.0\lib\net6.0\System.Security.AccessControl.dll
                                     ExternallyResolved=true
                                     HintPath=C:\Users\USER\.nuget\packages\system.security.accesscontrol\6.0.0\lib\net6.0\System.Security.AccessControl.dll
                                     NuGetPackageId=System.Security.AccessControl
                                     NuGetPackageVersion=6.0.0
                                     NuGetSourceType=Package
                                     PathInPackage=lib/net6.0/System.Security.AccessControl.dll
                                     Private=false
                             C:\Users\USER\.nuget\packages\system.security.cryptography.cng\5.0.0\ref\netcoreapp3.0\System.Security.Cryptography.Cng.dll
                                     ExternallyResolved=true
                                     HintPath=C:\Users\USER\.nuget\packages\system.security.cryptography.cng\5.0.0\ref\netcoreapp3.0\System.Security.Cryptography.Cng.dll
                                     NuGetPackageId=System.Security.Cryptography.Cng
                                     NuGetPackageVersion=5.0.0
                                     NuGetSourceType=Package
                                     PathInPackage=ref/netcoreapp3.0/System.Security.Cryptography.Cng.dll
                                     Private=false
                             C:\Users\USER\.nuget\packages\system.security.cryptography.protecteddata\6.0.0\lib\net6.0\System.Security.Cryptography.ProtectedData.dll
                                     ExternallyResolved=true
                                     HintPath=C:\Users\USER\.nuget\packages\system.security.cryptography.protecteddata\6.0.0\lib\net6.0\System.Security.Cryptography.ProtectedData.dll
                                     NuGetPackageId=System.Security.Cryptography.ProtectedData
                                     NuGetPackageVersion=6.0.0
                                     NuGetSourceType=Package
                                     PathInPackage=lib/net6.0/System.Security.Cryptography.ProtectedData.dll
                                     Private=false
                             C:\Users\USER\.nuget\packages\system.security.principal.windows\5.0.0\ref\netcoreapp3.0\System.Security.Principal.Windows.dll
                                     ExternallyResolved=true
                                     HintPath=C:\Users\USER\.nuget\packages\system.security.principal.windows\5.0.0\ref\netcoreapp3.0\System.Security.Principal.Windows.dll
                                     NuGetPackageId=System.Security.Principal.Windows
                                     NuGetPackageVersion=5.0.0
                                     NuGetSourceType=Package
                                     PathInPackage=ref/netcoreapp3.0/System.Security.Principal.Windows.dll
                                     Private=false
                             C:\Users\USER\.nuget\packages\system.text.encoding\4.3.0\ref\netstandard1.3\System.Text.Encoding.dll
                                     ExternallyResolved=true
                                     HintPath=C:\Users\USER\.nuget\packages\system.text.encoding\4.3.0\ref\netstandard1.3\System.Text.Encoding.dll
                                     NuGetPackageId=System.Text.Encoding
                                     NuGetPackageVersion=4.3.0
                                     NuGetSourceType=Package
                                     PathInPackage=ref/netstandard1.3/System.Text.Encoding.dll
                                     Private=false
                             C:\Users\USER\.nuget\packages\system.text.encodings.web\6.0.0\lib\net6.0\System.Text.Encodings.Web.dll
                                     ExternallyResolved=true
                                     HintPath=C:\Users\USER\.nuget\packages\system.text.encodings.web\6.0.0\lib\net6.0\System.Text.Encodings.Web.dll
                                     NuGetPackageId=System.Text.Encodings.Web
                                     NuGetPackageVersion=6.0.0
                                     NuGetSourceType=Package
                                     PathInPackage=lib/net6.0/System.Text.Encodings.Web.dll
                                     Private=false
                             C:\Users\USER\.nuget\packages\system.text.json\4.7.2\lib\netcoreapp3.0\System.Text.Json.dll
                                     ExternallyResolved=true
                                     HintPath=C:\Users\USER\.nuget\packages\system.text.json\4.7.2\lib\netcoreapp3.0\System.Text.Json.dll
                                     NuGetPackageId=System.Text.Json
                                     NuGetPackageVersion=4.7.2
                                     NuGetSourceType=Package
                                     PathInPackage=lib/netcoreapp3.0/System.Text.Json.dll
                                     Private=false (TaskId:21)
                     Output Item(s): AssetsFilePackageFolder=C:\Users\USER\.nuget\packages\ (TaskId:21)
                     Output Item(s): 
                         PackageDependencies=
                             Azure.Core
                             Azure.Identity
                             Microsoft.Bcl.AsyncInterfaces
                             Microsoft.CSharp
                             Microsoft.Data.SqlClient
                             Microsoft.Data.SqlClient.SNI.runtime
                             Microsoft.EntityFrameworkCore
                             Microsoft.EntityFrameworkCore.Abstractions
                             Microsoft.EntityFrameworkCore.Analyzers
                             Microsoft.EntityFrameworkCore.Relational
                             Microsoft.EntityFrameworkCore.SqlServer
                             Microsoft.Extensions.Caching.Abstractions
                             Microsoft.Extensions.Caching.Memory
                             Microsoft.Extensions.Configuration.Abstractions
                             Microsoft.Extensions.DependencyInjection
                             Microsoft.Extensions.DependencyInjection.Abstractions
                             Microsoft.Extensions.Logging
                             Microsoft.Extensions.Logging.Abstractions
                             Microsoft.Extensions.Options
                             Microsoft.Extensions.Primitives
                             Microsoft.Identity.Client
                             Microsoft.Identity.Client.Extensions.Msal
                             Microsoft.IdentityModel.Abstractions
                             Microsoft.IdentityModel.JsonWebTokens
                             Microsoft.IdentityModel.Logging
                             Microsoft.IdentityModel.Protocols
                             Microsoft.IdentityModel.Protocols.OpenIdConnect
                             Microsoft.IdentityModel.Tokens
                             Microsoft.NETCore.Platforms
                             Microsoft.NETCore.Targets
                             Microsoft.SqlServer.Server
                             Microsoft.Win32.SystemEvents
                             System.Configuration.ConfigurationManager
                             System.Diagnostics.DiagnosticSource
                             System.Drawing.Common
                             System.Formats.Asn1
                             System.IdentityModel.Tokens.Jwt
                             System.IO.FileSystem.AccessControl
                             System.Memory
                             System.Memory.Data
                             System.Numerics.Vectors
                             System.Runtime
                             System.Runtime.Caching
                             System.Runtime.CompilerServices.Unsafe
                             System.Security.AccessControl
                             System.Security.Cryptography.Cng
                             System.Security.Cryptography.ProtectedData
                             System.Security.Permissions
                             System.Security.Principal.Windows
                             System.Text.Encoding
                             System.Text.Encoding.CodePages
                             System.Text.Encodings.Web
                             System.Text.Json
                             System.Threading.Tasks.Extensions
                             System.Windows.Extensions (TaskId:21)
                     Output Item(s): 
                         _PackageDependenciesDesignTime=
                             Microsoft.EntityFrameworkCore/8.0.17
                                     IsImplicitlyDefined=False
                                     Name=Microsoft.EntityFrameworkCore
                                     Path=C:\Users\USER\.nuget\packages\microsoft.entityframeworkcore\8.0.17
                                     Resolved=True
                                     Version=8.0.17
                             Microsoft.EntityFrameworkCore.SqlServer/8.0.10
                                     IsImplicitlyDefined=False
                                     Name=Microsoft.EntityFrameworkCore.SqlServer
                                     Path=C:\Users\USER\.nuget\packages\microsoft.entityframeworkcore.sqlserver\8.0.10
                                     Resolved=True
                                     Version=8.0.10 (TaskId:21)
                   Done executing task "ResolvePackageAssets". (TaskId:21)
20:48:35.473     1>Done building target "ResolvePackageAssets" in project "StaffManagement.Infrastructure.csproj".: (TargetId:33)
                   Target "AdjustDefaultPlatformTargetForNetFrameworkExeWithNoNativeCopyLocalItems" skipped, due to false condition; ('$(_UsingDefaultPlatformTarget)' == 'true' and
                                        '$(_UsingDefaultRuntimeIdentifier)' == 'true') was evaluated as ('true' == 'true' and
                                        '' == 'true').
                   Target "_CheckForTransitiveWindowsDesktopDependencies" skipped, due to false condition; ('$(TargetFrameworkIdentifier)' == '.NETCoreApp' and $([MSBuild]::VersionGreaterThanOrEquals($(_TargetFrameworkVersionWithoutV), '5.0')) and '$(TargetPlatformIdentifier)' != 'Windows' and '@(TransitiveFrameworkReference)' != '') was evaluated as ('.NETCoreApp' == '.NETCoreApp' and True and '' != 'Windows' and '' != '').
                   Target "AddTransitiveFrameworkReferences" skipped, due to false condition; ('@(TransitiveFrameworkReference)' != '') was evaluated as ('' != '').
20:48:35.473     1>Target "ResolveLockFileReferences: (TargetId:34)" in file "C:\Program Files\dotnet\sdk\8.0.403\Sdks\Microsoft.NET.Sdk\targets\Microsoft.PackageDependencyResolution.targets" from project "C:\Users\USER\OneDrive - Royal University of Phnom Penh\Desktop\Testing\StaffManagement\src\StaffManagement.Infrastructure\StaffManagement.Infrastructure.csproj" (target "ResolvePackageDependenciesForBuild" depends on it):
                   Using "JoinItems" task from assembly "C:\Program Files\dotnet\sdk\8.0.403\Sdks\Microsoft.NET.Sdk\targets\..\tools\net8.0\Microsoft.NET.Build.Tasks.dll".
                   Task "JoinItems" (TaskId:22)
                     Task Parameter:LeftKey=FileName (TaskId:22)
                     Task Parameter:RightMetadata=* (TaskId:22)
                     Task Parameter:LeftMetadata=* (TaskId:22)
                     Task Parameter:
                         Left=
                             C:\Users\USER\.nuget\packages\azure.core\1.35.0\lib\net6.0\Azure.Core.dll
                                     ExternallyResolved=true
                                     HintPath=C:\Users\USER\.nuget\packages\azure.core\1.35.0\lib\net6.0\Azure.Core.dll
                                     NuGetPackageId=Azure.Core
                                     NuGetPackageVersion=1.35.0
                                     NuGetSourceType=Package
                                     PathInPackage=lib/net6.0/Azure.Core.dll
                                     Private=false
                             C:\Users\USER\.nuget\packages\azure.identity\1.10.3\lib\netstandard2.0\Azure.Identity.dll
                                     ExternallyResolved=true
                                     HintPath=C:\Users\USER\.nuget\packages\azure.identity\1.10.3\lib\netstandard2.0\Azure.Identity.dll
                                     NuGetPackageId=Azure.Identity
                                     NuGetPackageVersion=1.10.3
                                     NuGetSourceType=Package
                                     PathInPackage=lib/netstandard2.0/Azure.Identity.dll
                                     Private=false
                             C:\Users\USER\.nuget\packages\microsoft.bcl.asyncinterfaces\1.1.1\ref\netstandard2.1\Microsoft.Bcl.AsyncInterfaces.dll
                                     ExternallyResolved=true
                                     HintPath=C:\Users\USER\.nuget\packages\microsoft.bcl.asyncinterfaces\1.1.1\ref\netstandard2.1\Microsoft.Bcl.AsyncInterfaces.dll
                                     NuGetPackageId=Microsoft.Bcl.AsyncInterfaces
                                     NuGetPackageVersion=1.1.1
                                     NuGetSourceType=Package
                                     PathInPackage=ref/netstandard2.1/Microsoft.Bcl.AsyncInterfaces.dll
                                     Private=false
                             C:\Users\USER\.nuget\packages\microsoft.data.sqlclient\5.1.5\ref\net6.0\Microsoft.Data.SqlClient.dll
                                     ExternallyResolved=true
                                     HintPath=C:\Users\USER\.nuget\packages\microsoft.data.sqlclient\5.1.5\ref\net6.0\Microsoft.Data.SqlClient.dll
                                     NuGetPackageId=Microsoft.Data.SqlClient
                                     NuGetPackageVersion=5.1.5
                                     NuGetSourceType=Package
                                     PathInPackage=ref/net6.0/Microsoft.Data.SqlClient.dll
                                     Private=false
                             C:\Users\USER\.nuget\packages\microsoft.entityframeworkcore\8.0.17\lib\net8.0\Microsoft.EntityFrameworkCore.dll
                                     ExternallyResolved=true
                                     HintPath=C:\Users\USER\.nuget\packages\microsoft.entityframeworkcore\8.0.17\lib\net8.0\Microsoft.EntityFrameworkCore.dll
                                     NuGetPackageId=Microsoft.EntityFrameworkCore
                                     NuGetPackageVersion=8.0.17
                                     NuGetSourceType=Package
                                     PathInPackage=lib/net8.0/Microsoft.EntityFrameworkCore.dll
                                     Private=false
                             C:\Users\USER\.nuget\packages\microsoft.entityframeworkcore.abstractions\8.0.17\lib\net8.0\Microsoft.EntityFrameworkCore.Abstractions.dll
                                     ExternallyResolved=true
                                     HintPath=C:\Users\USER\.nuget\packages\microsoft.entityframeworkcore.abstractions\8.0.17\lib\net8.0\Microsoft.EntityFrameworkCore.Abstractions.dll
                                     NuGetPackageId=Microsoft.EntityFrameworkCore.Abstractions
                                     NuGetPackageVersion=8.0.17
                                     NuGetSourceType=Package
                                     PathInPackage=lib/net8.0/Microsoft.EntityFrameworkCore.Abstractions.dll
                                     Private=false
                             C:\Users\USER\.nuget\packages\microsoft.entityframeworkcore.relational\8.0.10\lib\net8.0\Microsoft.EntityFrameworkCore.Relational.dll
                                     ExternallyResolved=true
                                     HintPath=C:\Users\USER\.nuget\packages\microsoft.entityframeworkcore.relational\8.0.10\lib\net8.0\Microsoft.EntityFrameworkCore.Relational.dll
                                     NuGetPackageId=Microsoft.EntityFrameworkCore.Relational
                                     NuGetPackageVersion=8.0.10
                                     NuGetSourceType=Package
                                     PathInPackage=lib/net8.0/Microsoft.EntityFrameworkCore.Relational.dll
                                     Private=false
                             C:\Users\USER\.nuget\packages\microsoft.entityframeworkcore.sqlserver\8.0.10\lib\net8.0\Microsoft.EntityFrameworkCore.SqlServer.dll
                                     ExternallyResolved=true
                                     HintPath=C:\Users\USER\.nuget\packages\microsoft.entityframeworkcore.sqlserver\8.0.10\lib\net8.0\Microsoft.EntityFrameworkCore.SqlServer.dll
                                     NuGetPackageId=Microsoft.EntityFrameworkCore.SqlServer
                                     NuGetPackageVersion=8.0.10
                                     NuGetSourceType=Package
                                     PathInPackage=lib/net8.0/Microsoft.EntityFrameworkCore.SqlServer.dll
                                     Private=false
                             C:\Users\USER\.nuget\packages\microsoft.extensions.caching.abstractions\8.0.0\lib\net8.0\Microsoft.Extensions.Caching.Abstractions.dll
                                     ExternallyResolved=true
                                     HintPath=C:\Users\USER\.nuget\packages\microsoft.extensions.caching.abstractions\8.0.0\lib\net8.0\Microsoft.Extensions.Caching.Abstractions.dll
                                     NuGetPackageId=Microsoft.Extensions.Caching.Abstractions
                                     NuGetPackageVersion=8.0.0
                                     NuGetSourceType=Package
                                     PathInPackage=lib/net8.0/Microsoft.Extensions.Caching.Abstractions.dll
                                     Private=false
                             C:\Users\USER\.nuget\packages\microsoft.extensions.caching.memory\8.0.1\lib\net8.0\Microsoft.Extensions.Caching.Memory.dll
                                     ExternallyResolved=true
                                     HintPath=C:\Users\USER\.nuget\packages\microsoft.extensions.caching.memory\8.0.1\lib\net8.0\Microsoft.Extensions.Caching.Memory.dll
                                     NuGetPackageId=Microsoft.Extensions.Caching.Memory
                                     NuGetPackageVersion=8.0.1
                                     NuGetSourceType=Package
                                     PathInPackage=lib/net8.0/Microsoft.Extensions.Caching.Memory.dll
                                     Private=false
                             C:\Users\USER\.nuget\packages\microsoft.extensions.configuration.abstractions\8.0.0\lib\net8.0\Microsoft.Extensions.Configuration.Abstractions.dll
                                     ExternallyResolved=true
                                     HintPath=C:\Users\USER\.nuget\packages\microsoft.extensions.configuration.abstractions\8.0.0\lib\net8.0\Microsoft.Extensions.Configuration.Abstractions.dll
                                     NuGetPackageId=Microsoft.Extensions.Configuration.Abstractions
                                     NuGetPackageVersion=8.0.0
                                     NuGetSourceType=Package
                                     PathInPackage=lib/net8.0/Microsoft.Extensions.Configuration.Abstractions.dll
                                     Private=false
                             C:\Users\USER\.nuget\packages\microsoft.extensions.dependencyinjection\8.0.1\lib\net8.0\Microsoft.Extensions.DependencyInjection.dll
                                     ExternallyResolved=true
                                     HintPath=C:\Users\USER\.nuget\packages\microsoft.extensions.dependencyinjection\8.0.1\lib\net8.0\Microsoft.Extensions.DependencyInjection.dll
                                     NuGetPackageId=Microsoft.Extensions.DependencyInjection
                                     NuGetPackageVersion=8.0.1
                                     NuGetSourceType=Package
                                     PathInPackage=lib/net8.0/Microsoft.Extensions.DependencyInjection.dll
                                     Private=false
                             C:\Users\USER\.nuget\packages\microsoft.extensions.dependencyinjection.abstractions\8.0.2\lib\net8.0\Microsoft.Extensions.DependencyInjection.Abstractions.dll
                                     ExternallyResolved=true
                                     HintPath=C:\Users\USER\.nuget\packages\microsoft.extensions.dependencyinjection.abstractions\8.0.2\lib\net8.0\Microsoft.Extensions.DependencyInjection.Abstractions.dll
                                     NuGetPackageId=Microsoft.Extensions.DependencyInjection.Abstractions
                                     NuGetPackageVersion=8.0.2
                                     NuGetSourceType=Package
                                     PathInPackage=lib/net8.0/Microsoft.Extensions.DependencyInjection.Abstractions.dll
                                     Private=false
                             C:\Users\USER\.nuget\packages\microsoft.extensions.logging\8.0.1\lib\net8.0\Microsoft.Extensions.Logging.dll
                                     ExternallyResolved=true
                                     HintPath=C:\Users\USER\.nuget\packages\microsoft.extensions.logging\8.0.1\lib\net8.0\Microsoft.Extensions.Logging.dll
                                     NuGetPackageId=Microsoft.Extensions.Logging
                                     NuGetPackageVersion=8.0.1
                                     NuGetSourceType=Package
                                     PathInPackage=lib/net8.0/Microsoft.Extensions.Logging.dll
                                     Private=false
                             C:\Users\USER\.nuget\packages\microsoft.extensions.logging.abstractions\8.0.2\lib\net8.0\Microsoft.Extensions.Logging.Abstractions.dll
                                     ExternallyResolved=true
                                     HintPath=C:\Users\USER\.nuget\packages\microsoft.extensions.logging.abstractions\8.0.2\lib\net8.0\Microsoft.Extensions.Logging.Abstractions.dll
                                     NuGetPackageId=Microsoft.Extensions.Logging.Abstractions
                                     NuGetPackageVersion=8.0.2
                                     NuGetSourceType=Package
                                     PathInPackage=lib/net8.0/Microsoft.Extensions.Logging.Abstractions.dll
                                     Private=false
                             C:\Users\USER\.nuget\packages\microsoft.extensions.options\8.0.2\lib\net8.0\Microsoft.Extensions.Options.dll
                                     ExternallyResolved=true
                                     HintPath=C:\Users\USER\.nuget\packages\microsoft.extensions.options\8.0.2\lib\net8.0\Microsoft.Extensions.Options.dll
                                     NuGetPackageId=Microsoft.Extensions.Options
                                     NuGetPackageVersion=8.0.2
                                     NuGetSourceType=Package
                                     PathInPackage=lib/net8.0/Microsoft.Extensions.Options.dll
                                     Private=false
                             C:\Users\USER\.nuget\packages\microsoft.extensions.primitives\8.0.0\lib\net8.0\Microsoft.Extensions.Primitives.dll
                                     ExternallyResolved=true
                                     HintPath=C:\Users\USER\.nuget\packages\microsoft.extensions.primitives\8.0.0\lib\net8.0\Microsoft.Extensions.Primitives.dll
                                     NuGetPackageId=Microsoft.Extensions.Primitives
                                     NuGetPackageVersion=8.0.0
                                     NuGetSourceType=Package
                                     PathInPackage=lib/net8.0/Microsoft.Extensions.Primitives.dll
                                     Private=false
                             C:\Users\USER\.nuget\packages\microsoft.identity.client\4.56.0\lib\net6.0\Microsoft.Identity.Client.dll
                                     ExternallyResolved=true
                                     HintPath=C:\Users\USER\.nuget\packages\microsoft.identity.client\4.56.0\lib\net6.0\Microsoft.Identity.Client.dll
                                     NuGetPackageId=Microsoft.Identity.Client
                                     NuGetPackageVersion=4.56.0
                                     NuGetSourceType=Package
                                     PathInPackage=lib/net6.0/Microsoft.Identity.Client.dll
                                     Private=false
                             C:\Users\USER\.nuget\packages\microsoft.identity.client.extensions.msal\4.56.0\lib\netstandard2.0\Microsoft.Identity.Client.Extensions.Msal.dll
                                     ExternallyResolved=true
                                     HintPath=C:\Users\USER\.nuget\packages\microsoft.identity.client.extensions.msal\4.56.0\lib\netstandard2.0\Microsoft.Identity.Client.Extensions.Msal.dll
                                     NuGetPackageId=Microsoft.Identity.Client.Extensions.Msal
                                     NuGetPackageVersion=4.56.0
                                     NuGetSourceType=Package
                                     PathInPackage=lib/netstandard2.0/Microsoft.Identity.Client.Extensions.Msal.dll
                                     Private=false
                             C:\Users\USER\.nuget\packages\microsoft.identitymodel.abstractions\6.35.0\lib\net6.0\Microsoft.IdentityModel.Abstractions.dll
                                     ExternallyResolved=true
                                     HintPath=C:\Users\USER\.nuget\packages\microsoft.identitymodel.abstractions\6.35.0\lib\net6.0\Microsoft.IdentityModel.Abstractions.dll
                                     NuGetPackageId=Microsoft.IdentityModel.Abstractions
                                     NuGetPackageVersion=6.35.0
                                     NuGetSourceType=Package
                                     PathInPackage=lib/net6.0/Microsoft.IdentityModel.Abstractions.dll
                                     Private=false
                             C:\Users\USER\.nuget\packages\microsoft.identitymodel.jsonwebtokens\6.35.0\lib\net6.0\Microsoft.IdentityModel.JsonWebTokens.dll
                                     ExternallyResolved=true
                                     HintPath=C:\Users\USER\.nuget\packages\microsoft.identitymodel.jsonwebtokens\6.35.0\lib\net6.0\Microsoft.IdentityModel.JsonWebTokens.dll
                                     NuGetPackageId=Microsoft.IdentityModel.JsonWebTokens
                                     NuGetPackageVersion=6.35.0
                                     NuGetSourceType=Package
                                     PathInPackage=lib/net6.0/Microsoft.IdentityModel.JsonWebTokens.dll
                                     Private=false
                             C:\Users\USER\.nuget\packages\microsoft.identitymodel.logging\6.35.0\lib\net6.0\Microsoft.IdentityModel.Logging.dll
                                     ExternallyResolved=true
                                     HintPath=C:\Users\USER\.nuget\packages\microsoft.identitymodel.logging\6.35.0\lib\net6.0\Microsoft.IdentityModel.Logging.dll
                                     NuGetPackageId=Microsoft.IdentityModel.Logging
                                     NuGetPackageVersion=6.35.0
                                     NuGetSourceType=Package
                                     PathInPackage=lib/net6.0/Microsoft.IdentityModel.Logging.dll
                                     Private=false
                             C:\Users\USER\.nuget\packages\microsoft.identitymodel.protocols\6.35.0\lib\net6.0\Microsoft.IdentityModel.Protocols.dll
                                     ExternallyResolved=true
                                     HintPath=C:\Users\USER\.nuget\packages\microsoft.identitymodel.protocols\6.35.0\lib\net6.0\Microsoft.IdentityModel.Protocols.dll
                                     NuGetPackageId=Microsoft.IdentityModel.Protocols
                                     NuGetPackageVersion=6.35.0
                                     NuGetSourceType=Package
                                     PathInPackage=lib/net6.0/Microsoft.IdentityModel.Protocols.dll
                                     Private=false
                             C:\Users\USER\.nuget\packages\microsoft.identitymodel.protocols.openidconnect\6.35.0\lib\net6.0\Microsoft.IdentityModel.Protocols.OpenIdConnect.dll
                                     ExternallyResolved=true
                                     HintPath=C:\Users\USER\.nuget\packages\microsoft.identitymodel.protocols.openidconnect\6.35.0\lib\net6.0\Microsoft.IdentityModel.Protocols.OpenIdConnect.dll
                                     NuGetPackageId=Microsoft.IdentityModel.Protocols.OpenIdConnect
                                     NuGetPackageVersion=6.35.0
                                     NuGetSourceType=Package
                                     PathInPackage=lib/net6.0/Microsoft.IdentityModel.Protocols.OpenIdConnect.dll
                                     Private=false
                             C:\Users\USER\.nuget\packages\microsoft.identitymodel.tokens\6.35.0\lib\net6.0\Microsoft.IdentityModel.Tokens.dll
                                     ExternallyResolved=true
                                     HintPath=C:\Users\USER\.nuget\packages\microsoft.identitymodel.tokens\6.35.0\lib\net6.0\Microsoft.IdentityModel.Tokens.dll
                                     NuGetPackageId=Microsoft.IdentityModel.Tokens
                                     NuGetPackageVersion=6.35.0
                                     NuGetSourceType=Package
                                     PathInPackage=lib/net6.0/Microsoft.IdentityModel.Tokens.dll
                                     Private=false
                             C:\Users\USER\.nuget\packages\microsoft.sqlserver.server\1.0.0\lib\netstandard2.0\Microsoft.SqlServer.Server.dll
                                     ExternallyResolved=true
                                     HintPath=C:\Users\USER\.nuget\packages\microsoft.sqlserver.server\1.0.0\lib\netstandard2.0\Microsoft.SqlServer.Server.dll
                                     NuGetPackageId=Microsoft.SqlServer.Server
                                     NuGetPackageVersion=1.0.0
                                     NuGetSourceType=Package
                                     PathInPackage=lib/netstandard2.0/Microsoft.SqlServer.Server.dll
                                     Private=false
                             C:\Users\USER\.nuget\packages\system.diagnostics.diagnosticsource\6.0.1\lib\net6.0\System.Diagnostics.DiagnosticSource.dll
                                     ExternallyResolved=true
                                     HintPath=C:\Users\USER\.nuget\packages\system.diagnostics.diagnosticsource\6.0.1\lib\net6.0\System.Diagnostics.DiagnosticSource.dll
                                     NuGetPackageId=System.Diagnostics.DiagnosticSource
                                     NuGetPackageVersion=6.0.1
                                     NuGetSourceType=Package
                                     PathInPackage=lib/net6.0/System.Diagnostics.DiagnosticSource.dll
                                     Private=false
                             C:\Users\USER\.nuget\packages\system.identitymodel.tokens.jwt\6.35.0\lib\net6.0\System.IdentityModel.Tokens.Jwt.dll
                                     ExternallyResolved=true
                                     HintPath=C:\Users\USER\.nuget\packages\system.identitymodel.tokens.jwt\6.35.0\lib\net6.0\System.IdentityModel.Tokens.Jwt.dll
                                     NuGetPackageId=System.IdentityModel.Tokens.Jwt
                                     NuGetPackageVersion=6.35.0
                                     NuGetSourceType=Package
                                     PathInPackage=lib/net6.0/System.IdentityModel.Tokens.Jwt.dll
                                     Private=false
                             C:\Users\USER\.nuget\packages\system.io.filesystem.accesscontrol\5.0.0\ref\netstandard2.0\System.IO.FileSystem.AccessControl.dll
                                     ExternallyResolved=true
                                     HintPath=C:\Users\USER\.nuget\packages\system.io.filesystem.accesscontrol\5.0.0\ref\netstandard2.0\System.IO.FileSystem.AccessControl.dll
                                     NuGetPackageId=System.IO.FileSystem.AccessControl
                                     NuGetPackageVersion=5.0.0
                                     NuGetSourceType=Package
                                     PathInPackage=ref/netstandard2.0/System.IO.FileSystem.AccessControl.dll
                                     Private=false
                             C:\Users\USER\.nuget\packages\system.memory.data\1.0.2\lib\netstandard2.0\System.Memory.Data.dll
                                     ExternallyResolved=true
                                     HintPath=C:\Users\USER\.nuget\packages\system.memory.data\1.0.2\lib\netstandard2.0\System.Memory.Data.dll
                                     NuGetPackageId=System.Memory.Data
                                     NuGetPackageVersion=1.0.2
                                     NuGetSourceType=Package
                                     PathInPackage=lib/netstandard2.0/System.Memory.Data.dll
                                     Private=false
                             C:\Users\USER\.nuget\packages\system.runtime\4.3.0\ref\netstandard1.5\System.Runtime.dll
                                     ExternallyResolved=true
                                     HintPath=C:\Users\USER\.nuget\packages\system.runtime\4.3.0\ref\netstandard1.5\System.Runtime.dll
                                     NuGetPackageId=System.Runtime
                                     NuGetPackageVersion=4.3.0
                                     NuGetSourceType=Package
                                     PathInPackage=ref/netstandard1.5/System.Runtime.dll
                                     Private=false
                             C:\Users\USER\.nuget\packages\system.runtime.compilerservices.unsafe\6.0.0\lib\net6.0\System.Runtime.CompilerServices.Unsafe.dll
                                     ExternallyResolved=true
                                     HintPath=C:\Users\USER\.nuget\packages\system.runtime.compilerservices.unsafe\6.0.0\lib\net6.0\System.Runtime.CompilerServices.Unsafe.dll
                                     NuGetPackageId=System.Runtime.CompilerServices.Unsafe
                                     NuGetPackageVersion=6.0.0
                                     NuGetSourceType=Package
                                     PathInPackage=lib/net6.0/System.Runtime.CompilerServices.Unsafe.dll
                                     Private=false
                             C:\Users\USER\.nuget\packages\system.security.accesscontrol\6.0.0\lib\net6.0\System.Security.AccessControl.dll
                                     ExternallyResolved=true
                                     HintPath=C:\Users\USER\.nuget\packages\system.security.accesscontrol\6.0.0\lib\net6.0\System.Security.AccessControl.dll
                                     NuGetPackageId=System.Security.AccessControl
                                     NuGetPackageVersion=6.0.0
                                     NuGetSourceType=Package
                                     PathInPackage=lib/net6.0/System.Security.AccessControl.dll
                                     Private=false
                             C:\Users\USER\.nuget\packages\system.security.cryptography.cng\5.0.0\ref\netcoreapp3.0\System.Security.Cryptography.Cng.dll
                                     ExternallyResolved=true
                                     HintPath=C:\Users\USER\.nuget\packages\system.security.cryptography.cng\5.0.0\ref\netcoreapp3.0\System.Security.Cryptography.Cng.dll
                                     NuGetPackageId=System.Security.Cryptography.Cng
                                     NuGetPackageVersion=5.0.0
                                     NuGetSourceType=Package
                                     PathInPackage=ref/netcoreapp3.0/System.Security.Cryptography.Cng.dll
                                     Private=false
                             C:\Users\USER\.nuget\packages\system.security.cryptography.protecteddata\6.0.0\lib\net6.0\System.Security.Cryptography.ProtectedData.dll
                                     ExternallyResolved=true
                                     HintPath=C:\Users\USER\.nuget\packages\system.security.cryptography.protecteddata\6.0.0\lib\net6.0\System.Security.Cryptography.ProtectedData.dll
                                     NuGetPackageId=System.Security.Cryptography.ProtectedData
                                     NuGetPackageVersion=6.0.0
                                     NuGetSourceType=Package
                                     PathInPackage=lib/net6.0/System.Security.Cryptography.ProtectedData.dll
                                     Private=false
                             C:\Users\USER\.nuget\packages\system.security.principal.windows\5.0.0\ref\netcoreapp3.0\System.Security.Principal.Windows.dll
                                     ExternallyResolved=true
                                     HintPath=C:\Users\USER\.nuget\packages\system.security.principal.windows\5.0.0\ref\netcoreapp3.0\System.Security.Principal.Windows.dll
                                     NuGetPackageId=System.Security.Principal.Windows
                                     NuGetPackageVersion=5.0.0
                                     NuGetSourceType=Package
                                     PathInPackage=ref/netcoreapp3.0/System.Security.Principal.Windows.dll
                                     Private=false
                             C:\Users\USER\.nuget\packages\system.text.encoding\4.3.0\ref\netstandard1.3\System.Text.Encoding.dll
                                     ExternallyResolved=true
                                     HintPath=C:\Users\USER\.nuget\packages\system.text.encoding\4.3.0\ref\netstandard1.3\System.Text.Encoding.dll
                                     NuGetPackageId=System.Text.Encoding
                                     NuGetPackageVersion=4.3.0
                                     NuGetSourceType=Package
                                     PathInPackage=ref/netstandard1.3/System.Text.Encoding.dll
                                     Private=false
                             C:\Users\USER\.nuget\packages\system.text.encodings.web\6.0.0\lib\net6.0\System.Text.Encodings.Web.dll
                                     ExternallyResolved=true
                                     HintPath=C:\Users\USER\.nuget\packages\system.text.encodings.web\6.0.0\lib\net6.0\System.Text.Encodings.Web.dll
                                     NuGetPackageId=System.Text.Encodings.Web
                                     NuGetPackageVersion=6.0.0
                                     NuGetSourceType=Package
                                     PathInPackage=lib/net6.0/System.Text.Encodings.Web.dll
                                     Private=false
                             C:\Users\USER\.nuget\packages\system.text.json\4.7.2\lib\netcoreapp3.0\System.Text.Json.dll
                                     ExternallyResolved=true
                                     HintPath=C:\Users\USER\.nuget\packages\system.text.json\4.7.2\lib\netcoreapp3.0\System.Text.Json.dll
                                     NuGetPackageId=System.Text.Json
                                     NuGetPackageVersion=4.7.2
                                     NuGetSourceType=Package
                                     PathInPackage=lib/netcoreapp3.0/System.Text.Json.dll
                                     Private=false (TaskId:22)
                   Done executing task "JoinItems". (TaskId:22)
                   Added Item(s): 
                       ResolvedCompileFileDefinitionsToAdd=
                           C:\Users\USER\.nuget\packages\azure.core\1.35.0\lib\net6.0\Azure.Core.dll
                                   ExternallyResolved=true
                                   HintPath=C:\Users\USER\.nuget\packages\azure.core\1.35.0\lib\net6.0\Azure.Core.dll
                                   NuGetPackageId=Azure.Core
                                   NuGetPackageVersion=1.35.0
                                   NuGetSourceType=Package
                                   PathInPackage=lib/net6.0/Azure.Core.dll
                                   Private=false
                           C:\Users\USER\.nuget\packages\azure.identity\1.10.3\lib\netstandard2.0\Azure.Identity.dll
                                   ExternallyResolved=true
                                   HintPath=C:\Users\USER\.nuget\packages\azure.identity\1.10.3\lib\netstandard2.0\Azure.Identity.dll
                                   NuGetPackageId=Azure.Identity
                                   NuGetPackageVersion=1.10.3
                                   NuGetSourceType=Package
                                   PathInPackage=lib/netstandard2.0/Azure.Identity.dll
                                   Private=false
                           C:\Users\USER\.nuget\packages\microsoft.bcl.asyncinterfaces\1.1.1\ref\netstandard2.1\Microsoft.Bcl.AsyncInterfaces.dll
                                   ExternallyResolved=true
                                   HintPath=C:\Users\USER\.nuget\packages\microsoft.bcl.asyncinterfaces\1.1.1\ref\netstandard2.1\Microsoft.Bcl.AsyncInterfaces.dll
                                   NuGetPackageId=Microsoft.Bcl.AsyncInterfaces
                                   NuGetPackageVersion=1.1.1
                                   NuGetSourceType=Package
                                   PathInPackage=ref/netstandard2.1/Microsoft.Bcl.AsyncInterfaces.dll
                                   Private=false
                           C:\Users\USER\.nuget\packages\microsoft.data.sqlclient\5.1.5\ref\net6.0\Microsoft.Data.SqlClient.dll
                                   ExternallyResolved=true
                                   HintPath=C:\Users\USER\.nuget\packages\microsoft.data.sqlclient\5.1.5\ref\net6.0\Microsoft.Data.SqlClient.dll
                                   NuGetPackageId=Microsoft.Data.SqlClient
                                   NuGetPackageVersion=5.1.5
                                   NuGetSourceType=Package
                                   PathInPackage=ref/net6.0/Microsoft.Data.SqlClient.dll
                                   Private=false
                           C:\Users\USER\.nuget\packages\microsoft.entityframeworkcore\8.0.17\lib\net8.0\Microsoft.EntityFrameworkCore.dll
                                   ExternallyResolved=true
                                   HintPath=C:\Users\USER\.nuget\packages\microsoft.entityframeworkcore\8.0.17\lib\net8.0\Microsoft.EntityFrameworkCore.dll
                                   NuGetPackageId=Microsoft.EntityFrameworkCore
                                   NuGetPackageVersion=8.0.17
                                   NuGetSourceType=Package
                                   PathInPackage=lib/net8.0/Microsoft.EntityFrameworkCore.dll
                                   Private=false
                           C:\Users\USER\.nuget\packages\microsoft.entityframeworkcore.abstractions\8.0.17\lib\net8.0\Microsoft.EntityFrameworkCore.Abstractions.dll
                                   ExternallyResolved=true
                                   HintPath=C:\Users\USER\.nuget\packages\microsoft.entityframeworkcore.abstractions\8.0.17\lib\net8.0\Microsoft.EntityFrameworkCore.Abstractions.dll
                                   NuGetPackageId=Microsoft.EntityFrameworkCore.Abstractions
                                   NuGetPackageVersion=8.0.17
                                   NuGetSourceType=Package
                                   PathInPackage=lib/net8.0/Microsoft.EntityFrameworkCore.Abstractions.dll
                                   Private=false
                           C:\Users\USER\.nuget\packages\microsoft.entityframeworkcore.relational\8.0.10\lib\net8.0\Microsoft.EntityFrameworkCore.Relational.dll
                                   ExternallyResolved=true
                                   HintPath=C:\Users\USER\.nuget\packages\microsoft.entityframeworkcore.relational\8.0.10\lib\net8.0\Microsoft.EntityFrameworkCore.Relational.dll
                                   NuGetPackageId=Microsoft.EntityFrameworkCore.Relational
                                   NuGetPackageVersion=8.0.10
                                   NuGetSourceType=Package
                                   PathInPackage=lib/net8.0/Microsoft.EntityFrameworkCore.Relational.dll
                                   Private=false
                           C:\Users\USER\.nuget\packages\microsoft.entityframeworkcore.sqlserver\8.0.10\lib\net8.0\Microsoft.EntityFrameworkCore.SqlServer.dll
                                   ExternallyResolved=true
                                   HintPath=C:\Users\USER\.nuget\packages\microsoft.entityframeworkcore.sqlserver\8.0.10\lib\net8.0\Microsoft.EntityFrameworkCore.SqlServer.dll
                                   NuGetPackageId=Microsoft.EntityFrameworkCore.SqlServer
                                   NuGetPackageVersion=8.0.10
                                   NuGetSourceType=Package
                                   PathInPackage=lib/net8.0/Microsoft.EntityFrameworkCore.SqlServer.dll
                                   Private=false
                           C:\Users\USER\.nuget\packages\microsoft.extensions.caching.abstractions\8.0.0\lib\net8.0\Microsoft.Extensions.Caching.Abstractions.dll
                                   ExternallyResolved=true
                                   HintPath=C:\Users\USER\.nuget\packages\microsoft.extensions.caching.abstractions\8.0.0\lib\net8.0\Microsoft.Extensions.Caching.Abstractions.dll
                                   NuGetPackageId=Microsoft.Extensions.Caching.Abstractions
                                   NuGetPackageVersion=8.0.0
                                   NuGetSourceType=Package
                                   PathInPackage=lib/net8.0/Microsoft.Extensions.Caching.Abstractions.dll
                                   Private=false
                           C:\Users\USER\.nuget\packages\microsoft.extensions.caching.memory\8.0.1\lib\net8.0\Microsoft.Extensions.Caching.Memory.dll
                                   ExternallyResolved=true
                                   HintPath=C:\Users\USER\.nuget\packages\microsoft.extensions.caching.memory\8.0.1\lib\net8.0\Microsoft.Extensions.Caching.Memory.dll
                                   NuGetPackageId=Microsoft.Extensions.Caching.Memory
                                   NuGetPackageVersion=8.0.1
                                   NuGetSourceType=Package
                                   PathInPackage=lib/net8.0/Microsoft.Extensions.Caching.Memory.dll
                                   Private=false
                           C:\Users\USER\.nuget\packages\microsoft.extensions.configuration.abstractions\8.0.0\lib\net8.0\Microsoft.Extensions.Configuration.Abstractions.dll
                                   ExternallyResolved=true
                                   HintPath=C:\Users\USER\.nuget\packages\microsoft.extensions.configuration.abstractions\8.0.0\lib\net8.0\Microsoft.Extensions.Configuration.Abstractions.dll
                                   NuGetPackageId=Microsoft.Extensions.Configuration.Abstractions
                                   NuGetPackageVersion=8.0.0
                                   NuGetSourceType=Package
                                   PathInPackage=lib/net8.0/Microsoft.Extensions.Configuration.Abstractions.dll
                                   Private=false
                           C:\Users\USER\.nuget\packages\microsoft.extensions.dependencyinjection\8.0.1\lib\net8.0\Microsoft.Extensions.DependencyInjection.dll
                                   ExternallyResolved=true
                                   HintPath=C:\Users\USER\.nuget\packages\microsoft.extensions.dependencyinjection\8.0.1\lib\net8.0\Microsoft.Extensions.DependencyInjection.dll
                                   NuGetPackageId=Microsoft.Extensions.DependencyInjection
                                   NuGetPackageVersion=8.0.1
                                   NuGetSourceType=Package
                                   PathInPackage=lib/net8.0/Microsoft.Extensions.DependencyInjection.dll
                                   Private=false
                           C:\Users\USER\.nuget\packages\microsoft.extensions.dependencyinjection.abstractions\8.0.2\lib\net8.0\Microsoft.Extensions.DependencyInjection.Abstractions.dll
                                   ExternallyResolved=true
                                   HintPath=C:\Users\USER\.nuget\packages\microsoft.extensions.dependencyinjection.abstractions\8.0.2\lib\net8.0\Microsoft.Extensions.DependencyInjection.Abstractions.dll
                                   NuGetPackageId=Microsoft.Extensions.DependencyInjection.Abstractions
                                   NuGetPackageVersion=8.0.2
                                   NuGetSourceType=Package
                                   PathInPackage=lib/net8.0/Microsoft.Extensions.DependencyInjection.Abstractions.dll
                                   Private=false
                           C:\Users\USER\.nuget\packages\microsoft.extensions.logging\8.0.1\lib\net8.0\Microsoft.Extensions.Logging.dll
                                   ExternallyResolved=true
                                   HintPath=C:\Users\USER\.nuget\packages\microsoft.extensions.logging\8.0.1\lib\net8.0\Microsoft.Extensions.Logging.dll
                                   NuGetPackageId=Microsoft.Extensions.Logging
                                   NuGetPackageVersion=8.0.1
                                   NuGetSourceType=Package
                                   PathInPackage=lib/net8.0/Microsoft.Extensions.Logging.dll
                                   Private=false
                           C:\Users\USER\.nuget\packages\microsoft.extensions.logging.abstractions\8.0.2\lib\net8.0\Microsoft.Extensions.Logging.Abstractions.dll
                                   ExternallyResolved=true
                                   HintPath=C:\Users\USER\.nuget\packages\microsoft.extensions.logging.abstractions\8.0.2\lib\net8.0\Microsoft.Extensions.Logging.Abstractions.dll
                                   NuGetPackageId=Microsoft.Extensions.Logging.Abstractions
                                   NuGetPackageVersion=8.0.2
                                   NuGetSourceType=Package
                                   PathInPackage=lib/net8.0/Microsoft.Extensions.Logging.Abstractions.dll
                                   Private=false
                           C:\Users\USER\.nuget\packages\microsoft.extensions.options\8.0.2\lib\net8.0\Microsoft.Extensions.Options.dll
                                   ExternallyResolved=true
                                   HintPath=C:\Users\USER\.nuget\packages\microsoft.extensions.options\8.0.2\lib\net8.0\Microsoft.Extensions.Options.dll
                                   NuGetPackageId=Microsoft.Extensions.Options
                                   NuGetPackageVersion=8.0.2
                                   NuGetSourceType=Package
                                   PathInPackage=lib/net8.0/Microsoft.Extensions.Options.dll
                                   Private=false
                           C:\Users\USER\.nuget\packages\microsoft.extensions.primitives\8.0.0\lib\net8.0\Microsoft.Extensions.Primitives.dll
                                   ExternallyResolved=true
                                   HintPath=C:\Users\USER\.nuget\packages\microsoft.extensions.primitives\8.0.0\lib\net8.0\Microsoft.Extensions.Primitives.dll
                                   NuGetPackageId=Microsoft.Extensions.Primitives
                                   NuGetPackageVersion=8.0.0
                                   NuGetSourceType=Package
                                   PathInPackage=lib/net8.0/Microsoft.Extensions.Primitives.dll
                                   Private=false
                           C:\Users\USER\.nuget\packages\microsoft.identity.client\4.56.0\lib\net6.0\Microsoft.Identity.Client.dll
                                   ExternallyResolved=true
                                   HintPath=C:\Users\USER\.nuget\packages\microsoft.identity.client\4.56.0\lib\net6.0\Microsoft.Identity.Client.dll
                                   NuGetPackageId=Microsoft.Identity.Client
                                   NuGetPackageVersion=4.56.0
                                   NuGetSourceType=Package
                                   PathInPackage=lib/net6.0/Microsoft.Identity.Client.dll
                                   Private=false
                           C:\Users\USER\.nuget\packages\microsoft.identity.client.extensions.msal\4.56.0\lib\netstandard2.0\Microsoft.Identity.Client.Extensions.Msal.dll
                                   ExternallyResolved=true
                                   HintPath=C:\Users\USER\.nuget\packages\microsoft.identity.client.extensions.msal\4.56.0\lib\netstandard2.0\Microsoft.Identity.Client.Extensions.Msal.dll
                                   NuGetPackageId=Microsoft.Identity.Client.Extensions.Msal
                                   NuGetPackageVersion=4.56.0
                                   NuGetSourceType=Package
                                   PathInPackage=lib/netstandard2.0/Microsoft.Identity.Client.Extensions.Msal.dll
                                   Private=false
                           C:\Users\USER\.nuget\packages\microsoft.identitymodel.abstractions\6.35.0\lib\net6.0\Microsoft.IdentityModel.Abstractions.dll
                                   ExternallyResolved=true
                                   HintPath=C:\Users\USER\.nuget\packages\microsoft.identitymodel.abstractions\6.35.0\lib\net6.0\Microsoft.IdentityModel.Abstractions.dll
                                   NuGetPackageId=Microsoft.IdentityModel.Abstractions
                                   NuGetPackageVersion=6.35.0
                                   NuGetSourceType=Package
                                   PathInPackage=lib/net6.0/Microsoft.IdentityModel.Abstractions.dll
                                   Private=false
                           C:\Users\USER\.nuget\packages\microsoft.identitymodel.jsonwebtokens\6.35.0\lib\net6.0\Microsoft.IdentityModel.JsonWebTokens.dll
                                   ExternallyResolved=true
                                   HintPath=C:\Users\USER\.nuget\packages\microsoft.identitymodel.jsonwebtokens\6.35.0\lib\net6.0\Microsoft.IdentityModel.JsonWebTokens.dll
                                   NuGetPackageId=Microsoft.IdentityModel.JsonWebTokens
                                   NuGetPackageVersion=6.35.0
                                   NuGetSourceType=Package
                                   PathInPackage=lib/net6.0/Microsoft.IdentityModel.JsonWebTokens.dll
                                   Private=false
                           C:\Users\USER\.nuget\packages\microsoft.identitymodel.logging\6.35.0\lib\net6.0\Microsoft.IdentityModel.Logging.dll
                                   ExternallyResolved=true
                                   HintPath=C:\Users\USER\.nuget\packages\microsoft.identitymodel.logging\6.35.0\lib\net6.0\Microsoft.IdentityModel.Logging.dll
                                   NuGetPackageId=Microsoft.IdentityModel.Logging
                                   NuGetPackageVersion=6.35.0
                                   NuGetSourceType=Package
                                   PathInPackage=lib/net6.0/Microsoft.IdentityModel.Logging.dll
                                   Private=false
                           C:\Users\USER\.nuget\packages\microsoft.identitymodel.protocols\6.35.0\lib\net6.0\Microsoft.IdentityModel.Protocols.dll
                                   ExternallyResolved=true
                                   HintPath=C:\Users\USER\.nuget\packages\microsoft.identitymodel.protocols\6.35.0\lib\net6.0\Microsoft.IdentityModel.Protocols.dll
                                   NuGetPackageId=Microsoft.IdentityModel.Protocols
                                   NuGetPackageVersion=6.35.0
                                   NuGetSourceType=Package
                                   PathInPackage=lib/net6.0/Microsoft.IdentityModel.Protocols.dll
                                   Private=false
                           C:\Users\USER\.nuget\packages\microsoft.identitymodel.protocols.openidconnect\6.35.0\lib\net6.0\Microsoft.IdentityModel.Protocols.OpenIdConnect.dll
                                   ExternallyResolved=true
                                   HintPath=C:\Users\USER\.nuget\packages\microsoft.identitymodel.protocols.openidconnect\6.35.0\lib\net6.0\Microsoft.IdentityModel.Protocols.OpenIdConnect.dll
                                   NuGetPackageId=Microsoft.IdentityModel.Protocols.OpenIdConnect
                                   NuGetPackageVersion=6.35.0
                                   NuGetSourceType=Package
                                   PathInPackage=lib/net6.0/Microsoft.IdentityModel.Protocols.OpenIdConnect.dll
                                   Private=false
                           C:\Users\USER\.nuget\packages\microsoft.identitymodel.tokens\6.35.0\lib\net6.0\Microsoft.IdentityModel.Tokens.dll
                                   ExternallyResolved=true
                                   HintPath=C:\Users\USER\.nuget\packages\microsoft.identitymodel.tokens\6.35.0\lib\net6.0\Microsoft.IdentityModel.Tokens.dll
                                   NuGetPackageId=Microsoft.IdentityModel.Tokens
                                   NuGetPackageVersion=6.35.0
                                   NuGetSourceType=Package
                                   PathInPackage=lib/net6.0/Microsoft.IdentityModel.Tokens.dll
                                   Private=false
                           C:\Users\USER\.nuget\packages\microsoft.sqlserver.server\1.0.0\lib\netstandard2.0\Microsoft.SqlServer.Server.dll
                                   ExternallyResolved=true
                                   HintPath=C:\Users\USER\.nuget\packages\microsoft.sqlserver.server\1.0.0\lib\netstandard2.0\Microsoft.SqlServer.Server.dll
                                   NuGetPackageId=Microsoft.SqlServer.Server
                                   NuGetPackageVersion=1.0.0
                                   NuGetSourceType=Package
                                   PathInPackage=lib/netstandard2.0/Microsoft.SqlServer.Server.dll
                                   Private=false
                           C:\Users\USER\.nuget\packages\system.diagnostics.diagnosticsource\6.0.1\lib\net6.0\System.Diagnostics.DiagnosticSource.dll
                                   ExternallyResolved=true
                                   HintPath=C:\Users\USER\.nuget\packages\system.diagnostics.diagnosticsource\6.0.1\lib\net6.0\System.Diagnostics.DiagnosticSource.dll
                                   NuGetPackageId=System.Diagnostics.DiagnosticSource
                                   NuGetPackageVersion=6.0.1
                                   NuGetSourceType=Package
                                   PathInPackage=lib/net6.0/System.Diagnostics.DiagnosticSource.dll
                                   Private=false
                           C:\Users\USER\.nuget\packages\system.identitymodel.tokens.jwt\6.35.0\lib\net6.0\System.IdentityModel.Tokens.Jwt.dll
                                   ExternallyResolved=true
                                   HintPath=C:\Users\USER\.nuget\packages\system.identitymodel.tokens.jwt\6.35.0\lib\net6.0\System.IdentityModel.Tokens.Jwt.dll
                                   NuGetPackageId=System.IdentityModel.Tokens.Jwt
                                   NuGetPackageVersion=6.35.0
                                   NuGetSourceType=Package
                                   PathInPackage=lib/net6.0/System.IdentityModel.Tokens.Jwt.dll
                                   Private=false
                           C:\Users\USER\.nuget\packages\system.io.filesystem.accesscontrol\5.0.0\ref\netstandard2.0\System.IO.FileSystem.AccessControl.dll
                                   ExternallyResolved=true
                                   HintPath=C:\Users\USER\.nuget\packages\system.io.filesystem.accesscontrol\5.0.0\ref\netstandard2.0\System.IO.FileSystem.AccessControl.dll
                                   NuGetPackageId=System.IO.FileSystem.AccessControl
                                   NuGetPackageVersion=5.0.0
                                   NuGetSourceType=Package
                                   PathInPackage=ref/netstandard2.0/System.IO.FileSystem.AccessControl.dll
                                   Private=false
                           C:\Users\USER\.nuget\packages\system.memory.data\1.0.2\lib\netstandard2.0\System.Memory.Data.dll
                                   ExternallyResolved=true
                                   HintPath=C:\Users\USER\.nuget\packages\system.memory.data\1.0.2\lib\netstandard2.0\System.Memory.Data.dll
                                   NuGetPackageId=System.Memory.Data
                                   NuGetPackageVersion=1.0.2
                                   NuGetSourceType=Package
                                   PathInPackage=lib/netstandard2.0/System.Memory.Data.dll
                                   Private=false
                           C:\Users\USER\.nuget\packages\system.runtime\4.3.0\ref\netstandard1.5\System.Runtime.dll
                                   ExternallyResolved=true
                                   HintPath=C:\Users\USER\.nuget\packages\system.runtime\4.3.0\ref\netstandard1.5\System.Runtime.dll
                                   NuGetPackageId=System.Runtime
                                   NuGetPackageVersion=4.3.0
                                   NuGetSourceType=Package
                                   PathInPackage=ref/netstandard1.5/System.Runtime.dll
                                   Private=false
                           C:\Users\USER\.nuget\packages\system.runtime.compilerservices.unsafe\6.0.0\lib\net6.0\System.Runtime.CompilerServices.Unsafe.dll
                                   ExternallyResolved=true
                                   HintPath=C:\Users\USER\.nuget\packages\system.runtime.compilerservices.unsafe\6.0.0\lib\net6.0\System.Runtime.CompilerServices.Unsafe.dll
                                   NuGetPackageId=System.Runtime.CompilerServices.Unsafe
                                   NuGetPackageVersion=6.0.0
                                   NuGetSourceType=Package
                                   PathInPackage=lib/net6.0/System.Runtime.CompilerServices.Unsafe.dll
                                   Private=false
                           C:\Users\USER\.nuget\packages\system.security.accesscontrol\6.0.0\lib\net6.0\System.Security.AccessControl.dll
                                   ExternallyResolved=true
                                   HintPath=C:\Users\USER\.nuget\packages\system.security.accesscontrol\6.0.0\lib\net6.0\System.Security.AccessControl.dll
                                   NuGetPackageId=System.Security.AccessControl
                                   NuGetPackageVersion=6.0.0
                                   NuGetSourceType=Package
                                   PathInPackage=lib/net6.0/System.Security.AccessControl.dll
                                   Private=false
                           C:\Users\USER\.nuget\packages\system.security.cryptography.cng\5.0.0\ref\netcoreapp3.0\System.Security.Cryptography.Cng.dll
                                   ExternallyResolved=true
                                   HintPath=C:\Users\USER\.nuget\packages\system.security.cryptography.cng\5.0.0\ref\netcoreapp3.0\System.Security.Cryptography.Cng.dll
                                   NuGetPackageId=System.Security.Cryptography.Cng
                                   NuGetPackageVersion=5.0.0
                                   NuGetSourceType=Package
                                   PathInPackage=ref/netcoreapp3.0/System.Security.Cryptography.Cng.dll
                                   Private=false
                           C:\Users\USER\.nuget\packages\system.security.cryptography.protecteddata\6.0.0\lib\net6.0\System.Security.Cryptography.ProtectedData.dll
                                   ExternallyResolved=true
                                   HintPath=C:\Users\USER\.nuget\packages\system.security.cryptography.protecteddata\6.0.0\lib\net6.0\System.Security.Cryptography.ProtectedData.dll
                                   NuGetPackageId=System.Security.Cryptography.ProtectedData
                                   NuGetPackageVersion=6.0.0
                                   NuGetSourceType=Package
                                   PathInPackage=lib/net6.0/System.Security.Cryptography.ProtectedData.dll
                                   Private=false
                           C:\Users\USER\.nuget\packages\system.security.principal.windows\5.0.0\ref\netcoreapp3.0\System.Security.Principal.Windows.dll
                                   ExternallyResolved=true
                                   HintPath=C:\Users\USER\.nuget\packages\system.security.principal.windows\5.0.0\ref\netcoreapp3.0\System.Security.Principal.Windows.dll
                                   NuGetPackageId=System.Security.Principal.Windows
                                   NuGetPackageVersion=5.0.0
                                   NuGetSourceType=Package
                                   PathInPackage=ref/netcoreapp3.0/System.Security.Principal.Windows.dll
                                   Private=false
                           C:\Users\USER\.nuget\packages\system.text.encoding\4.3.0\ref\netstandard1.3\System.Text.Encoding.dll
                                   ExternallyResolved=true
                                   HintPath=C:\Users\USER\.nuget\packages\system.text.encoding\4.3.0\ref\netstandard1.3\System.Text.Encoding.dll
                                   NuGetPackageId=System.Text.Encoding
                                   NuGetPackageVersion=4.3.0
                                   NuGetSourceType=Package
                                   PathInPackage=ref/netstandard1.3/System.Text.Encoding.dll
                                   Private=false
                           C:\Users\USER\.nuget\packages\system.text.encodings.web\6.0.0\lib\net6.0\System.Text.Encodings.Web.dll
                                   ExternallyResolved=true
                                   HintPath=C:\Users\USER\.nuget\packages\system.text.encodings.web\6.0.0\lib\net6.0\System.Text.Encodings.Web.dll
                                   NuGetPackageId=System.Text.Encodings.Web
                                   NuGetPackageVersion=6.0.0
                                   NuGetSourceType=Package
                                   PathInPackage=lib/net6.0/System.Text.Encodings.Web.dll
                                   Private=false
                           C:\Users\USER\.nuget\packages\system.text.json\4.7.2\lib\netcoreapp3.0\System.Text.Json.dll
                                   ExternallyResolved=true
                                   HintPath=C:\Users\USER\.nuget\packages\system.text.json\4.7.2\lib\netcoreapp3.0\System.Text.Json.dll
                                   NuGetPackageId=System.Text.Json
                                   NuGetPackageVersion=4.7.2
                                   NuGetSourceType=Package
                                   PathInPackage=lib/netcoreapp3.0/System.Text.Json.dll
                                   Private=false
                   Added Item(s): 
                       Reference=
                           C:\Users\USER\.nuget\packages\azure.core\1.35.0\lib\net6.0\Azure.Core.dll
                                   ExternallyResolved=true
                                   HintPath=C:\Users\USER\.nuget\packages\azure.core\1.35.0\lib\net6.0\Azure.Core.dll
                                   NuGetPackageId=Azure.Core
                                   NuGetPackageVersion=1.35.0
                                   NuGetSourceType=Package
                                   PathInPackage=lib/net6.0/Azure.Core.dll
                                   Private=false
                           C:\Users\USER\.nuget\packages\azure.identity\1.10.3\lib\netstandard2.0\Azure.Identity.dll
                                   ExternallyResolved=true
                                   HintPath=C:\Users\USER\.nuget\packages\azure.identity\1.10.3\lib\netstandard2.0\Azure.Identity.dll
                                   NuGetPackageId=Azure.Identity
                                   NuGetPackageVersion=1.10.3
                                   NuGetSourceType=Package
                                   PathInPackage=lib/netstandard2.0/Azure.Identity.dll
                                   Private=false
                           C:\Users\USER\.nuget\packages\microsoft.bcl.asyncinterfaces\1.1.1\ref\netstandard2.1\Microsoft.Bcl.AsyncInterfaces.dll
                                   ExternallyResolved=true
                                   HintPath=C:\Users\USER\.nuget\packages\microsoft.bcl.asyncinterfaces\1.1.1\ref\netstandard2.1\Microsoft.Bcl.AsyncInterfaces.dll
                                   NuGetPackageId=Microsoft.Bcl.AsyncInterfaces
                                   NuGetPackageVersion=1.1.1
                                   NuGetSourceType=Package
                                   PathInPackage=ref/netstandard2.1/Microsoft.Bcl.AsyncInterfaces.dll
                                   Private=false
                           C:\Users\USER\.nuget\packages\microsoft.data.sqlclient\5.1.5\ref\net6.0\Microsoft.Data.SqlClient.dll
                                   ExternallyResolved=true
                                   HintPath=C:\Users\USER\.nuget\packages\microsoft.data.sqlclient\5.1.5\ref\net6.0\Microsoft.Data.SqlClient.dll
                                   NuGetPackageId=Microsoft.Data.SqlClient
                                   NuGetPackageVersion=5.1.5
                                   NuGetSourceType=Package
                                   PathInPackage=ref/net6.0/Microsoft.Data.SqlClient.dll
                                   Private=false
                           C:\Users\USER\.nuget\packages\microsoft.entityframeworkcore\8.0.17\lib\net8.0\Microsoft.EntityFrameworkCore.dll
                                   ExternallyResolved=true
                                   HintPath=C:\Users\USER\.nuget\packages\microsoft.entityframeworkcore\8.0.17\lib\net8.0\Microsoft.EntityFrameworkCore.dll
                                   NuGetPackageId=Microsoft.EntityFrameworkCore
                                   NuGetPackageVersion=8.0.17
                                   NuGetSourceType=Package
                                   PathInPackage=lib/net8.0/Microsoft.EntityFrameworkCore.dll
                                   Private=false
                           C:\Users\USER\.nuget\packages\microsoft.entityframeworkcore.abstractions\8.0.17\lib\net8.0\Microsoft.EntityFrameworkCore.Abstractions.dll
                                   ExternallyResolved=true
                                   HintPath=C:\Users\USER\.nuget\packages\microsoft.entityframeworkcore.abstractions\8.0.17\lib\net8.0\Microsoft.EntityFrameworkCore.Abstractions.dll
                                   NuGetPackageId=Microsoft.EntityFrameworkCore.Abstractions
                                   NuGetPackageVersion=8.0.17
                                   NuGetSourceType=Package
                                   PathInPackage=lib/net8.0/Microsoft.EntityFrameworkCore.Abstractions.dll
                                   Private=false
                           C:\Users\USER\.nuget\packages\microsoft.entityframeworkcore.relational\8.0.10\lib\net8.0\Microsoft.EntityFrameworkCore.Relational.dll
                                   ExternallyResolved=true
                                   HintPath=C:\Users\USER\.nuget\packages\microsoft.entityframeworkcore.relational\8.0.10\lib\net8.0\Microsoft.EntityFrameworkCore.Relational.dll
                                   NuGetPackageId=Microsoft.EntityFrameworkCore.Relational
                                   NuGetPackageVersion=8.0.10
                                   NuGetSourceType=Package
                                   PathInPackage=lib/net8.0/Microsoft.EntityFrameworkCore.Relational.dll
                                   Private=false
                           C:\Users\USER\.nuget\packages\microsoft.entityframeworkcore.sqlserver\8.0.10\lib\net8.0\Microsoft.EntityFrameworkCore.SqlServer.dll
                                   ExternallyResolved=true
                                   HintPath=C:\Users\USER\.nuget\packages\microsoft.entityframeworkcore.sqlserver\8.0.10\lib\net8.0\Microsoft.EntityFrameworkCore.SqlServer.dll
                                   NuGetPackageId=Microsoft.EntityFrameworkCore.SqlServer
                                   NuGetPackageVersion=8.0.10
                                   NuGetSourceType=Package
                                   PathInPackage=lib/net8.0/Microsoft.EntityFrameworkCore.SqlServer.dll
                                   Private=false
                           C:\Users\USER\.nuget\packages\microsoft.extensions.caching.abstractions\8.0.0\lib\net8.0\Microsoft.Extensions.Caching.Abstractions.dll
                                   ExternallyResolved=true
                                   HintPath=C:\Users\USER\.nuget\packages\microsoft.extensions.caching.abstractions\8.0.0\lib\net8.0\Microsoft.Extensions.Caching.Abstractions.dll
                                   NuGetPackageId=Microsoft.Extensions.Caching.Abstractions
                                   NuGetPackageVersion=8.0.0
                                   NuGetSourceType=Package
                                   PathInPackage=lib/net8.0/Microsoft.Extensions.Caching.Abstractions.dll
                                   Private=false
                           C:\Users\USER\.nuget\packages\microsoft.extensions.caching.memory\8.0.1\lib\net8.0\Microsoft.Extensions.Caching.Memory.dll
                                   ExternallyResolved=true
                                   HintPath=C:\Users\USER\.nuget\packages\microsoft.extensions.caching.memory\8.0.1\lib\net8.0\Microsoft.Extensions.Caching.Memory.dll
                                   NuGetPackageId=Microsoft.Extensions.Caching.Memory
                                   NuGetPackageVersion=8.0.1
                                   NuGetSourceType=Package
                                   PathInPackage=lib/net8.0/Microsoft.Extensions.Caching.Memory.dll
                                   Private=false
                           C:\Users\USER\.nuget\packages\microsoft.extensions.configuration.abstractions\8.0.0\lib\net8.0\Microsoft.Extensions.Configuration.Abstractions.dll
                                   ExternallyResolved=true
                                   HintPath=C:\Users\USER\.nuget\packages\microsoft.extensions.configuration.abstractions\8.0.0\lib\net8.0\Microsoft.Extensions.Configuration.Abstractions.dll
                                   NuGetPackageId=Microsoft.Extensions.Configuration.Abstractions
                                   NuGetPackageVersion=8.0.0
                                   NuGetSourceType=Package
                                   PathInPackage=lib/net8.0/Microsoft.Extensions.Configuration.Abstractions.dll
                                   Private=false
                           C:\Users\USER\.nuget\packages\microsoft.extensions.dependencyinjection\8.0.1\lib\net8.0\Microsoft.Extensions.DependencyInjection.dll
                                   ExternallyResolved=true
                                   HintPath=C:\Users\USER\.nuget\packages\microsoft.extensions.dependencyinjection\8.0.1\lib\net8.0\Microsoft.Extensions.DependencyInjection.dll
                                   NuGetPackageId=Microsoft.Extensions.DependencyInjection
                                   NuGetPackageVersion=8.0.1
                                   NuGetSourceType=Package
                                   PathInPackage=lib/net8.0/Microsoft.Extensions.DependencyInjection.dll
                                   Private=false
                           C:\Users\USER\.nuget\packages\microsoft.extensions.dependencyinjection.abstractions\8.0.2\lib\net8.0\Microsoft.Extensions.DependencyInjection.Abstractions.dll
                                   ExternallyResolved=true
                                   HintPath=C:\Users\USER\.nuget\packages\microsoft.extensions.dependencyinjection.abstractions\8.0.2\lib\net8.0\Microsoft.Extensions.DependencyInjection.Abstractions.dll
                                   NuGetPackageId=Microsoft.Extensions.DependencyInjection.Abstractions
                                   NuGetPackageVersion=8.0.2
                                   NuGetSourceType=Package
                                   PathInPackage=lib/net8.0/Microsoft.Extensions.DependencyInjection.Abstractions.dll
                                   Private=false
                           C:\Users\USER\.nuget\packages\microsoft.extensions.logging\8.0.1\lib\net8.0\Microsoft.Extensions.Logging.dll
                                   ExternallyResolved=true
                                   HintPath=C:\Users\USER\.nuget\packages\microsoft.extensions.logging\8.0.1\lib\net8.0\Microsoft.Extensions.Logging.dll
                                   NuGetPackageId=Microsoft.Extensions.Logging
                                   NuGetPackageVersion=8.0.1
                                   NuGetSourceType=Package
                                   PathInPackage=lib/net8.0/Microsoft.Extensions.Logging.dll
                                   Private=false
                           C:\Users\USER\.nuget\packages\microsoft.extensions.logging.abstractions\8.0.2\lib\net8.0\Microsoft.Extensions.Logging.Abstractions.dll
                                   ExternallyResolved=true
                                   HintPath=C:\Users\USER\.nuget\packages\microsoft.extensions.logging.abstractions\8.0.2\lib\net8.0\Microsoft.Extensions.Logging.Abstractions.dll
                                   NuGetPackageId=Microsoft.Extensions.Logging.Abstractions
                                   NuGetPackageVersion=8.0.2
                                   NuGetSourceType=Package
                                   PathInPackage=lib/net8.0/Microsoft.Extensions.Logging.Abstractions.dll
                                   Private=false
                           C:\Users\USER\.nuget\packages\microsoft.extensions.options\8.0.2\lib\net8.0\Microsoft.Extensions.Options.dll
                                   ExternallyResolved=true
                                   HintPath=C:\Users\USER\.nuget\packages\microsoft.extensions.options\8.0.2\lib\net8.0\Microsoft.Extensions.Options.dll
                                   NuGetPackageId=Microsoft.Extensions.Options
                                   NuGetPackageVersion=8.0.2
                                   NuGetSourceType=Package
                                   PathInPackage=lib/net8.0/Microsoft.Extensions.Options.dll
                                   Private=false
                           C:\Users\USER\.nuget\packages\microsoft.extensions.primitives\8.0.0\lib\net8.0\Microsoft.Extensions.Primitives.dll
                                   ExternallyResolved=true
                                   HintPath=C:\Users\USER\.nuget\packages\microsoft.extensions.primitives\8.0.0\lib\net8.0\Microsoft.Extensions.Primitives.dll
                                   NuGetPackageId=Microsoft.Extensions.Primitives
                                   NuGetPackageVersion=8.0.0
                                   NuGetSourceType=Package
                                   PathInPackage=lib/net8.0/Microsoft.Extensions.Primitives.dll
                                   Private=false
                           C:\Users\USER\.nuget\packages\microsoft.identity.client\4.56.0\lib\net6.0\Microsoft.Identity.Client.dll
                                   ExternallyResolved=true
                                   HintPath=C:\Users\USER\.nuget\packages\microsoft.identity.client\4.56.0\lib\net6.0\Microsoft.Identity.Client.dll
                                   NuGetPackageId=Microsoft.Identity.Client
                                   NuGetPackageVersion=4.56.0
                                   NuGetSourceType=Package
                                   PathInPackage=lib/net6.0/Microsoft.Identity.Client.dll
                                   Private=false
                           C:\Users\USER\.nuget\packages\microsoft.identity.client.extensions.msal\4.56.0\lib\netstandard2.0\Microsoft.Identity.Client.Extensions.Msal.dll
                                   ExternallyResolved=true
                                   HintPath=C:\Users\USER\.nuget\packages\microsoft.identity.client.extensions.msal\4.56.0\lib\netstandard2.0\Microsoft.Identity.Client.Extensions.Msal.dll
                                   NuGetPackageId=Microsoft.Identity.Client.Extensions.Msal
                                   NuGetPackageVersion=4.56.0
                                   NuGetSourceType=Package
                                   PathInPackage=lib/netstandard2.0/Microsoft.Identity.Client.Extensions.Msal.dll
                                   Private=false
                           C:\Users\USER\.nuget\packages\microsoft.identitymodel.abstractions\6.35.0\lib\net6.0\Microsoft.IdentityModel.Abstractions.dll
                                   ExternallyResolved=true
                                   HintPath=C:\Users\USER\.nuget\packages\microsoft.identitymodel.abstractions\6.35.0\lib\net6.0\Microsoft.IdentityModel.Abstractions.dll
                                   NuGetPackageId=Microsoft.IdentityModel.Abstractions
                                   NuGetPackageVersion=6.35.0
                                   NuGetSourceType=Package
                                   PathInPackage=lib/net6.0/Microsoft.IdentityModel.Abstractions.dll
                                   Private=false
                           C:\Users\USER\.nuget\packages\microsoft.identitymodel.jsonwebtokens\6.35.0\lib\net6.0\Microsoft.IdentityModel.JsonWebTokens.dll
                                   ExternallyResolved=true
                                   HintPath=C:\Users\USER\.nuget\packages\microsoft.identitymodel.jsonwebtokens\6.35.0\lib\net6.0\Microsoft.IdentityModel.JsonWebTokens.dll
                                   NuGetPackageId=Microsoft.IdentityModel.JsonWebTokens
                                   NuGetPackageVersion=6.35.0
                                   NuGetSourceType=Package
                                   PathInPackage=lib/net6.0/Microsoft.IdentityModel.JsonWebTokens.dll
                                   Private=false
                           C:\Users\USER\.nuget\packages\microsoft.identitymodel.logging\6.35.0\lib\net6.0\Microsoft.IdentityModel.Logging.dll
                                   ExternallyResolved=true
                                   HintPath=C:\Users\USER\.nuget\packages\microsoft.identitymodel.logging\6.35.0\lib\net6.0\Microsoft.IdentityModel.Logging.dll
                                   NuGetPackageId=Microsoft.IdentityModel.Logging
                                   NuGetPackageVersion=6.35.0
                                   NuGetSourceType=Package
                                   PathInPackage=lib/net6.0/Microsoft.IdentityModel.Logging.dll
                                   Private=false
                           C:\Users\USER\.nuget\packages\microsoft.identitymodel.protocols\6.35.0\lib\net6.0\Microsoft.IdentityModel.Protocols.dll
                                   ExternallyResolved=true
                                   HintPath=C:\Users\USER\.nuget\packages\microsoft.identitymodel.protocols\6.35.0\lib\net6.0\Microsoft.IdentityModel.Protocols.dll
                                   NuGetPackageId=Microsoft.IdentityModel.Protocols
                                   NuGetPackageVersion=6.35.0
                                   NuGetSourceType=Package
                                   PathInPackage=lib/net6.0/Microsoft.IdentityModel.Protocols.dll
                                   Private=false
                           C:\Users\USER\.nuget\packages\microsoft.identitymodel.protocols.openidconnect\6.35.0\lib\net6.0\Microsoft.IdentityModel.Protocols.OpenIdConnect.dll
                                   ExternallyResolved=true
                                   HintPath=C:\Users\USER\.nuget\packages\microsoft.identitymodel.protocols.openidconnect\6.35.0\lib\net6.0\Microsoft.IdentityModel.Protocols.OpenIdConnect.dll
                                   NuGetPackageId=Microsoft.IdentityModel.Protocols.OpenIdConnect
                                   NuGetPackageVersion=6.35.0
                                   NuGetSourceType=Package
                                   PathInPackage=lib/net6.0/Microsoft.IdentityModel.Protocols.OpenIdConnect.dll
                                   Private=false
                           C:\Users\USER\.nuget\packages\microsoft.identitymodel.tokens\6.35.0\lib\net6.0\Microsoft.IdentityModel.Tokens.dll
                                   ExternallyResolved=true
                                   HintPath=C:\Users\USER\.nuget\packages\microsoft.identitymodel.tokens\6.35.0\lib\net6.0\Microsoft.IdentityModel.Tokens.dll
                                   NuGetPackageId=Microsoft.IdentityModel.Tokens
                                   NuGetPackageVersion=6.35.0
                                   NuGetSourceType=Package
                                   PathInPackage=lib/net6.0/Microsoft.IdentityModel.Tokens.dll
                                   Private=false
                           C:\Users\USER\.nuget\packages\microsoft.sqlserver.server\1.0.0\lib\netstandard2.0\Microsoft.SqlServer.Server.dll
                                   ExternallyResolved=true
                                   HintPath=C:\Users\USER\.nuget\packages\microsoft.sqlserver.server\1.0.0\lib\netstandard2.0\Microsoft.SqlServer.Server.dll
                                   NuGetPackageId=Microsoft.SqlServer.Server
                                   NuGetPackageVersion=1.0.0
                                   NuGetSourceType=Package
                                   PathInPackage=lib/netstandard2.0/Microsoft.SqlServer.Server.dll
                                   Private=false
                           C:\Users\USER\.nuget\packages\system.diagnostics.diagnosticsource\6.0.1\lib\net6.0\System.Diagnostics.DiagnosticSource.dll
                                   ExternallyResolved=true
                                   HintPath=C:\Users\USER\.nuget\packages\system.diagnostics.diagnosticsource\6.0.1\lib\net6.0\System.Diagnostics.DiagnosticSource.dll
                                   NuGetPackageId=System.Diagnostics.DiagnosticSource
                                   NuGetPackageVersion=6.0.1
                                   NuGetSourceType=Package
                                   PathInPackage=lib/net6.0/System.Diagnostics.DiagnosticSource.dll
                                   Private=false
                           C:\Users\USER\.nuget\packages\system.identitymodel.tokens.jwt\6.35.0\lib\net6.0\System.IdentityModel.Tokens.Jwt.dll
                                   ExternallyResolved=true
                                   HintPath=C:\Users\USER\.nuget\packages\system.identitymodel.tokens.jwt\6.35.0\lib\net6.0\System.IdentityModel.Tokens.Jwt.dll
                                   NuGetPackageId=System.IdentityModel.Tokens.Jwt
                                   NuGetPackageVersion=6.35.0
                                   NuGetSourceType=Package
                                   PathInPackage=lib/net6.0/System.IdentityModel.Tokens.Jwt.dll
                                   Private=false
                           C:\Users\USER\.nuget\packages\system.io.filesystem.accesscontrol\5.0.0\ref\netstandard2.0\System.IO.FileSystem.AccessControl.dll
                                   ExternallyResolved=true
                                   HintPath=C:\Users\USER\.nuget\packages\system.io.filesystem.accesscontrol\5.0.0\ref\netstandard2.0\System.IO.FileSystem.AccessControl.dll
                                   NuGetPackageId=System.IO.FileSystem.AccessControl
                                   NuGetPackageVersion=5.0.0
                                   NuGetSourceType=Package
                                   PathInPackage=ref/netstandard2.0/System.IO.FileSystem.AccessControl.dll
                                   Private=false
                           C:\Users\USER\.nuget\packages\system.memory.data\1.0.2\lib\netstandard2.0\System.Memory.Data.dll
                                   ExternallyResolved=true
                                   HintPath=C:\Users\USER\.nuget\packages\system.memory.data\1.0.2\lib\netstandard2.0\System.Memory.Data.dll
                                   NuGetPackageId=System.Memory.Data
                                   NuGetPackageVersion=1.0.2
                                   NuGetSourceType=Package
                                   PathInPackage=lib/netstandard2.0/System.Memory.Data.dll
                                   Private=false
                           C:\Users\USER\.nuget\packages\system.runtime\4.3.0\ref\netstandard1.5\System.Runtime.dll
                                   ExternallyResolved=true
                                   HintPath=C:\Users\USER\.nuget\packages\system.runtime\4.3.0\ref\netstandard1.5\System.Runtime.dll
                                   NuGetPackageId=System.Runtime
                                   NuGetPackageVersion=4.3.0
                                   NuGetSourceType=Package
                                   PathInPackage=ref/netstandard1.5/System.Runtime.dll
                                   Private=false
                           C:\Users\USER\.nuget\packages\system.runtime.compilerservices.unsafe\6.0.0\lib\net6.0\System.Runtime.CompilerServices.Unsafe.dll
                                   ExternallyResolved=true
                                   HintPath=C:\Users\USER\.nuget\packages\system.runtime.compilerservices.unsafe\6.0.0\lib\net6.0\System.Runtime.CompilerServices.Unsafe.dll
                                   NuGetPackageId=System.Runtime.CompilerServices.Unsafe
                                   NuGetPackageVersion=6.0.0
                                   NuGetSourceType=Package
                                   PathInPackage=lib/net6.0/System.Runtime.CompilerServices.Unsafe.dll
                                   Private=false
                           C:\Users\USER\.nuget\packages\system.security.accesscontrol\6.0.0\lib\net6.0\System.Security.AccessControl.dll
                                   ExternallyResolved=true
                                   HintPath=C:\Users\USER\.nuget\packages\system.security.accesscontrol\6.0.0\lib\net6.0\System.Security.AccessControl.dll
                                   NuGetPackageId=System.Security.AccessControl
                                   NuGetPackageVersion=6.0.0
                                   NuGetSourceType=Package
                                   PathInPackage=lib/net6.0/System.Security.AccessControl.dll
                                   Private=false
                           C:\Users\USER\.nuget\packages\system.security.cryptography.cng\5.0.0\ref\netcoreapp3.0\System.Security.Cryptography.Cng.dll
                                   ExternallyResolved=true
                                   HintPath=C:\Users\USER\.nuget\packages\system.security.cryptography.cng\5.0.0\ref\netcoreapp3.0\System.Security.Cryptography.Cng.dll
                                   NuGetPackageId=System.Security.Cryptography.Cng
                                   NuGetPackageVersion=5.0.0
                                   NuGetSourceType=Package
                                   PathInPackage=ref/netcoreapp3.0/System.Security.Cryptography.Cng.dll
                                   Private=false
                           C:\Users\USER\.nuget\packages\system.security.cryptography.protecteddata\6.0.0\lib\net6.0\System.Security.Cryptography.ProtectedData.dll
                                   ExternallyResolved=true
                                   HintPath=C:\Users\USER\.nuget\packages\system.security.cryptography.protecteddata\6.0.0\lib\net6.0\System.Security.Cryptography.ProtectedData.dll
                                   NuGetPackageId=System.Security.Cryptography.ProtectedData
                                   NuGetPackageVersion=6.0.0
                                   NuGetSourceType=Package
                                   PathInPackage=lib/net6.0/System.Security.Cryptography.ProtectedData.dll
                                   Private=false
                           C:\Users\USER\.nuget\packages\system.security.principal.windows\5.0.0\ref\netcoreapp3.0\System.Security.Principal.Windows.dll
                                   ExternallyResolved=true
                                   HintPath=C:\Users\USER\.nuget\packages\system.security.principal.windows\5.0.0\ref\netcoreapp3.0\System.Security.Principal.Windows.dll
                                   NuGetPackageId=System.Security.Principal.Windows
                                   NuGetPackageVersion=5.0.0
                                   NuGetSourceType=Package
                                   PathInPackage=ref/netcoreapp3.0/System.Security.Principal.Windows.dll
                                   Private=false
                           C:\Users\USER\.nuget\packages\system.text.encoding\4.3.0\ref\netstandard1.3\System.Text.Encoding.dll
                                   ExternallyResolved=true
                                   HintPath=C:\Users\USER\.nuget\packages\system.text.encoding\4.3.0\ref\netstandard1.3\System.Text.Encoding.dll
                                   NuGetPackageId=System.Text.Encoding
                                   NuGetPackageVersion=4.3.0
                                   NuGetSourceType=Package
                                   PathInPackage=ref/netstandard1.3/System.Text.Encoding.dll
                                   Private=false
                           C:\Users\USER\.nuget\packages\system.text.encodings.web\6.0.0\lib\net6.0\System.Text.Encodings.Web.dll
                                   ExternallyResolved=true
                                   HintPath=C:\Users\USER\.nuget\packages\system.text.encodings.web\6.0.0\lib\net6.0\System.Text.Encodings.Web.dll
                                   NuGetPackageId=System.Text.Encodings.Web
                                   NuGetPackageVersion=6.0.0
                                   NuGetSourceType=Package
                                   PathInPackage=lib/net6.0/System.Text.Encodings.Web.dll
                                   Private=false
                           C:\Users\USER\.nuget\packages\system.text.json\4.7.2\lib\netcoreapp3.0\System.Text.Json.dll
                                   ExternallyResolved=true
                                   HintPath=C:\Users\USER\.nuget\packages\system.text.json\4.7.2\lib\netcoreapp3.0\System.Text.Json.dll
                                   NuGetPackageId=System.Text.Json
                                   NuGetPackageVersion=4.7.2
                                   NuGetSourceType=Package
                                   PathInPackage=lib/netcoreapp3.0/System.Text.Json.dll
                                   Private=false
20:48:35.475     1>Done building target "ResolveLockFileReferences" in project "StaffManagement.Infrastructure.csproj".: (TargetId:34)
                   Target "ResolvePackageAssets" skipped. Previously built successfully.
20:48:35.475     1>Target "ResolveLockFileAnalyzers: (TargetId:35)" in file "C:\Program Files\dotnet\sdk\8.0.403\Sdks\Microsoft.NET.Sdk\targets\Microsoft.PackageDependencyResolution.targets" from project "C:\Users\USER\OneDrive - Royal University of Phnom Penh\Desktop\Testing\StaffManagement\src\StaffManagement.Infrastructure\StaffManagement.Infrastructure.csproj" (target "ResolvePackageDependenciesForBuild" depends on it):
                   Added Item(s): 
                       Analyzer=
                           C:\Users\USER\.nuget\packages\microsoft.entityframeworkcore.analyzers\8.0.17\analyzers\dotnet\cs\Microsoft.EntityFrameworkCore.Analyzers.dll
                                   NuGetPackageId=Microsoft.EntityFrameworkCore.Analyzers
                                   NuGetPackageVersion=8.0.17
                           C:\Users\USER\.nuget\packages\microsoft.extensions.logging.abstractions\8.0.2\analyzers\dotnet\roslyn4.4\cs\Microsoft.Extensions.Logging.Generators.dll
                                   NuGetPackageId=Microsoft.Extensions.Logging.Abstractions
                                   NuGetPackageVersion=8.0.2
                           C:\Users\USER\.nuget\packages\microsoft.extensions.options\8.0.2\analyzers\dotnet\roslyn4.4\cs\Microsoft.Extensions.Options.SourceGeneration.dll
                                   NuGetPackageId=Microsoft.Extensions.Options
                                   NuGetPackageVersion=8.0.2
20:48:35.475     1>Done building target "ResolveLockFileAnalyzers" in project "StaffManagement.Infrastructure.csproj".: (TargetId:35)
                   Target "ResolvePackageAssets" skipped. Previously built successfully.
                   Target "RunProduceContentAssets" skipped, due to false condition; ('@(_ContentFilesToPreprocess)' != '' and '$(_CleaningWithoutRebuilding)' != 'true') was evaluated as ('' != '' and '' != 'true').
20:48:35.475     1>Target "ResolveLockFileCopyLocalFiles: (TargetId:36)" in file "C:\Program Files\dotnet\sdk\8.0.403\Sdks\Microsoft.NET.Sdk\targets\Microsoft.PackageDependencyResolution.targets" from project "C:\Users\USER\OneDrive - Royal University of Phnom Penh\Desktop\Testing\StaffManagement\src\StaffManagement.Infrastructure\StaffManagement.Infrastructure.csproj" (target "ResolvePackageDependenciesForBuild" depends on it):
                   Added Item(s): 
                       _ResolvedCopyLocalBuildAssets=
                           C:\Users\USER\.nuget\packages\azure.core\1.35.0\lib\net6.0\Azure.Core.dll
                                   AssetType=runtime
                                   CopyLocal=true
                                   DestinationSubPath=Azure.Core.dll
                                   NuGetPackageId=Azure.Core
                                   NuGetPackageVersion=1.35.0
                                   PathInPackage=lib/net6.0/Azure.Core.dll
                           C:\Users\USER\.nuget\packages\azure.identity\1.10.3\lib\netstandard2.0\Azure.Identity.dll
                                   AssetType=runtime
                                   CopyLocal=true
                                   DestinationSubPath=Azure.Identity.dll
                                   NuGetPackageId=Azure.Identity
                                   NuGetPackageVersion=1.10.3
                                   PathInPackage=lib/netstandard2.0/Azure.Identity.dll
                           C:\Users\USER\.nuget\packages\microsoft.bcl.asyncinterfaces\1.1.1\lib\netstandard2.1\Microsoft.Bcl.AsyncInterfaces.dll
                                   AssetType=runtime
                                   CopyLocal=true
                                   DestinationSubPath=Microsoft.Bcl.AsyncInterfaces.dll
                                   NuGetPackageId=Microsoft.Bcl.AsyncInterfaces
                                   NuGetPackageVersion=1.1.1
                                   PathInPackage=lib/netstandard2.1/Microsoft.Bcl.AsyncInterfaces.dll
                           C:\Users\USER\.nuget\packages\microsoft.data.sqlclient\5.1.5\lib\net6.0\Microsoft.Data.SqlClient.dll
                                   AssetType=runtime
                                   CopyLocal=true
                                   DestinationSubPath=Microsoft.Data.SqlClient.dll
                                   NuGetPackageId=Microsoft.Data.SqlClient
                                   NuGetPackageVersion=5.1.5
                                   PathInPackage=lib/net6.0/Microsoft.Data.SqlClient.dll
                           C:\Users\USER\.nuget\packages\microsoft.entityframeworkcore\8.0.17\lib\net8.0\Microsoft.EntityFrameworkCore.dll
                                   AssetType=runtime
                                   CopyLocal=true
                                   DestinationSubPath=Microsoft.EntityFrameworkCore.dll
                                   NuGetPackageId=Microsoft.EntityFrameworkCore
                                   NuGetPackageVersion=8.0.17
                                   PathInPackage=lib/net8.0/Microsoft.EntityFrameworkCore.dll
                           C:\Users\USER\.nuget\packages\microsoft.entityframeworkcore.abstractions\8.0.17\lib\net8.0\Microsoft.EntityFrameworkCore.Abstractions.dll
                                   AssetType=runtime
                                   CopyLocal=true
                                   DestinationSubPath=Microsoft.EntityFrameworkCore.Abstractions.dll
                                   NuGetPackageId=Microsoft.EntityFrameworkCore.Abstractions
                                   NuGetPackageVersion=8.0.17
                                   PathInPackage=lib/net8.0/Microsoft.EntityFrameworkCore.Abstractions.dll
                           C:\Users\USER\.nuget\packages\microsoft.entityframeworkcore.relational\8.0.10\lib\net8.0\Microsoft.EntityFrameworkCore.Relational.dll
                                   AssetType=runtime
                                   CopyLocal=true
                                   DestinationSubPath=Microsoft.EntityFrameworkCore.Relational.dll
                                   NuGetPackageId=Microsoft.EntityFrameworkCore.Relational
                                   NuGetPackageVersion=8.0.10
                                   PathInPackage=lib/net8.0/Microsoft.EntityFrameworkCore.Relational.dll
                           C:\Users\USER\.nuget\packages\microsoft.entityframeworkcore.sqlserver\8.0.10\lib\net8.0\Microsoft.EntityFrameworkCore.SqlServer.dll
                                   AssetType=runtime
                                   CopyLocal=true
                                   DestinationSubPath=Microsoft.EntityFrameworkCore.SqlServer.dll
                                   NuGetPackageId=Microsoft.EntityFrameworkCore.SqlServer
                                   NuGetPackageVersion=8.0.10
                                   PathInPackage=lib/net8.0/Microsoft.EntityFrameworkCore.SqlServer.dll
                           C:\Users\USER\.nuget\packages\microsoft.extensions.caching.abstractions\8.0.0\lib\net8.0\Microsoft.Extensions.Caching.Abstractions.dll
                                   AssetType=runtime
                                   CopyLocal=true
                                   DestinationSubPath=Microsoft.Extensions.Caching.Abstractions.dll
                                   NuGetPackageId=Microsoft.Extensions.Caching.Abstractions
                                   NuGetPackageVersion=8.0.0
                                   PathInPackage=lib/net8.0/Microsoft.Extensions.Caching.Abstractions.dll
                           C:\Users\USER\.nuget\packages\microsoft.extensions.caching.memory\8.0.1\lib\net8.0\Microsoft.Extensions.Caching.Memory.dll
                                   AssetType=runtime
                                   CopyLocal=true
                                   DestinationSubPath=Microsoft.Extensions.Caching.Memory.dll
                                   NuGetPackageId=Microsoft.Extensions.Caching.Memory
                                   NuGetPackageVersion=8.0.1
                                   PathInPackage=lib/net8.0/Microsoft.Extensions.Caching.Memory.dll
                           C:\Users\USER\.nuget\packages\microsoft.extensions.configuration.abstractions\8.0.0\lib\net8.0\Microsoft.Extensions.Configuration.Abstractions.dll
                                   AssetType=runtime
                                   CopyLocal=true
                                   DestinationSubPath=Microsoft.Extensions.Configuration.Abstractions.dll
                                   NuGetPackageId=Microsoft.Extensions.Configuration.Abstractions
                                   NuGetPackageVersion=8.0.0
                                   PathInPackage=lib/net8.0/Microsoft.Extensions.Configuration.Abstractions.dll
                           C:\Users\USER\.nuget\packages\microsoft.extensions.dependencyinjection\8.0.1\lib\net8.0\Microsoft.Extensions.DependencyInjection.dll
                                   AssetType=runtime
                                   CopyLocal=true
                                   DestinationSubPath=Microsoft.Extensions.DependencyInjection.dll
                                   NuGetPackageId=Microsoft.Extensions.DependencyInjection
                                   NuGetPackageVersion=8.0.1
                                   PathInPackage=lib/net8.0/Microsoft.Extensions.DependencyInjection.dll
                           C:\Users\USER\.nuget\packages\microsoft.extensions.dependencyinjection.abstractions\8.0.2\lib\net8.0\Microsoft.Extensions.DependencyInjection.Abstractions.dll
                                   AssetType=runtime
                                   CopyLocal=true
                                   DestinationSubPath=Microsoft.Extensions.DependencyInjection.Abstractions.dll
                                   NuGetPackageId=Microsoft.Extensions.DependencyInjection.Abstractions
                                   NuGetPackageVersion=8.0.2
                                   PathInPackage=lib/net8.0/Microsoft.Extensions.DependencyInjection.Abstractions.dll
                           C:\Users\USER\.nuget\packages\microsoft.extensions.logging\8.0.1\lib\net8.0\Microsoft.Extensions.Logging.dll
                                   AssetType=runtime
                                   CopyLocal=true
                                   DestinationSubPath=Microsoft.Extensions.Logging.dll
                                   NuGetPackageId=Microsoft.Extensions.Logging
                                   NuGetPackageVersion=8.0.1
                                   PathInPackage=lib/net8.0/Microsoft.Extensions.Logging.dll
                           C:\Users\USER\.nuget\packages\microsoft.extensions.logging.abstractions\8.0.2\lib\net8.0\Microsoft.Extensions.Logging.Abstractions.dll
                                   AssetType=runtime
                                   CopyLocal=true
                                   DestinationSubPath=Microsoft.Extensions.Logging.Abstractions.dll
                                   NuGetPackageId=Microsoft.Extensions.Logging.Abstractions
                                   NuGetPackageVersion=8.0.2
                                   PathInPackage=lib/net8.0/Microsoft.Extensions.Logging.Abstractions.dll
                           C:\Users\USER\.nuget\packages\microsoft.extensions.options\8.0.2\lib\net8.0\Microsoft.Extensions.Options.dll
                                   AssetType=runtime
                                   CopyLocal=true
                                   DestinationSubPath=Microsoft.Extensions.Options.dll
                                   NuGetPackageId=Microsoft.Extensions.Options
                                   NuGetPackageVersion=8.0.2
                                   PathInPackage=lib/net8.0/Microsoft.Extensions.Options.dll
                           C:\Users\USER\.nuget\packages\microsoft.extensions.primitives\8.0.0\lib\net8.0\Microsoft.Extensions.Primitives.dll
                                   AssetType=runtime
                                   CopyLocal=true
                                   DestinationSubPath=Microsoft.Extensions.Primitives.dll
                                   NuGetPackageId=Microsoft.Extensions.Primitives
                                   NuGetPackageVersion=8.0.0
                                   PathInPackage=lib/net8.0/Microsoft.Extensions.Primitives.dll
                           C:\Users\USER\.nuget\packages\microsoft.identity.client\4.56.0\lib\net6.0\Microsoft.Identity.Client.dll
                                   AssetType=runtime
                                   CopyLocal=true
                                   DestinationSubPath=Microsoft.Identity.Client.dll
                                   NuGetPackageId=Microsoft.Identity.Client
                                   NuGetPackageVersion=4.56.0
                                   PathInPackage=lib/net6.0/Microsoft.Identity.Client.dll
                           C:\Users\USER\.nuget\packages\microsoft.identity.client.extensions.msal\4.56.0\lib\netstandard2.0\Microsoft.Identity.Client.Extensions.Msal.dll
                                   AssetType=runtime
                                   CopyLocal=true
                                   DestinationSubPath=Microsoft.Identity.Client.Extensions.Msal.dll
                                   NuGetPackageId=Microsoft.Identity.Client.Extensions.Msal
                                   NuGetPackageVersion=4.56.0
                                   PathInPackage=lib/netstandard2.0/Microsoft.Identity.Client.Extensions.Msal.dll
                           C:\Users\USER\.nuget\packages\microsoft.identitymodel.abstractions\6.35.0\lib\net6.0\Microsoft.IdentityModel.Abstractions.dll
                                   AssetType=runtime
                                   CopyLocal=true
                                   DestinationSubPath=Microsoft.IdentityModel.Abstractions.dll
                                   NuGetPackageId=Microsoft.IdentityModel.Abstractions
                                   NuGetPackageVersion=6.35.0
                                   PathInPackage=lib/net6.0/Microsoft.IdentityModel.Abstractions.dll
                           C:\Users\USER\.nuget\packages\microsoft.identitymodel.jsonwebtokens\6.35.0\lib\net6.0\Microsoft.IdentityModel.JsonWebTokens.dll
                                   AssetType=runtime
                                   CopyLocal=true
                                   DestinationSubPath=Microsoft.IdentityModel.JsonWebTokens.dll
                                   NuGetPackageId=Microsoft.IdentityModel.JsonWebTokens
                                   NuGetPackageVersion=6.35.0
                                   PathInPackage=lib/net6.0/Microsoft.IdentityModel.JsonWebTokens.dll
                           C:\Users\USER\.nuget\packages\microsoft.identitymodel.logging\6.35.0\lib\net6.0\Microsoft.IdentityModel.Logging.dll
                                   AssetType=runtime
                                   CopyLocal=true
                                   DestinationSubPath=Microsoft.IdentityModel.Logging.dll
                                   NuGetPackageId=Microsoft.IdentityModel.Logging
                                   NuGetPackageVersion=6.35.0
                                   PathInPackage=lib/net6.0/Microsoft.IdentityModel.Logging.dll
                           C:\Users\USER\.nuget\packages\microsoft.identitymodel.protocols\6.35.0\lib\net6.0\Microsoft.IdentityModel.Protocols.dll
                                   AssetType=runtime
                                   CopyLocal=true
                                   DestinationSubPath=Microsoft.IdentityModel.Protocols.dll
                                   NuGetPackageId=Microsoft.IdentityModel.Protocols
                                   NuGetPackageVersion=6.35.0
                                   PathInPackage=lib/net6.0/Microsoft.IdentityModel.Protocols.dll
                           C:\Users\USER\.nuget\packages\microsoft.identitymodel.protocols.openidconnect\6.35.0\lib\net6.0\Microsoft.IdentityModel.Protocols.OpenIdConnect.dll
                                   AssetType=runtime
                                   CopyLocal=true
                                   DestinationSubPath=Microsoft.IdentityModel.Protocols.OpenIdConnect.dll
                                   NuGetPackageId=Microsoft.IdentityModel.Protocols.OpenIdConnect
                                   NuGetPackageVersion=6.35.0
                                   PathInPackage=lib/net6.0/Microsoft.IdentityModel.Protocols.OpenIdConnect.dll
                           C:\Users\USER\.nuget\packages\microsoft.identitymodel.tokens\6.35.0\lib\net6.0\Microsoft.IdentityModel.Tokens.dll
                                   AssetType=runtime
                                   CopyLocal=true
                                   DestinationSubPath=Microsoft.IdentityModel.Tokens.dll
                                   NuGetPackageId=Microsoft.IdentityModel.Tokens
                                   NuGetPackageVersion=6.35.0
                                   PathInPackage=lib/net6.0/Microsoft.IdentityModel.Tokens.dll
                           C:\Users\USER\.nuget\packages\microsoft.sqlserver.server\1.0.0\lib\netstandard2.0\Microsoft.SqlServer.Server.dll
                                   AssetType=runtime
                                   CopyLocal=true
                                   DestinationSubPath=Microsoft.SqlServer.Server.dll
                                   NuGetPackageId=Microsoft.SqlServer.Server
                                   NuGetPackageVersion=1.0.0
                                   PathInPackage=lib/netstandard2.0/Microsoft.SqlServer.Server.dll
                           C:\Users\USER\.nuget\packages\microsoft.win32.systemevents\6.0.0\lib\net6.0\Microsoft.Win32.SystemEvents.dll
                                   AssetType=runtime
                                   CopyLocal=true
                                   DestinationSubPath=Microsoft.Win32.SystemEvents.dll
                                   NuGetPackageId=Microsoft.Win32.SystemEvents
                                   NuGetPackageVersion=6.0.0
                                   PathInPackage=lib/net6.0/Microsoft.Win32.SystemEvents.dll
                           C:\Users\USER\.nuget\packages\system.configuration.configurationmanager\6.0.1\lib\net6.0\System.Configuration.ConfigurationManager.dll
                                   AssetType=runtime
                                   CopyLocal=true
                                   DestinationSubPath=System.Configuration.ConfigurationManager.dll
                                   NuGetPackageId=System.Configuration.ConfigurationManager
                                   NuGetPackageVersion=6.0.1
                                   PathInPackage=lib/net6.0/System.Configuration.ConfigurationManager.dll
                           C:\Users\USER\.nuget\packages\system.diagnostics.diagnosticsource\6.0.1\lib\net6.0\System.Diagnostics.DiagnosticSource.dll
                                   AssetType=runtime
                                   CopyLocal=true
                                   DestinationSubPath=System.Diagnostics.DiagnosticSource.dll
                                   NuGetPackageId=System.Diagnostics.DiagnosticSource
                                   NuGetPackageVersion=6.0.1
                                   PathInPackage=lib/net6.0/System.Diagnostics.DiagnosticSource.dll
                           C:\Users\USER\.nuget\packages\system.drawing.common\6.0.0\lib\net6.0\System.Drawing.Common.dll
                                   AssetType=runtime
                                   CopyLocal=true
                                   DestinationSubPath=System.Drawing.Common.dll
                                   NuGetPackageId=System.Drawing.Common
                                   NuGetPackageVersion=6.0.0
                                   PathInPackage=lib/net6.0/System.Drawing.Common.dll
                           C:\Users\USER\.nuget\packages\system.formats.asn1\5.0.0\lib\netstandard2.0\System.Formats.Asn1.dll
                                   AssetType=runtime
                                   CopyLocal=true
                                   DestinationSubPath=System.Formats.Asn1.dll
                                   NuGetPackageId=System.Formats.Asn1
                                   NuGetPackageVersion=5.0.0
                                   PathInPackage=lib/netstandard2.0/System.Formats.Asn1.dll
                           C:\Users\USER\.nuget\packages\system.identitymodel.tokens.jwt\6.35.0\lib\net6.0\System.IdentityModel.Tokens.Jwt.dll
                                   AssetType=runtime
                                   CopyLocal=true
                                   DestinationSubPath=System.IdentityModel.Tokens.Jwt.dll
                                   NuGetPackageId=System.IdentityModel.Tokens.Jwt
                                   NuGetPackageVersion=6.35.0
                                   PathInPackage=lib/net6.0/System.IdentityModel.Tokens.Jwt.dll
                           C:\Users\USER\.nuget\packages\system.io.filesystem.accesscontrol\5.0.0\lib\netstandard2.0\System.IO.FileSystem.AccessControl.dll
                                   AssetType=runtime
                                   CopyLocal=true
                                   DestinationSubPath=System.IO.FileSystem.AccessControl.dll
                                   NuGetPackageId=System.IO.FileSystem.AccessControl
                                   NuGetPackageVersion=5.0.0
                                   PathInPackage=lib/netstandard2.0/System.IO.FileSystem.AccessControl.dll
                           C:\Users\USER\.nuget\packages\system.memory.data\1.0.2\lib\netstandard2.0\System.Memory.Data.dll
                                   AssetType=runtime
                                   CopyLocal=true
                                   DestinationSubPath=System.Memory.Data.dll
                                   NuGetPackageId=System.Memory.Data
                                   NuGetPackageVersion=1.0.2
                                   PathInPackage=lib/netstandard2.0/System.Memory.Data.dll
                           C:\Users\USER\.nuget\packages\system.runtime.caching\6.0.0\lib\net6.0\System.Runtime.Caching.dll
                                   AssetType=runtime
                                   CopyLocal=true
                                   DestinationSubPath=System.Runtime.Caching.dll
                                   NuGetPackageId=System.Runtime.Caching
                                   NuGetPackageVersion=6.0.0
                                   PathInPackage=lib/net6.0/System.Runtime.Caching.dll
                           C:\Users\USER\.nuget\packages\system.runtime.compilerservices.unsafe\6.0.0\lib\net6.0\System.Runtime.CompilerServices.Unsafe.dll
                                   AssetType=runtime
                                   CopyLocal=true
                                   DestinationSubPath=System.Runtime.CompilerServices.Unsafe.dll
                                   NuGetPackageId=System.Runtime.CompilerServices.Unsafe
                                   NuGetPackageVersion=6.0.0
                                   PathInPackage=lib/net6.0/System.Runtime.CompilerServices.Unsafe.dll
                           C:\Users\USER\.nuget\packages\system.security.accesscontrol\6.0.0\lib\net6.0\System.Security.AccessControl.dll
                                   AssetType=runtime
                                   CopyLocal=true
                                   DestinationSubPath=System.Security.AccessControl.dll
                                   NuGetPackageId=System.Security.AccessControl
                                   NuGetPackageVersion=6.0.0
                                   PathInPackage=lib/net6.0/System.Security.AccessControl.dll
                           C:\Users\USER\.nuget\packages\system.security.cryptography.cng\5.0.0\lib\netcoreapp3.0\System.Security.Cryptography.Cng.dll
                                   AssetType=runtime
                                   CopyLocal=true
                                   DestinationSubPath=System.Security.Cryptography.Cng.dll
                                   NuGetPackageId=System.Security.Cryptography.Cng
                                   NuGetPackageVersion=5.0.0
                                   PathInPackage=lib/netcoreapp3.0/System.Security.Cryptography.Cng.dll
                           C:\Users\USER\.nuget\packages\system.security.cryptography.protecteddata\6.0.0\lib\net6.0\System.Security.Cryptography.ProtectedData.dll
                                   AssetType=runtime
                                   CopyLocal=true
                                   DestinationSubPath=System.Security.Cryptography.ProtectedData.dll
                                   NuGetPackageId=System.Security.Cryptography.ProtectedData
                                   NuGetPackageVersion=6.0.0
                                   PathInPackage=lib/net6.0/System.Security.Cryptography.ProtectedData.dll
                           C:\Users\USER\.nuget\packages\system.security.permissions\6.0.0\lib\net6.0\System.Security.Permissions.dll
                                   AssetType=runtime
                                   CopyLocal=true
                                   DestinationSubPath=System.Security.Permissions.dll
                                   NuGetPackageId=System.Security.Permissions
                                   NuGetPackageVersion=6.0.0
                                   PathInPackage=lib/net6.0/System.Security.Permissions.dll
                           C:\Users\USER\.nuget\packages\system.security.principal.windows\5.0.0\lib\netstandard2.0\System.Security.Principal.Windows.dll
                                   AssetType=runtime
                                   CopyLocal=true
                                   DestinationSubPath=System.Security.Principal.Windows.dll
                                   NuGetPackageId=System.Security.Principal.Windows
                                   NuGetPackageVersion=5.0.0
                                   PathInPackage=lib/netstandard2.0/System.Security.Principal.Windows.dll
                           C:\Users\USER\.nuget\packages\system.text.encoding.codepages\6.0.0\lib\net6.0\System.Text.Encoding.CodePages.dll
                                   AssetType=runtime
                                   CopyLocal=true
                                   DestinationSubPath=System.Text.Encoding.CodePages.dll
                                   NuGetPackageId=System.Text.Encoding.CodePages
                                   NuGetPackageVersion=6.0.0
                                   PathInPackage=lib/net6.0/System.Text.Encoding.CodePages.dll
                           C:\Users\USER\.nuget\packages\system.text.encodings.web\6.0.0\lib\net6.0\System.Text.Encodings.Web.dll
                                   AssetType=runtime
                                   CopyLocal=true
                                   DestinationSubPath=System.Text.Encodings.Web.dll
                                   NuGetPackageId=System.Text.Encodings.Web
                                   NuGetPackageVersion=6.0.0
                                   PathInPackage=lib/net6.0/System.Text.Encodings.Web.dll
                           C:\Users\USER\.nuget\packages\system.text.json\4.7.2\lib\netcoreapp3.0\System.Text.Json.dll
                                   AssetType=runtime
                                   CopyLocal=true
                                   DestinationSubPath=System.Text.Json.dll
                                   NuGetPackageId=System.Text.Json
                                   NuGetPackageVersion=4.7.2
                                   PathInPackage=lib/netcoreapp3.0/System.Text.Json.dll
                           C:\Users\USER\.nuget\packages\system.windows.extensions\6.0.0\lib\net6.0\System.Windows.Extensions.dll
                                   AssetType=runtime
                                   CopyLocal=true
                                   DestinationSubPath=System.Windows.Extensions.dll
                                   NuGetPackageId=System.Windows.Extensions
                                   NuGetPackageVersion=6.0.0
                                   PathInPackage=lib/net6.0/System.Windows.Extensions.dll
                   Added Item(s): 
                       _ResolvedCopyLocalBuildAssets=
                           C:\Users\USER\.nuget\packages\microsoft.data.sqlclient\5.1.5\runtimes\unix\lib\net6.0\Microsoft.Data.SqlClient.dll
                                   AssetType=runtime
                                   CopyLocal=true
                                   DestinationSubDirectory=runtimes\unix\lib\net6.0\
                                   DestinationSubPath=runtimes\unix\lib\net6.0\Microsoft.Data.SqlClient.dll
                                   NuGetPackageId=Microsoft.Data.SqlClient
                                   NuGetPackageVersion=5.1.5
                                   PathInPackage=runtimes/unix/lib/net6.0/Microsoft.Data.SqlClient.dll
                                   RuntimeIdentifier=unix
                           C:\Users\USER\.nuget\packages\microsoft.data.sqlclient\5.1.5\runtimes\win\lib\net6.0\Microsoft.Data.SqlClient.dll
                                   AssetType=runtime
                                   CopyLocal=true
                                   DestinationSubDirectory=runtimes\win\lib\net6.0\
                                   DestinationSubPath=runtimes\win\lib\net6.0\Microsoft.Data.SqlClient.dll
                                   NuGetPackageId=Microsoft.Data.SqlClient
                                   NuGetPackageVersion=5.1.5
                                   PathInPackage=runtimes/win/lib/net6.0/Microsoft.Data.SqlClient.dll
                                   RuntimeIdentifier=win
                           C:\Users\USER\.nuget\packages\microsoft.data.sqlclient.sni.runtime\5.1.1\runtimes\win-arm\native\Microsoft.Data.SqlClient.SNI.dll
                                   AssetType=native
                                   CopyLocal=true
                                   DestinationSubDirectory=runtimes\win-arm\native\
                                   DestinationSubPath=runtimes\win-arm\native\Microsoft.Data.SqlClient.SNI.dll
                                   NuGetPackageId=Microsoft.Data.SqlClient.SNI.runtime
                                   NuGetPackageVersion=5.1.1
                                   PathInPackage=runtimes/win-arm/native/Microsoft.Data.SqlClient.SNI.dll
                                   RuntimeIdentifier=win-arm
                           C:\Users\USER\.nuget\packages\microsoft.data.sqlclient.sni.runtime\5.1.1\runtimes\win-arm64\native\Microsoft.Data.SqlClient.SNI.dll
                                   AssetType=native
                                   CopyLocal=true
                                   DestinationSubDirectory=runtimes\win-arm64\native\
                                   DestinationSubPath=runtimes\win-arm64\native\Microsoft.Data.SqlClient.SNI.dll
                                   NuGetPackageId=Microsoft.Data.SqlClient.SNI.runtime
                                   NuGetPackageVersion=5.1.1
                                   PathInPackage=runtimes/win-arm64/native/Microsoft.Data.SqlClient.SNI.dll
                                   RuntimeIdentifier=win-arm64
                           C:\Users\USER\.nuget\packages\microsoft.data.sqlclient.sni.runtime\5.1.1\runtimes\win-x64\native\Microsoft.Data.SqlClient.SNI.dll
                                   AssetType=native
                                   CopyLocal=true
                                   DestinationSubDirectory=runtimes\win-x64\native\
                                   DestinationSubPath=runtimes\win-x64\native\Microsoft.Data.SqlClient.SNI.dll
                                   NuGetPackageId=Microsoft.Data.SqlClient.SNI.runtime
                                   NuGetPackageVersion=5.1.1
                                   PathInPackage=runtimes/win-x64/native/Microsoft.Data.SqlClient.SNI.dll
                                   RuntimeIdentifier=win-x64
                           C:\Users\USER\.nuget\packages\microsoft.data.sqlclient.sni.runtime\5.1.1\runtimes\win-x86\native\Microsoft.Data.SqlClient.SNI.dll
                                   AssetType=native
                                   CopyLocal=true
                                   DestinationSubDirectory=runtimes\win-x86\native\
                                   DestinationSubPath=runtimes\win-x86\native\Microsoft.Data.SqlClient.SNI.dll
                                   NuGetPackageId=Microsoft.Data.SqlClient.SNI.runtime
                                   NuGetPackageVersion=5.1.1
                                   PathInPackage=runtimes/win-x86/native/Microsoft.Data.SqlClient.SNI.dll
                                   RuntimeIdentifier=win-x86
                           C:\Users\USER\.nuget\packages\microsoft.win32.systemevents\6.0.0\runtimes\win\lib\net6.0\Microsoft.Win32.SystemEvents.dll
                                   AssetType=runtime
                                   CopyLocal=true
                                   DestinationSubDirectory=runtimes\win\lib\net6.0\
                                   DestinationSubPath=runtimes\win\lib\net6.0\Microsoft.Win32.SystemEvents.dll
                                   NuGetPackageId=Microsoft.Win32.SystemEvents
                                   NuGetPackageVersion=6.0.0
                                   PathInPackage=runtimes/win/lib/net6.0/Microsoft.Win32.SystemEvents.dll
                                   RuntimeIdentifier=win
                           C:\Users\USER\.nuget\packages\system.drawing.common\6.0.0\runtimes\unix\lib\net6.0\System.Drawing.Common.dll
                                   AssetType=runtime
                                   CopyLocal=true
                                   DestinationSubDirectory=runtimes\unix\lib\net6.0\
                                   DestinationSubPath=runtimes\unix\lib\net6.0\System.Drawing.Common.dll
                                   NuGetPackageId=System.Drawing.Common
                                   NuGetPackageVersion=6.0.0
                                   PathInPackage=runtimes/unix/lib/net6.0/System.Drawing.Common.dll
                                   RuntimeIdentifier=unix
                           C:\Users\USER\.nuget\packages\system.drawing.common\6.0.0\runtimes\win\lib\net6.0\System.Drawing.Common.dll
                                   AssetType=runtime
                                   CopyLocal=true
                                   DestinationSubDirectory=runtimes\win\lib\net6.0\
                                   DestinationSubPath=runtimes\win\lib\net6.0\System.Drawing.Common.dll
                                   NuGetPackageId=System.Drawing.Common
                                   NuGetPackageVersion=6.0.0
                                   PathInPackage=runtimes/win/lib/net6.0/System.Drawing.Common.dll
                                   RuntimeIdentifier=win
                           C:\Users\USER\.nuget\packages\system.io.filesystem.accesscontrol\5.0.0\runtimes\win\lib\netstandard2.0\System.IO.FileSystem.AccessControl.dll
                                   AssetType=runtime
                                   CopyLocal=true
                                   DestinationSubDirectory=runtimes\win\lib\netstandard2.0\
                                   DestinationSubPath=runtimes\win\lib\netstandard2.0\System.IO.FileSystem.AccessControl.dll
                                   NuGetPackageId=System.IO.FileSystem.AccessControl
                                   NuGetPackageVersion=5.0.0
                                   PathInPackage=runtimes/win/lib/netstandard2.0/System.IO.FileSystem.AccessControl.dll
                                   RuntimeIdentifier=win
                           C:\Users\USER\.nuget\packages\system.runtime.caching\6.0.0\runtimes\win\lib\net6.0\System.Runtime.Caching.dll
                                   AssetType=runtime
                                   CopyLocal=true
                                   DestinationSubDirectory=runtimes\win\lib\net6.0\
                                   DestinationSubPath=runtimes\win\lib\net6.0\System.Runtime.Caching.dll
                                   NuGetPackageId=System.Runtime.Caching
                                   NuGetPackageVersion=6.0.0
                                   PathInPackage=runtimes/win/lib/net6.0/System.Runtime.Caching.dll
                                   RuntimeIdentifier=win
                           C:\Users\USER\.nuget\packages\system.security.accesscontrol\6.0.0\runtimes\win\lib\net6.0\System.Security.AccessControl.dll
                                   AssetType=runtime
                                   CopyLocal=true
                                   DestinationSubDirectory=runtimes\win\lib\net6.0\
                                   DestinationSubPath=runtimes\win\lib\net6.0\System.Security.AccessControl.dll
                                   NuGetPackageId=System.Security.AccessControl
                                   NuGetPackageVersion=6.0.0
                                   PathInPackage=runtimes/win/lib/net6.0/System.Security.AccessControl.dll
                                   RuntimeIdentifier=win
                           C:\Users\USER\.nuget\packages\system.security.cryptography.cng\5.0.0\runtimes\win\lib\netcoreapp3.0\System.Security.Cryptography.Cng.dll
                                   AssetType=runtime
                                   CopyLocal=true
                                   DestinationSubDirectory=runtimes\win\lib\netcoreapp3.0\
                                   DestinationSubPath=runtimes\win\lib\netcoreapp3.0\System.Security.Cryptography.Cng.dll
                                   NuGetPackageId=System.Security.Cryptography.Cng
                                   NuGetPackageVersion=5.0.0
                                   PathInPackage=runtimes/win/lib/netcoreapp3.0/System.Security.Cryptography.Cng.dll
                                   RuntimeIdentifier=win
                           C:\Users\USER\.nuget\packages\system.security.cryptography.protecteddata\6.0.0\runtimes\win\lib\net6.0\System.Security.Cryptography.ProtectedData.dll
                                   AssetType=runtime
                                   CopyLocal=true
                                   DestinationSubDirectory=runtimes\win\lib\net6.0\
                                   DestinationSubPath=runtimes\win\lib\net6.0\System.Security.Cryptography.ProtectedData.dll
                                   NuGetPackageId=System.Security.Cryptography.ProtectedData
                                   NuGetPackageVersion=6.0.0
                                   PathInPackage=runtimes/win/lib/net6.0/System.Security.Cryptography.ProtectedData.dll
                                   RuntimeIdentifier=win
                           C:\Users\USER\.nuget\packages\system.security.principal.windows\5.0.0\runtimes\unix\lib\netcoreapp2.1\System.Security.Principal.Windows.dll
                                   AssetType=runtime
                                   CopyLocal=true
                                   DestinationSubDirectory=runtimes\unix\lib\netcoreapp2.1\
                                   DestinationSubPath=runtimes\unix\lib\netcoreapp2.1\System.Security.Principal.Windows.dll
                                   NuGetPackageId=System.Security.Principal.Windows
                                   NuGetPackageVersion=5.0.0
                                   PathInPackage=runtimes/unix/lib/netcoreapp2.1/System.Security.Principal.Windows.dll
                                   RuntimeIdentifier=unix
                           C:\Users\USER\.nuget\packages\system.security.principal.windows\5.0.0\runtimes\win\lib\netcoreapp2.1\System.Security.Principal.Windows.dll
                                   AssetType=runtime
                                   CopyLocal=true
                                   DestinationSubDirectory=runtimes\win\lib\netcoreapp2.1\
                                   DestinationSubPath=runtimes\win\lib\netcoreapp2.1\System.Security.Principal.Windows.dll
                                   NuGetPackageId=System.Security.Principal.Windows
                                   NuGetPackageVersion=5.0.0
                                   PathInPackage=runtimes/win/lib/netcoreapp2.1/System.Security.Principal.Windows.dll
                                   RuntimeIdentifier=win
                           C:\Users\USER\.nuget\packages\system.text.encoding.codepages\6.0.0\runtimes\win\lib\net6.0\System.Text.Encoding.CodePages.dll
                                   AssetType=runtime
                                   CopyLocal=true
                                   DestinationSubDirectory=runtimes\win\lib\net6.0\
                                   DestinationSubPath=runtimes\win\lib\net6.0\System.Text.Encoding.CodePages.dll
                                   NuGetPackageId=System.Text.Encoding.CodePages
                                   NuGetPackageVersion=6.0.0
                                   PathInPackage=runtimes/win/lib/net6.0/System.Text.Encoding.CodePages.dll
                                   RuntimeIdentifier=win
                           C:\Users\USER\.nuget\packages\system.text.encodings.web\6.0.0\runtimes\browser\lib\net6.0\System.Text.Encodings.Web.dll
                                   AssetType=runtime
                                   CopyLocal=true
                                   DestinationSubDirectory=runtimes\browser\lib\net6.0\
                                   DestinationSubPath=runtimes\browser\lib\net6.0\System.Text.Encodings.Web.dll
                                   NuGetPackageId=System.Text.Encodings.Web
                                   NuGetPackageVersion=6.0.0
                                   PathInPackage=runtimes/browser/lib/net6.0/System.Text.Encodings.Web.dll
                                   RuntimeIdentifier=browser
                           C:\Users\USER\.nuget\packages\system.windows.extensions\6.0.0\runtimes\win\lib\net6.0\System.Windows.Extensions.dll
                                   AssetType=runtime
                                   CopyLocal=true
                                   DestinationSubDirectory=runtimes\win\lib\net6.0\
                                   DestinationSubPath=runtimes\win\lib\net6.0\System.Windows.Extensions.dll
                                   NuGetPackageId=System.Windows.Extensions
                                   NuGetPackageVersion=6.0.0
                                   PathInPackage=runtimes/win/lib/net6.0/System.Windows.Extensions.dll
                                   RuntimeIdentifier=win
20:48:35.495     1>Done building target "ResolveLockFileCopyLocalFiles" in project "StaffManagement.Infrastructure.csproj".: (TargetId:36)
                   Target "ResolveRuntimePackAssets" skipped, due to false condition; ('@(RuntimePack)' != '') was evaluated as ('' != '').
                   Target "RunProduceContentAssets" skipped, due to false condition; ('@(_ContentFilesToPreprocess)' != '' and '$(_CleaningWithoutRebuilding)' != 'true') was evaluated as ('' != '' and '' != 'true').
                   Target "ResolvePackageAssets" skipped. Previously built successfully.
20:48:35.495     1>Target "IncludeTransitiveProjectReferences: (TargetId:37)" in file "C:\Program Files\dotnet\sdk\8.0.403\Sdks\Microsoft.NET.Sdk\targets\Microsoft.PackageDependencyResolution.targets" from project "C:\Users\USER\OneDrive - Royal University of Phnom Penh\Desktop\Testing\StaffManagement\src\StaffManagement.Infrastructure\StaffManagement.Infrastructure.csproj" (target "ResolvePackageDependenciesForBuild" depends on it):
20:48:35.496     1>Done building target "IncludeTransitiveProjectReferences" in project "StaffManagement.Infrastructure.csproj".: (TargetId:37)
20:48:35.496     1>Target "ResolvePackageDependenciesForBuild: (TargetId:38)" in file "C:\Program Files\dotnet\sdk\8.0.403\Sdks\Microsoft.NET.Sdk\targets\Microsoft.PackageDependencyResolution.targets" from project "C:\Users\USER\OneDrive - Royal University of Phnom Penh\Desktop\Testing\StaffManagement\src\StaffManagement.Infrastructure\StaffManagement.Infrastructure.csproj" (target "AssignProjectConfiguration" depends on it):
20:48:35.496     1>Done building target "ResolvePackageDependenciesForBuild" in project "StaffManagement.Infrastructure.csproj".: (TargetId:38)
                   Target "_Microsoft_Extensions_OptionsAnalyzerMultiTargeting" skipped, due to false condition; ('$(SupportsRoslynComponentVersioning)' != 'true') was evaluated as ('true' != 'true').
                   Target "_Microsoft_Extensions_OptionsRemoveAnalyzers" skipped, due to false condition; ('$(DisableMicrosoftExtensionsOptionsSourceGenerator)' == 'true') was evaluated as ('' == 'true').
                   Target "_Microsoft_Extensions_Logging_AbstractionsAnalyzerMultiTargeting" skipped, due to false condition; ('$(SupportsRoslynComponentVersioning)' != 'true') was evaluated as ('true' != 'true').
                   Target "_Microsoft_Extensions_Logging_AbstractionsRemoveAnalyzers" skipped, due to false condition; ('$(DisableMicrosoftExtensionsLoggingSourceGenerator)' == 'true') was evaluated as ('' == 'true').
20:48:35.496     1>Target "AssignProjectConfiguration: (TargetId:39)" in file "C:\Program Files\dotnet\sdk\8.0.403\Microsoft.Common.CurrentVersion.targets" from project "C:\Users\USER\OneDrive - Royal University of Phnom Penh\Desktop\Testing\StaffManagement\src\StaffManagement.Infrastructure\StaffManagement.Infrastructure.csproj" (target "ResolveReferences" depends on it):
                   Set Property: OnlyReferenceAndBuildProjectsEnabledInSolutionConfiguration=true
                   Set Property: ShouldUnsetParentConfigurationAndPlatform=false
                   Set Property: AddSyntheticProjectReferencesForSolutionDependencies=true
                   Using "AssignProjectConfiguration" task from assembly "Microsoft.Build.Tasks.Core, Version=15.1.0.0, Culture=neutral, PublicKeyToken=b03f5f7f11d50a3a".
                   Task "AssignProjectConfiguration" (TaskId:23)
                     Task Parameter:OutputType=Library (TaskId:23)
                     Task Parameter:CurrentProjectPlatform=AnyCPU (TaskId:23)
                     Task Parameter:CurrentProjectConfiguration=Debug (TaskId:23)
                     Task Parameter:AddSyntheticProjectReferencesForSolutionDependencies=True (TaskId:23)
                     Task Parameter:ShouldUnsetParentConfigurationAndPlatform=False (TaskId:23)
                     Task Parameter:ResolveConfigurationPlatformUsingMappings=False (TaskId:23)
                     Task Parameter:OnlyReferenceAndBuildProjectsEnabledInSolutionConfiguration=True (TaskId:23)
                     Task Parameter:CurrentProject=C:\Users\USER\OneDrive - Royal University of Phnom Penh\Desktop\Testing\StaffManagement\src\StaffManagement.Infrastructure\StaffManagement.Infrastructure.csproj (TaskId:23)
                     Task Parameter:
                         ProjectReferences=
                             ..\StaffManagement.Application\StaffManagement.Application.csproj
                                     OutputItemType=
                                     ReferenceSourceTarget=ProjectReference
                                     Targets=
                             ..\StaffManagement.Domain\StaffManagement.Domain.csproj
                                     OutputItemType=
                                     ReferenceSourceTarget=ProjectReference
                                     Targets= (TaskId:23)
                     Project reference "..\StaffManagement.Application\StaffManagement.Application.csproj" has not been resolved. (TaskId:23)
                     Project reference "..\StaffManagement.Domain\StaffManagement.Domain.csproj" has not been resolved. (TaskId:23)
                     Output Item(s): 
                         _ProjectReferenceWithConfiguration=
                             ..\StaffManagement.Application\StaffManagement.Application.csproj
                                     OutputItemType=
                                     ReferenceSourceTarget=ProjectReference
                                     Targets=
                             ..\StaffManagement.Domain\StaffManagement.Domain.csproj
                                     OutputItemType=
                                     ReferenceSourceTarget=ProjectReference
                                     Targets= (TaskId:23)
                     Output Item(s): 
                         ProjectReferenceWithConfiguration=
                             ..\StaffManagement.Application\StaffManagement.Application.csproj
                                     OutputItemType=
                                     ReferenceSourceTarget=ProjectReference
                                     Targets=
                             ..\StaffManagement.Domain\StaffManagement.Domain.csproj
                                     OutputItemType=
                                     ReferenceSourceTarget=ProjectReference
                                     Targets= (TaskId:23)
                   Done executing task "AssignProjectConfiguration". (TaskId:23)
20:48:35.498     1>Done building target "AssignProjectConfiguration" in project "StaffManagement.Infrastructure.csproj".: (TargetId:39)
                   Target "AssignProjectConfiguration" skipped. Previously built successfully.
20:48:35.499     1>Target "_SplitProjectReferencesByFileExistence: (TargetId:40)" in file "C:\Program Files\dotnet\sdk\8.0.403\Microsoft.Common.CurrentVersion.targets" from project "C:\Users\USER\OneDrive - Royal University of Phnom Penh\Desktop\Testing\StaffManagement\src\StaffManagement.Infrastructure\StaffManagement.Infrastructure.csproj" (target "PrepareProjectReferences" depends on it):
                   Task "ResolveNonMSBuildProjectOutput" skipped, due to false condition; ('$(BuildingInsideVisualStudio)'=='true' and '@(ProjectReferenceWithConfiguration)'!='') was evaluated as (''=='true' and '..\StaffManagement.Application\StaffManagement.Application.csproj;..\StaffManagement.Domain\StaffManagement.Domain.csproj'!='').
                   Added Item(s): 
                       _MSBuildProjectReference=
                           ..\StaffManagement.Application\StaffManagement.Application.csproj
                                   BuildReference=true
                                   OutputItemType=
                                   ReferenceOutputAssembly=true
                                   ReferenceSourceTarget=ProjectReference
                                   Targets=
                           ..\StaffManagement.Domain\StaffManagement.Domain.csproj
                                   BuildReference=true
                                   OutputItemType=
                                   ReferenceOutputAssembly=true
                                   ReferenceSourceTarget=ProjectReference
                                   Targets=
                   Added Item(s): 
                       _MSBuildProjectReferenceExistent=
                           ..\StaffManagement.Application\StaffManagement.Application.csproj
                                   BuildReference=true
                                   OutputItemType=
                                   ReferenceOutputAssembly=true
                                   ReferenceSourceTarget=ProjectReference
                                   Targets=
                   Added Item(s): 
                       _MSBuildProjectReferenceExistent=
                           ..\StaffManagement.Domain\StaffManagement.Domain.csproj
                                   BuildReference=true
                                   OutputItemType=
                                   ReferenceOutputAssembly=true
                                   ReferenceSourceTarget=ProjectReference
                                   Targets=
20:48:35.499     1>Done building target "_SplitProjectReferencesByFileExistence" in project "StaffManagement.Infrastructure.csproj".: (TargetId:40)
20:48:35.499     1>Target "_AddOutputPathToGlobalPropertiesToRemove: (TargetId:41)" in file "C:\Program Files\dotnet\sdk\8.0.403\Microsoft.Common.CurrentVersion.targets" from project "C:\Users\USER\OneDrive - Royal University of Phnom Penh\Desktop\Testing\StaffManagement\src\StaffManagement.Infrastructure\StaffManagement.Infrastructure.csproj" (target "_GetProjectReferenceTargetFrameworkProperties" depends on it):
20:48:35.499     1>Done building target "_AddOutputPathToGlobalPropertiesToRemove" in project "StaffManagement.Infrastructure.csproj".: (TargetId:41)
20:48:35.499     1>Target "_GetProjectReferenceTargetFrameworkProperties: (TargetId:42)" in file "C:\Program Files\dotnet\sdk\8.0.403\Microsoft.Common.CurrentVersion.targets" from project "C:\Users\USER\OneDrive - Royal University of Phnom Penh\Desktop\Testing\StaffManagement\src\StaffManagement.Infrastructure\StaffManagement.Infrastructure.csproj" (target "PrepareProjectReferences" depends on it):
                   Set Property: ReferringTargetFrameworkForProjectReferences=.NETCoreApp,Version=v8.0
                   Using "MSBuild" task from assembly "Microsoft.Build.Tasks.Core, Version=15.1.0.0, Culture=neutral, PublicKeyToken=b03f5f7f11d50a3a".
                   Task "MSBuild" (TaskId:24)
                     Task Parameter:
                         Projects=
                             ..\StaffManagement.Application\StaffManagement.Application.csproj
                                     BuildReference=true
                                     OutputItemType=
                                     ReferenceOutputAssembly=true
                                     ReferenceSourceTarget=ProjectReference
                                     Targets=
                             ..\StaffManagement.Domain\StaffManagement.Domain.csproj
                                     BuildReference=true
                                     OutputItemType=
                                     ReferenceOutputAssembly=true
                                     ReferenceSourceTarget=ProjectReference
                                     Targets= (TaskId:24)
                     Task Parameter:RemoveProperties=;TargetFramework;RuntimeIdentifier;SelfContained; (TaskId:24)
                     Task Parameter:SkipNonexistentTargets=True (TaskId:24)
                     Task Parameter:BuildInParallel=True (TaskId:24)
                     Task Parameter:Targets=GetTargetFrameworks (TaskId:24)
                     Removing Properties: (TaskId:24)
                       TargetFramework (TaskId:24)
                       RuntimeIdentifier (TaskId:24)
                       SelfContained (TaskId:24)
20:48:35.507     0>Property 'MSBuildExtensionsPath' with value 'C:\Program Files\dotnet\sdk\8.0.403\' expanded from the environment.
                   Property reassignment: $(MSBuildProjectExtensionsPath)="C:\Users\USER\OneDrive - Royal University of Phnom Penh\Desktop\Testing\StaffManagement\src\StaffManagement.Application\obj\" (previous value: "obj\") at C:\Program Files\dotnet\sdk\8.0.403\Current\Microsoft.Common.props (60,5)
                   Property 'USERPROFILE' with value 'C:\Users\USER' expanded from the environment.
                   Property 'MSBuildUserExtensionsPath' with value 'C:\Users\USER\AppData\Local\Microsoft\MSBuild' expanded from the environment.
                   Property reassignment: $(AssemblySearchPaths)="{CandidateAssemblyFiles};{HintPathFromItem}" (previous value: "{CandidateAssemblyFiles}") at C:\Program Files\dotnet\sdk\8.0.403\Sdks\Microsoft.NET.Sdk\targets\Microsoft.NET.Sdk.props (91,5)
                   Property reassignment: $(AssemblySearchPaths)="{CandidateAssemblyFiles};{HintPathFromItem};{TargetFrameworkDirectory}" (previous value: "{CandidateAssemblyFiles};{HintPathFromItem}") at C:\Program Files\dotnet\sdk\8.0.403\Sdks\Microsoft.NET.Sdk\targets\Microsoft.NET.Sdk.props (92,5)
                   Property reassignment: $(AssemblySearchPaths)="{CandidateAssemblyFiles};{HintPathFromItem};{TargetFrameworkDirectory};{RawFileName}" (previous value: "{CandidateAssemblyFiles};{HintPathFromItem};{TargetFrameworkDirectory}") at C:\Program Files\dotnet\sdk\8.0.403\Sdks\Microsoft.NET.Sdk\targets\Microsoft.NET.Sdk.props (93,5)
                   Property reassignment: $(TargetsForTfmSpecificContentInPackage)=";PackTool;_PackProjectToolValidation" (previous value: ";PackTool") at C:\Program Files\dotnet\sdk\8.0.403\Sdks\Microsoft.NET.Sdk\targets\Microsoft.NET.PackProjectTool.props (15,5)
                   Property reassignment: $(PublishProfileImported)="false" (previous value: "true") at C:\Program Files\dotnet\sdk\8.0.403\Sdks\Microsoft.NET.Sdk\targets\Microsoft.NET.Sdk.ImportPublishProfile.targets (28,5)
                   Property reassignment: $(TargetPlatformVersion)="" (previous value: "0.0") at C:\Program Files\dotnet\sdk\8.0.403\Sdks\Microsoft.NET.Sdk\targets\Microsoft.NET.TargetFrameworkInference.targets (69,5)
                   Property reassignment: $(DefaultItemExcludes)=";bin\Debug\/**;obj\Debug\/**" (previous value: ";bin\Debug\/**") at C:\Program Files\dotnet\sdk\8.0.403\Sdks\Microsoft.NET.Sdk\targets\Microsoft.NET.DefaultOutputPaths.targets (122,5)
                   Property reassignment: $(OutputPath)="bin\Debug\net8.0\" (previous value: "bin\Debug\") at C:\Program Files\dotnet\sdk\8.0.403\Sdks\Microsoft.NET.Sdk\targets\Microsoft.NET.DefaultOutputPaths.targets (137,5)
                   Property reassignment: $(IntermediateOutputPath)="obj\Debug\net8.0\" (previous value: "obj\Debug\") at C:\Program Files\dotnet\sdk\8.0.403\Sdks\Microsoft.NET.Sdk\targets\Microsoft.NET.DefaultOutputPaths.targets (142,5)
                   Property reassignment: $(_FrameworkIdentifierForImplicitDefine)="NET" (previous value: "NETCOREAPP") at C:\Program Files\dotnet\sdk\8.0.403\Sdks\Microsoft.NET.Sdk\targets\Microsoft.NET.Sdk.BeforeCommon.targets (187,5)
                   Property reassignment: $(_FrameworkVersionForImplicitDefine)="8_0" (previous value: "8.0") at C:\Program Files\dotnet\sdk\8.0.403\Sdks\Microsoft.NET.Sdk\targets\Microsoft.NET.Sdk.BeforeCommon.targets (192,5)
                   Property reassignment: $(CommandLineArgsForDesignTimeEvaluation)="-langversion:12.0 -define:TRACE" (previous value: "-langversion:12.0") at C:\Program Files\dotnet\sdk\8.0.403\Roslyn\Microsoft.CSharp.Core.targets (200,5)
                   Property reassignment: $(_DebugSymbolsProduced)="true" (previous value: "false") at C:\Program Files\dotnet\sdk\8.0.403\Microsoft.Common.CurrentVersion.targets (175,5)
                   Property reassignment: $(_DocumentationFileProduced)="false" (previous value: "true") at C:\Program Files\dotnet\sdk\8.0.403\Microsoft.Common.CurrentVersion.targets (185,5)
                   Property reassignment: $(MSBuildCopyMarkerName)="StaffMan.A3D8238D" (previous value: "StaffManagement.Application.csproj") at C:\Program Files\dotnet\sdk\8.0.403\Microsoft.Common.CurrentVersion.targets (392,5)
                   Property reassignment: $(MSBuildCopyMarkerName)="StaffMan.A3D8238D.Up2Date" (previous value: "StaffMan.A3D8238D") at C:\Program Files\dotnet\sdk\8.0.403\Microsoft.Common.CurrentVersion.targets (393,5)
                   Property reassignment: $(ProcessorArchitecture)="msil" (previous value: "") at C:\Program Files\dotnet\sdk\8.0.403\Microsoft.Common.CurrentVersion.targets (541,5)
                   Property reassignment: $(DelaySign)="" (previous value: "false") at C:\Program Files\dotnet\sdk\8.0.403\Microsoft.Common.CurrentVersion.targets (580,5)
                   Property 'LOCALAPPDATA' with value 'C:\Users\USER\AppData\Local' expanded from the environment.
                   Property reassignment: $(_SGenGenerateSerializationAssembliesConfig)="Auto" (previous value: "") at C:\Program Files\dotnet\sdk\8.0.403\Microsoft.Common.CurrentVersion.targets (3896,5)
                   Property reassignment: $(_SGenGenerateSerializationAssembliesConfig)="Off" (previous value: "Auto") at C:\Program Files\dotnet\sdk\8.0.403\Microsoft.Common.CurrentVersion.targets (3897,5)
                   Property reassignment: $(_TargetsThatPrepareProjectReferences)="
                         AssignProjectConfiguration;
                         _SplitProjectReferencesByFileExistence
                       " (previous value: "_SplitProjectReferencesByFileExistence") at C:\Program Files\dotnet\sdk\8.0.403\Microsoft.Common.CurrentVersion.targets (5099,5)
                   Property 'MSBuildExtensionsPath32' with value 'C:\Program Files\dotnet\sdk\8.0.403' expanded from the environment.
                   Property reassignment: $(ProjectAssetsCacheFile)="C:\Users\USER\OneDrive - Royal University of Phnom Penh\Desktop\Testing\StaffManagement\src\StaffManagement.Application\obj\Debug\net8.0\StaffManagement.Application.assets.cache" (previous value: "obj\Debug\net8.0\StaffManagement.Application.assets.cache") at C:\Program Files\dotnet\sdk\8.0.403\Sdks\Microsoft.NET.Sdk\targets\Microsoft.PackageDependencyResolution.targets (29,5)
                   Property reassignment: $(ResolveAssemblyReferencesDependsOn)="
                         
                         ResolveProjectReferences;
                         FindInvalidProjectReferences;
                         GetFrameworkPaths;
                         GetReferenceAssemblyPaths;
                         PrepareForBuild;
                         ResolveSDKReferences;
                         ExpandSDKReferences;
                       ;
                         ResolvePackageDependenciesForBuild;
                         _HandlePackageFileConflicts;
                       " (previous value: "
                         ResolveProjectReferences;
                         FindInvalidProjectReferences;
                         GetFrameworkPaths;
                         GetReferenceAssemblyPaths;
                         PrepareForBuild;
                         ResolveSDKReferences;
                         ExpandSDKReferences;
                       ") at C:\Program Files\dotnet\sdk\8.0.403\Sdks\Microsoft.NET.Sdk\targets\Microsoft.PackageDependencyResolution.targets (80,5)
                   Property reassignment: $(PrepareResourcesDependsOn)="
                         ResolvePackageDependenciesForBuild;
                         _HandlePackageFileConflicts;
                         
                         ;
                         PrepareResourceNames;
                         ResGen;
                         CompileLicxFiles
                       
                       " (previous value: "
                         ;
                         PrepareResourceNames;
                         ResGen;
                         CompileLicxFiles
                       ") at C:\Program Files\dotnet\sdk\8.0.403\Sdks\Microsoft.NET.Sdk\targets\Microsoft.PackageDependencyResolution.targets (86,5)
                   Property reassignment: $(DefaultItemExcludes)=";bin\Debug\/**;obj\Debug\/**;bin\/**" (previous value: ";bin\Debug\/**;obj\Debug\/**") at C:\Program Files\dotnet\sdk\8.0.403\Sdks\Microsoft.NET.Sdk\targets\Microsoft.NET.Sdk.DefaultItems.targets (27,5)
                   Property reassignment: $(DefaultItemExcludes)=";bin\Debug\/**;obj\Debug\/**;bin\/**;obj\/**" (previous value: ";bin\Debug\/**;obj\Debug\/**;bin\/**") at C:\Program Files\dotnet\sdk\8.0.403\Sdks\Microsoft.NET.Sdk\targets\Microsoft.NET.Sdk.DefaultItems.targets (29,5)
                   Property reassignment: $(DefaultItemExcludes)=";bin\Debug\/**;obj\Debug\/**;bin\/**;obj\/**;**/*.user" (previous value: ";bin\Debug\/**;obj\Debug\/**;bin\/**;obj\/**") at C:\Program Files\dotnet\sdk\8.0.403\Sdks\Microsoft.NET.Sdk\targets\Microsoft.NET.Sdk.DefaultItems.targets (32,5)
                   Property reassignment: $(DefaultItemExcludes)=";bin\Debug\/**;obj\Debug\/**;bin\/**;obj\/**;**/*.user;**/*.*proj" (previous value: ";bin\Debug\/**;obj\Debug\/**;bin\/**;obj\/**;**/*.user") at C:\Program Files\dotnet\sdk\8.0.403\Sdks\Microsoft.NET.Sdk\targets\Microsoft.NET.Sdk.DefaultItems.targets (33,5)
                   Property reassignment: $(DefaultItemExcludes)=";bin\Debug\/**;obj\Debug\/**;bin\/**;obj\/**;**/*.user;**/*.*proj;**/*.sln" (previous value: ";bin\Debug\/**;obj\Debug\/**;bin\/**;obj\/**;**/*.user;**/*.*proj") at C:\Program Files\dotnet\sdk\8.0.403\Sdks\Microsoft.NET.Sdk\targets\Microsoft.NET.Sdk.DefaultItems.targets (34,5)
                   Property reassignment: $(DefaultItemExcludes)=";bin\Debug\/**;obj\Debug\/**;bin\/**;obj\/**;**/*.user;**/*.*proj;**/*.sln;**/*.vssscc" (previous value: ";bin\Debug\/**;obj\Debug\/**;bin\/**;obj\/**;**/*.user;**/*.*proj;**/*.sln") at C:\Program Files\dotnet\sdk\8.0.403\Sdks\Microsoft.NET.Sdk\targets\Microsoft.NET.Sdk.DefaultItems.targets (35,5)
                   Assembly loaded during Evaluation: System.IO.Pipes, Version=8.0.0.0, Culture=neutral, PublicKeyToken=b03f5f7f11d50a3a (location: C:\Program Files\dotnet\shared\Microsoft.NETCore.App\8.0.10\System.IO.Pipes.dll, MVID: bdc08487-43c1-4bbe-b4d6-2bcc0ab6a62c, AssemblyLoadContext: Default)
                   Property reassignment: $(DefaultItemExcludes)=";bin\Debug\/**;obj\Debug\/**;bin\/**;obj\/**;**/*.user;**/*.*proj;**/*.sln;**/*.vssscc;**/.DS_Store" (previous value: ";bin\Debug\/**;obj\Debug\/**;bin\/**;obj\/**;**/*.user;**/*.*proj;**/*.sln;**/*.vssscc") at C:\Program Files\dotnet\sdk\8.0.403\Sdks\Microsoft.NET.Sdk\targets\Microsoft.NET.Sdk.DefaultItems.targets (36,5)
                   Property reassignment: $(ResolveAssemblyReferencesDependsOn)="
                         
                         
                         ResolveProjectReferences;
                         FindInvalidProjectReferences;
                         GetFrameworkPaths;
                         GetReferenceAssemblyPaths;
                         PrepareForBuild;
                         ResolveSDKReferences;
                         ExpandSDKReferences;
                       ;
                         ResolvePackageDependenciesForBuild;
                         _HandlePackageFileConflicts;
                       ;
                         ResolveTargetingPackAssets;
                       " (previous value: "
                         
                         ResolveProjectReferences;
                         FindInvalidProjectReferences;
                         GetFrameworkPaths;
                         GetReferenceAssemblyPaths;
                         PrepareForBuild;
                         ResolveSDKReferences;
                         ExpandSDKReferences;
                       ;
                         ResolvePackageDependenciesForBuild;
                         _HandlePackageFileConflicts;
                       ") at C:\Program Files\dotnet\sdk\8.0.403\Sdks\Microsoft.NET.Sdk\targets\Microsoft.NET.Sdk.FrameworkReferenceResolution.targets (14,5)
                   Property reassignment: $(_GenerateRuntimeConfigurationPropertyInputsCache)="C:\Users\USER\OneDrive - Royal University of Phnom Penh\Desktop\Testing\StaffManagement\src\StaffManagement.Application\obj\Debug\net8.0\StaffManagement.Application.genruntimeconfig.cache" (previous value: "obj\Debug\net8.0\StaffManagement.Application.genruntimeconfig.cache") at C:\Program Files\dotnet\sdk\8.0.403\Sdks\Microsoft.NET.Sdk\targets\Microsoft.NET.Sdk.targets (44,5)
                   Property reassignment: $(_GeneratePublishDependencyFilePropertyInputsCache)="C:\Users\USER\OneDrive - Royal University of Phnom Penh\Desktop\Testing\StaffManagement\src\StaffManagement.Application\obj\Debug\net8.0\StaffManagement.Application.genpublishdeps.cache" (previous value: "obj\Debug\net8.0\StaffManagement.Application.genpublishdeps.cache") at C:\Program Files\dotnet\sdk\8.0.403\Sdks\Microsoft.NET.Sdk\targets\Microsoft.NET.Sdk.targets (46,5)
                   Property reassignment: $(_GenerateSingleFileBundlePropertyInputsCache)="C:\Users\USER\OneDrive - Royal University of Phnom Penh\Desktop\Testing\StaffManagement\src\StaffManagement.Application\obj\Debug\net8.0\StaffManagement.Application.genbundle.cache" (previous value: "obj\Debug\net8.0\StaffManagement.Application.genbundle.cache") at C:\Program Files\dotnet\sdk\8.0.403\Sdks\Microsoft.NET.Sdk\targets\Microsoft.NET.Sdk.targets (48,5)
                   Property reassignment: $(GenerateRuntimeConfigDevFile)="false" (previous value: "true") at C:\Program Files\dotnet\sdk\8.0.403\Sdks\Microsoft.NET.Sdk\targets\Microsoft.NET.Sdk.targets (81,5)
                   Property reassignment: $(_DefaultUserProfileRuntimeStorePath)="C:\Users\USER" (previous value: "") at C:\Program Files\dotnet\sdk\8.0.403\Sdks\Microsoft.NET.Sdk\targets\Microsoft.NET.Sdk.targets (97,5)
                   Property reassignment: $(_DefaultUserProfileRuntimeStorePath)="C:\Users\USER\.dotnet\store" (previous value: "C:\Users\USER") at C:\Program Files\dotnet\sdk\8.0.403\Sdks\Microsoft.NET.Sdk\targets\Microsoft.NET.Sdk.targets (98,5)
                   Property reassignment: $(AvailablePlatforms)="Any CPU,x86,x64,ARM32" (previous value: "Any CPU,x86,x64") at C:\Program Files\dotnet\sdk\8.0.403\Sdks\Microsoft.NET.Sdk\targets\Microsoft.NET.Sdk.targets (136,5)
                   Property reassignment: $(AvailablePlatforms)="Any CPU,x86,x64,ARM32,ARM64" (previous value: "Any CPU,x86,x64,ARM32") at C:\Program Files\dotnet\sdk\8.0.403\Sdks\Microsoft.NET.Sdk\targets\Microsoft.NET.Sdk.targets (140,5)
                   Property reassignment: $(CoreBuildDependsOn)="
                         _CheckForBuildWithNoBuild;
                         
                         BuildOnlySettings;
                         PrepareForBuild;
                         PreBuildEvent;
                         ResolveReferences;
                         PrepareResources;
                         ResolveKeySource;
                         Compile;
                         ExportWindowsMDFile;
                         UnmanagedUnregistration;
                         GenerateSerializationAssemblies;
                         CreateSatelliteAssemblies;
                         GenerateManifests;
                         GetTargetPath;
                         PrepareForRun;
                         UnmanagedRegistration;
                         IncrementalClean;
                         PostBuildEvent
                       ;
                         GenerateBuildDependencyFile;
                         GenerateBuildRuntimeConfigurationFiles
                       " (previous value: "
                         BuildOnlySettings;
                         PrepareForBuild;
                         PreBuildEvent;
                         ResolveReferences;
                         PrepareResources;
                         ResolveKeySource;
                         Compile;
                         ExportWindowsMDFile;
                         UnmanagedUnregistration;
                         GenerateSerializationAssemblies;
                         CreateSatelliteAssemblies;
                         GenerateManifests;
                         GetTargetPath;
                         PrepareForRun;
                         UnmanagedRegistration;
                         IncrementalClean;
                         PostBuildEvent
                       ") at C:\Program Files\dotnet\sdk\8.0.403\Sdks\Microsoft.NET.Sdk\targets\Microsoft.NET.Sdk.targets (197,5)
                   Property reassignment: $(CoreCleanDependsOn)="
                         _SdkBeforeClean;
                         
                       " (previous value: "") at C:\Program Files\dotnet\sdk\8.0.403\Sdks\Microsoft.NET.Sdk\targets\Microsoft.NET.Sdk.targets (206,5)
                   Property reassignment: $(RebuildDependsOn)="
                         _SdkBeforeRebuild;
                         
                         BeforeRebuild;
                         Clean;
                         Build;
                         AfterRebuild;
                       
                       " (previous value: "
                         BeforeRebuild;
                         Clean;
                         Build;
                         AfterRebuild;
                       ") at C:\Program Files\dotnet\sdk\8.0.403\Sdks\Microsoft.NET.Sdk\targets\Microsoft.NET.Sdk.targets (213,5)
                   Property reassignment: $(CompileDependsOn)="
                         
                         ResolveReferences;
                         ResolveKeySource;
                         SetWin32ManifestProperties;
                         _SetPreferNativeArm64Win32ManifestProperties;
                         FindReferenceAssembliesForReferences;
                         _GenerateCompileInputs;
                         BeforeCompile;
                         _TimeStampBeforeCompile;
                         _GenerateCompileDependencyCache;
                         CoreCompile;
                         _TimeStampAfterCompile;
                         AfterCompile;
                       ;
                         _CreateAppHost;
                         _CreateComHost;
                         _GetIjwHostPaths;
                       " (previous value: "
                         ResolveReferences;
                         ResolveKeySource;
                         SetWin32ManifestProperties;
                         _SetPreferNativeArm64Win32ManifestProperties;
                         FindReferenceAssembliesForReferences;
                         _GenerateCompileInputs;
                         BeforeCompile;
                         _TimeStampBeforeCompile;
                         _GenerateCompileDependencyCache;
                         CoreCompile;
                         _TimeStampAfterCompile;
                         AfterCompile;
                       ") at C:\Program Files\dotnet\sdk\8.0.403\Sdks\Microsoft.NET.Sdk\targets\Microsoft.NET.Sdk.targets (679,5)
                   Property reassignment: $(CreateSatelliteAssembliesDependsOn)="
                         
                         ;
                         _GenerateSatelliteAssemblyInputs;
                         ComputeIntermediateSatelliteAssemblies;
                         GenerateSatelliteAssemblies
                       ;
                         CoreGenerateSatelliteAssemblies
                       " (previous value: "
                         ;
                         _GenerateSatelliteAssemblyInputs;
                         ComputeIntermediateSatelliteAssemblies;
                         GenerateSatelliteAssemblies
                       ") at C:\Program Files\dotnet\sdk\8.0.403\Sdks\Microsoft.NET.Sdk\targets\Microsoft.NET.Sdk.targets (1065,5)
                   Property reassignment: $(SourceLinkUrlInitializerTargets)=";_InitializeGitHubSourceLinkUrl;_InitializeGitLabSourceLinkUrl" (previous value: ";_InitializeGitHubSourceLinkUrl") at C:\Program Files\dotnet\sdk\8.0.403\Sdks\Microsoft.SourceLink.GitLab\build\Microsoft.SourceLink.GitLab.targets (12,5)
                   Property reassignment: $(SourceControlManagerUrlTranslationTargets)=";TranslateGitHubUrlsInSourceControlInformation;TranslateGitLabUrlsInSourceControlInformation" (previous value: ";TranslateGitHubUrlsInSourceControlInformation") at C:\Program Files\dotnet\sdk\8.0.403\Sdks\Microsoft.SourceLink.GitLab\build\Microsoft.SourceLink.GitLab.targets (13,5)
                   Property reassignment: $(SourceLinkUrlInitializerTargets)=";_InitializeGitHubSourceLinkUrl;_InitializeGitLabSourceLinkUrl;_InitializeAzureReposGitSourceLinkUrl" (previous value: ";_InitializeGitHubSourceLinkUrl;_InitializeGitLabSourceLinkUrl") at C:\Program Files\dotnet\sdk\8.0.403\Sdks\Microsoft.SourceLink.AzureRepos.Git\build\Microsoft.SourceLink.AzureRepos.Git.targets (12,5)
                   Property reassignment: $(SourceControlManagerUrlTranslationTargets)=";TranslateGitHubUrlsInSourceControlInformation;TranslateGitLabUrlsInSourceControlInformation;TranslateAzureReposGitUrlsInSourceControlInformation" (previous value: ";TranslateGitHubUrlsInSourceControlInformation;TranslateGitLabUrlsInSourceControlInformation") at C:\Program Files\dotnet\sdk\8.0.403\Sdks\Microsoft.SourceLink.AzureRepos.Git\build\Microsoft.SourceLink.AzureRepos.Git.targets (13,5)
                   Property reassignment: $(SourceLinkUrlInitializerTargets)=";_InitializeGitHubSourceLinkUrl;_InitializeGitLabSourceLinkUrl;_InitializeAzureReposGitSourceLinkUrl;_InitializeBitbucketGitSourceLinkUrl" (previous value: ";_InitializeGitHubSourceLinkUrl;_InitializeGitLabSourceLinkUrl;_InitializeAzureReposGitSourceLinkUrl") at C:\Program Files\dotnet\sdk\8.0.403\Sdks\Microsoft.SourceLink.Bitbucket.Git\build\Microsoft.SourceLink.Bitbucket.Git.targets (12,5)
                   Property reassignment: $(SourceControlManagerUrlTranslationTargets)=";TranslateGitHubUrlsInSourceControlInformation;TranslateGitLabUrlsInSourceControlInformation;TranslateAzureReposGitUrlsInSourceControlInformation;TranslateBitbucketGitUrlsInSourceControlInformation" (previous value: ";TranslateGitHubUrlsInSourceControlInformation;TranslateGitLabUrlsInSourceControlInformation;TranslateAzureReposGitUrlsInSourceControlInformation") at C:\Program Files\dotnet\sdk\8.0.403\Sdks\Microsoft.SourceLink.Bitbucket.Git\build\Microsoft.SourceLink.Bitbucket.Git.targets (13,5)
                   Property reassignment: $(DesignerRuntimeImplementationProjectOutputGroupDependsOn)="
                         
                         ;
                         
                         ;
                         BuildOnlySettings;
                         PrepareForBuild;
                         AssignTargetPaths;
                         ResolveReferences
                       
                       ;
                         _GenerateDesignerDepsFile;
                         _GenerateDesignerRuntimeConfigFile;
                         GetCopyToOutputDirectoryItems;
                         _GatherDesignerShadowCopyFiles;
                       " (previous value: "
                         ;
                         
                         ;
                         BuildOnlySettings;
                         PrepareForBuild;
                         AssignTargetPaths;
                         ResolveReferences
                       
                       ") at C:\Program Files\dotnet\sdk\8.0.403\Sdks\Microsoft.NET.Sdk\targets\Microsoft.NET.DesignerSupport.targets (21,5)
                   Property reassignment: $(_GenerateToolsSettingsFileCacheFile)="C:\Users\USER\OneDrive - Royal University of Phnom Penh\Desktop\Testing\StaffManagement\src\StaffManagement.Application\obj\Debug\net8.0\StaffManagement.Application.toolssettingsinput.cache" (previous value: "obj\Debug\net8.0\StaffManagement.Application.toolssettingsinput.cache") at C:\Program Files\dotnet\sdk\8.0.403\Sdks\Microsoft.NET.Sdk\targets\Microsoft.NET.PackTool.targets (68,5)
                   Property reassignment: $(_ShimInputCacheFile)="C:\Users\USER\OneDrive - Royal University of Phnom Penh\Desktop\Testing\StaffManagement\src\StaffManagement.Application\obj\Debug\net8.0\StaffManagement.Application.shiminput.cache" (previous value: "obj\Debug\net8.0\StaffManagement.Application.shiminput.cache") at C:\Program Files\dotnet\sdk\8.0.403\Sdks\Microsoft.NET.Sdk\targets\Microsoft.NET.PackTool.targets (137,5)
                   Property reassignment: $(_ShimCreatedSentinelFile)="C:\Users\USER\OneDrive - Royal University of Phnom Penh\Desktop\Testing\StaffManagement\src\StaffManagement.Application\obj\Debug\net8.0\StaffManagement.Application.shimcreated.sentinel" (previous value: "obj\Debug\net8.0\StaffManagement.Application.shimcreated.sentinel") at C:\Program Files\dotnet\sdk\8.0.403\Sdks\Microsoft.NET.Sdk\targets\Microsoft.NET.PackTool.targets (139,5)
                   Property reassignment: $(DefineConstants)="TRACE;DEBUG" (previous value: "TRACE") at C:\Program Files\dotnet\sdk\8.0.403\Sdks\Microsoft.NET.Sdk\targets\Microsoft.NET.Sdk.CSharp.targets (31,5)
                   Property reassignment: $(DefineConstants)="TRACE;DEBUG;NET;NET8_0;NETCOREAPP" (previous value: "TRACE;DEBUG") at C:\Program Files\dotnet\sdk\8.0.403\Sdks\Microsoft.NET.Sdk\targets\Microsoft.NET.Sdk.CSharp.targets (34,5)
                   Property reassignment: $(WarningsAsErrors)=";NU1605;SYSLIB0011" (previous value: ";NU1605") at C:\Program Files\dotnet\sdk\8.0.403\Sdks\Microsoft.NET.Sdk\targets\Microsoft.NET.Sdk.CSharp.targets (48,5)
                   Property reassignment: $(PackageDescription)="Package Description" (previous value: "") at C:\Program Files\dotnet\sdk\8.0.403\Sdks\NuGet.Build.Tasks.Pack\build\NuGet.Build.Tasks.Pack.targets (34,5)
                   Property reassignment: $(GenerateNuspecDependsOn)="Build;_LoadPackInputItems; _GetTargetFrameworksOutput; _WalkEachTargetPerFramework; _GetPackageFiles; " (previous value: "_LoadPackInputItems; _GetTargetFrameworksOutput; _WalkEachTargetPerFramework; _GetPackageFiles; ") at C:\Program Files\dotnet\sdk\8.0.403\Sdks\NuGet.Build.Tasks.Pack\build\NuGet.Build.Tasks.Pack.targets (59,5)
                   Property reassignment: $(_IsSDKContainerAllowedVersion)="true" (previous value: "false") at C:\Program Files\dotnet\sdk\8.0.403\Containers\build\Microsoft.NET.Build.Containers.targets (5,5)
                   Property reassignment: $(_ContainerIsTargetingNet8TFM)="true" (previous value: "false") at C:\Program Files\dotnet\sdk\8.0.403\Containers\build\Microsoft.NET.Build.Containers.targets (15,5)
                   Overriding target "ResolveFrameworkReferences" in project "C:\Program Files\dotnet\sdk\8.0.403\Microsoft.Common.CurrentVersion.targets" with target "ResolveFrameworkReferences" from project "C:\Program Files\dotnet\sdk\8.0.403\Sdks\Microsoft.NET.Sdk\targets\Microsoft.NET.Sdk.FrameworkReferenceResolution.targets".
                   Overriding target "Run" in project "C:\Program Files\dotnet\sdk\8.0.403\Microsoft.Common.CurrentVersion.targets" with target "Run" from project "C:\Program Files\dotnet\sdk\8.0.403\Sdks\Microsoft.NET.Sdk\targets\Microsoft.NET.Sdk.targets".
                   Overriding target "GenerateSupportedTargetFrameworkAlias" in project "C:\Program Files\dotnet\sdk\8.0.403\Microsoft.Common.CurrentVersion.targets" with target "GenerateSupportedTargetFrameworkAlias" from project "C:\Program Files\dotnet\sdk\8.0.403\Sdks\Microsoft.NET.Sdk\targets\Microsoft.NET.Sdk.targets".
                   Overriding target "GetReferenceAssemblyPaths" in project "C:\Program Files\dotnet\sdk\8.0.403\Microsoft.Common.CurrentVersion.targets" with target "GetReferenceAssemblyPaths" from project "C:\Program Files\dotnet\sdk\8.0.403\Sdks\Microsoft.NET.Sdk\targets\Microsoft.NET.DisableStandardFrameworkResolution.targets".
                   Overriding target "GetFrameworkPaths" in project "C:\Program Files\dotnet\sdk\8.0.403\Microsoft.Common.CurrentVersion.targets" with target "GetFrameworkPaths" from project "C:\Program Files\dotnet\sdk\8.0.403\Sdks\Microsoft.NET.Sdk\targets\Microsoft.NET.DisableStandardFrameworkResolution.targets".
                   Overriding target "DesignerRuntimeImplementationProjectOutputGroup" in project "C:\Program Files\dotnet\sdk\8.0.403\Microsoft.Common.CurrentVersion.targets" with target "DesignerRuntimeImplementationProjectOutputGroup" from project "C:\Program Files\dotnet\sdk\8.0.403\Sdks\Microsoft.NET.Sdk\targets\Microsoft.NET.DesignerSupport.targets".
                   Overriding target "Publish" in project "C:\Program Files\dotnet\sdk\8.0.403\Microsoft.Common.CurrentVersion.targets" with target "Publish" from project "C:\Program Files\dotnet\sdk\8.0.403\Sdks\Microsoft.NET.Sdk\targets\Microsoft.NET.Publish.targets".
                   Overriding target "ResolveReadyToRunCompilers" in project "C:\Program Files\dotnet\sdk\8.0.403\Sdks\Microsoft.NET.Sdk\targets\Microsoft.NET.CrossGen.targets" with target "ResolveReadyToRunCompilers" from project "C:\Program Files\dotnet\sdk\8.0.403\Sdks\Microsoft.NET.Sdk\targets\Microsoft.NET.Publish.targets".
                   Overriding target "GetCopyToPublishDirectoryItems" in project "C:\Program Files\dotnet\sdk\8.0.403\Microsoft.Common.CurrentVersion.targets" with target "GetCopyToPublishDirectoryItems" from project "C:\Program Files\dotnet\sdk\8.0.403\Sdks\Microsoft.NET.Sdk\targets\Microsoft.NET.Publish.targets".
20:48:35.533     0>Initial Properties:
                   __DisableWorkloadResolverSentinelPath = C:\Program Files\dotnet\sdk\8.0.403\DisableWorkloadResolver.sentinel
                   __WindowsAppSdkDefaultImageIncludes = **/*.png;**/*.bmp;**/*.jpg;**/*.dds;**/*.tif;**/*.tga;**/*.gif
                   _AfterSdkPublishDependsOn = Publish
                   _BeforePublishNoBuildTargets = 
                         BuildOnlySettings;
                         _PreventProjectReferencesFromBuilding;
                         ResolveReferences;
                         PrepareResourceNames;
                         ComputeIntermediateSatelliteAssemblies;
                         ComputeEmbeddedApphostPaths;
                       
                   _BinaryFormatterObsoleteAsError = true
                   _ContainerIsSelfContained = false
                   _ContainerIsTargetingNet8TFM = true
                   _ContainersTargetsDir = C:\Program Files\dotnet\sdk\8.0.403\Sdks\Microsoft.NET.Sdk\Sdk\..\..\..\Containers\build\
                   _CorePublishTargets = 
                         PrepareForPublish;
                         ComputeAndCopyFilesToPublishDirectory;
                         ;
                         PublishItemsOutputGroup;
                       
                   _DebugSymbolsProduced = true
                   _DefaultArtifactsPathPropsImported = true
                   _DefaultUserProfileRuntimeStorePath = C:\Users\USER\.dotnet\store
                   _DeploymentApplicationManifestIdentity = Native.StaffManagement.Application
                   _DeploymentBuiltUpdateInterval = 0
                   _DeploymentBuiltUpdateIntervalUnits = Days
                   _DeploymentDeployManifestIdentity = StaffManagement.Application.application
                   _DeploymentFileMappingExtension = 
                   _DeploymentLauncherBased = true
                   _DeploymentTargetApplicationManifestFileName = Native.StaffManagement.Application.manifest
                   _DeploymentUrl = 
                   _DesignerDepsFileName = StaffManagement.Application.designer.deps.json
                   _DesignerDepsFilePath = obj\Debug\net8.0\StaffManagement.Application.designer.deps.json
                   _DesignerRuntimeConfigFileName = StaffManagement.Application.designer.runtimeconfig.json
                   _DesignerRuntimeConfigFilePath = obj\Debug\net8.0\StaffManagement.Application.designer.runtimeconfig.json
                   _DirectoryBuildPropsBasePath = 
                   _DirectoryBuildPropsFile = Directory.Build.props
                   _DirectoryBuildTargetsBasePath = 
                   _DirectoryBuildTargetsFile = Directory.Build.targets
                   _DirectoryPackagesPropsBasePath = 
                   _DirectoryPackagesPropsFile = Directory.Packages.props
                   _DocumentationFileProduced = false
                   _DotNetAppHostExecutableName = apphost
                   _DotNetAppHostExecutableNameWithoutExtension = apphost
                   _DotNetComHostLibraryName = comhost
                   _DotNetComHostLibraryNameWithoutExtension = comhost
                   _DotNetHostExecutableName = dotnet
                   _DotNetHostFxrLibraryName = libhostfxr.so
                   _DotNetHostPolicyLibraryName = libhostpolicy.so
                   _DotNetIjwHostLibraryName = Ijwhost
                   _DotNetIjwHostLibraryNameWithoutExtension = Ijwhost
                   _DotNetSingleFileHostExecutableNameWithoutExtension = singlefilehost
                   _EnableDefaultWindowsPlatform = false
                   _FrameworkIdentifierForImplicitDefine = NET
                   _FrameworkVersionForImplicitDefine = 8_0
                   _GenerateBindingRedirectsIntermediateAppConfig = obj\Debug\net8.0\StaffManagement.Application.dll.config
                   _GeneratePublishDependencyFilePropertyInputsCache = C:\Users\USER\OneDrive - Royal University of Phnom Penh\Desktop\Testing\StaffManagement\src\StaffManagement.Application\obj\Debug\net8.0\StaffManagement.Application.genpublishdeps.cache
                   _GenerateRestoreGraphProjectEntryInputProperties = ExcludeRestorePackageImports=true
                   _GenerateRuntimeConfigurationPropertyInputsCache = C:\Users\USER\OneDrive - Royal University of Phnom Penh\Desktop\Testing\StaffManagement\src\StaffManagement.Application\obj\Debug\net8.0\StaffManagement.Application.genruntimeconfig.cache
                   _GenerateSingleFileBundlePropertyInputsCache = C:\Users\USER\OneDrive - Royal University of Phnom Penh\Desktop\Testing\StaffManagement\src\StaffManagement.Application\obj\Debug\net8.0\StaffManagement.Application.genbundle.cache
                   _GenerateSourceLinkFileBeforeTargets = CoreCompile
                   _GenerateSourceLinkFileDependsOnTargets = 
                   _GenerateSupportedRuntimeIntermediateAppConfig = obj\Debug\net8.0\StaffManagement.Application.dll.withSupportedRuntime.config
                   _GenerateToolsSettingsFileCacheFile = C:\Users\USER\OneDrive - Royal University of Phnom Penh\Desktop\Testing\StaffManagement\src\StaffManagement.Application\obj\Debug\net8.0\StaffManagement.Application.toolssettingsinput.cache
                   _GetChildProjectCopyToOutputDirectoryItems = true
                   _GetChildProjectCopyToPublishDirectoryItems = true
                   _InitialBaseIntermediateOutputPath = obj\
                   _InitialMSBuildProjectExtensionsPath = C:\Users\USER\OneDrive - Royal University of Phnom Penh\Desktop\Testing\StaffManagement\src\StaffManagement.Application\obj\
                   _IsNETCoreOrNETStandard = true
                   _IsSDKContainerAllowedVersion = true
                   _LatestAnalysisLevel = 8.0
                   _MaxSupportedLangVersion = 12.0
                   _MicrosoftSourceLinkCommonAssemblyFile = C:\Program Files\dotnet\sdk\8.0.403\Sdks\Microsoft.SourceLink.Common\build\..\tools\core\Microsoft.SourceLink.Common.dll
                   _MinimumNonEolSupportedNetCoreTargetFramework = net6.0
                   _NativeLibraryExtension = .so
                   _NativeLibraryPrefix = lib
                   _NETAnalyzersSDKAssemblyVersion = 8.0.0
                   _NETCoreSdkIsPreview = false
                   _NetFrameworkHostedCompilersVersion = 4.11.0-3.24468.6
                   _NoneAnalysisLevel = 4.0
                   _NugetFallbackFolder = C:\Program Files\dotnet\sdk\8.0.403\Sdks\Microsoft.NET.Sdk\targets\..\..\..\..\NuGetFallbackFolder
                   _NugetTargetMonikerAndRID = .NETCoreApp,Version=v8.0
                   _OriginalConfiguration = Debug
                   _OriginalPlatform = AnyCPU
                   _PackToolPublishDependency = _PublishBuildAlternative
                   _PlatformWithoutConfigurationInference = AnyCPU
                   _PreviewAnalysisLevel = 9.0
                   _ProjectDefaultTargets = Build
                   _PublishNoBuildAlternativeDependsOn = 
                         BuildOnlySettings;
                         _PreventProjectReferencesFromBuilding;
                         ResolveReferences;
                         PrepareResourceNames;
                         ComputeIntermediateSatelliteAssemblies;
                         ComputeEmbeddedApphostPaths;
                       ;
                         PrepareForPublish;
                         ComputeAndCopyFilesToPublishDirectory;
                         ;
                         PublishItemsOutputGroup;
                       
                   _PublishProfileDesignerFolder = Properties
                   _PublishProfileRootFolder = C:\Users\USER\OneDrive - Royal University of Phnom Penh\Desktop\Testing\StaffManagement\src\StaffManagement.Application\Properties\PublishProfiles\
                   _RecursiveTargetForContentCopying = GetCopyToOutputDirectoryItems
                   _ResolveReferenceDependencies = false
                   _RuntimePackInWorkloadVersion6 = 6.0.35
                   _RuntimePackInWorkloadVersion7 = 7.0.20
                   _RuntimePackInWorkloadVersionCurrent = 8.0.10
                   _SGenDllCreated = false
                   _SGenDllName = StaffManagement.Application.XmlSerializers.dll
                   _SGenGenerateSerializationAssembliesConfig = Off
                   _ShimCreatedSentinelFile = C:\Users\USER\OneDrive - Royal University of Phnom Penh\Desktop\Testing\StaffManagement\src\StaffManagement.Application\obj\Debug\net8.0\StaffManagement.Application.shimcreated.sentinel
                   _ShimInputCacheFile = C:\Users\USER\OneDrive - Royal University of Phnom Penh\Desktop\Testing\StaffManagement\src\StaffManagement.Application\obj\Debug\net8.0\StaffManagement.Application.shiminput.cache
                   _SourceLinkAzureReposGitAssemblyFile = C:\Program Files\dotnet\sdk\8.0.403\Sdks\Microsoft.SourceLink.AzureRepos.Git\build\..\tools\core\Microsoft.SourceLink.AzureRepos.Git.dll
                   _SourceLinkBitbucketAssemblyFile = C:\Program Files\dotnet\sdk\8.0.403\Sdks\Microsoft.SourceLink.Bitbucket.Git\build\..\tools\core\Microsoft.SourceLink.Bitbucket.Git.dll
                   _SourceLinkGitHubAssemblyFile = C:\Program Files\dotnet\sdk\8.0.403\Sdks\Microsoft.SourceLink.GitHub\build\..\tools\core\Microsoft.SourceLink.GitHub.dll
                   _SourceLinkGitLabAssemblyFile = C:\Program Files\dotnet\sdk\8.0.403\Sdks\Microsoft.SourceLink.GitLab\build\..\tools\core\Microsoft.SourceLink.GitLab.dll
                   _SourceLinkPropsImported = true
                   _SourceLinkSdkSubDir = build
                   _SupportedArchitectures = amd64 arm64
                   _SupportedPlatformList = @(SupportedPlatform, ',')
                   _TargetFrameworkDirectories = 
                   _TargetFrameworkVersionValue = 0.0
                   _TargetFrameworkVersionWithoutV = 8.0
                   _TargetLatestRuntimePatchIsDefault = true
                   _TargetsThatPrepareProjectReferences = 
                         AssignProjectConfiguration;
                         _SplitProjectReferencesByFileExistence
                       
                   _ToolsSettingsFilePath = obj\DotnetToolSettings.xml
                   _UseAttributeForTargetFrameworkInfoPropertyNames = true
                   _UsingDefaultForHasRuntimeOutput = true
                   _UsingDefaultPlatformTarget = true
                   _WindowsDesktopSdkTargetFrameworkVersionFloor = 3.0
                   _WorkloadLibraryPacksFolder = C:\Program Files\dotnet\library-packs
                   AddAdditionalExplicitAssemblyReferences = false
                   AllowedOutputExtensionsInPackageBuildOutputFolder = .dll; .exe; .winmd; .json; .pri; .xml ;
                   AllowedOutputExtensionsInSymbolsPackageBuildOutputFolder = .pdb; .mdb; .dll; .exe; .winmd; .json; .pri; .xml ;; 
                   AllowedReferenceAssemblyFileExtensions = 
                         .winmd;
                         .dll;
                         .exe
                       
                   AllowedReferenceRelatedFileExtensions = 
                         .pdb;
                         .xml;
                         .pri;
                         .dll.config;
                         .exe.config
                       
                   AllowUnsafeBlocks = false
                   AlwaysIncludeCoreFrameworkInRuntimeConfig = true
                   AlwaysUseNumericalSuffixInItemNames = true
                   AnalysisLevel = latest
                   ApiCompatValidatePackageSemaphoreFile = obj\Debug\net8.0\Microsoft.NET.ApiCompat.ValidatePackage.semaphore
                   AppDesignerFolder = Properties
                   AppendPlatformToOutputPath = false
                   AppendRuntimeIdentifierToOutputPath = true
                   AppendTargetFrameworkToOutputPath = true
                   AssemblyFoldersConfigFile = C:\Program Files\dotnet\sdk\8.0.403\AssemblyFolders.config
                   AssemblyFoldersSuffix = AssemblyFoldersEx
                   AssemblyName = StaffManagement.Application
                   AssemblySearchPaths = {CandidateAssemblyFiles};{HintPathFromItem};{TargetFrameworkDirectory};{RawFileName}
                   AssemblyTitle = StaffManagement.Application
                   AssetTargetFallback = ;net461;net462;net47;net471;net472;net48;net481
                   AssignTargetPathsDependsOn = 
                   Authors = StaffManagement.Application
                   AutomaticallyUseReferenceAssemblyPackages = true
                   AutoUnifyAssemblyReferences = true
                   AvailablePlatforms = Any CPU,x86,x64,ARM32,ARM64
                   BackwardsCompatFrameworkDefine = NETCOREAPP
                   BaseIntermediateOutputPath = obj\
                   BaseOutputPath = bin\
                   BaseOutputPathWasSpecified = true
                   BuildCompileAction = Build
                   BuildDependsOn = 
                         BeforeBuild;
                         CoreBuild;
                         AfterBuild
                       
                   BuildGenerateSourcesAction = Build
                   BuildingProject = false
                   BuildInParallel = true
                   BuildLinkAction = Build
                   BuildOutputTargetFolder = lib
                   BuildProjectReferences = true
                   BuiltProjectOutputGroupDependenciesDependsOn = 
                         ;
                         
                         ;
                         BuildOnlySettings;
                         PrepareForBuild;
                         AssignTargetPaths;
                         ResolveReferences
                       
                       
                   BuiltProjectOutputGroupDependsOn = PrepareForBuild
                   BundledNETCoreAppPackageVersion = 8.0.10
                   BundledNETCoreAppTargetFrameworkVersion = 8.0
                   BundledNETCorePlatformsPackageVersion = 8.0.10-servicing.24466.10
                   BundledNETStandardPackageVersion = 2.1.0
                   BundledNETStandardTargetFrameworkVersion = 2.1
                   BundledRuntimeIdentifierGraphFile = C:\Program Files\dotnet\sdk\8.0.403\RuntimeIdentifierGraph.json
                   CheckEolWorkloads = true
                   CheckForOverflowUnderflow = false
                   CleanDependsOn = 
                         BeforeClean;
                         UnmanagedUnregistration;
                         CoreClean;
                         CleanReferencedProjects;
                         CleanPublishFolder;
                         AfterClean
                       
                   CleanFile = StaffManagement.Application.csproj.FileListAbsolute.txt
                   ClickOncePublishDir = bin\Debug\net8.0\publish\
                   CodeAnalysisRuleIds = CA1000;CA1001;CA1002;CA1003;CA1005;CA1008;CA1010;CA1012;CA1014;CA1016;CA1017;CA1018;CA1019;CA1021;CA1024;CA1027;CA1028;CA1030;CA1031;CA1032;CA1033;CA1034;CA1036;CA1040;CA1041;CA1043;CA1044;CA1045;CA1046;CA1047;CA1050;CA1051;CA1052;CA1054;CA1055;CA1056;CA1058;CA1060;CA1061;CA1062;CA1063;CA1064;CA1065;CA1066;CA1067;CA1068;CA1069;CA1070;CA1200;CA1303;CA1304;CA1305;CA1307;CA1308;CA1309;CA1310;CA1311;CA1401;CA1416;CA1417;CA1418;CA1419;CA1420;CA1421;CA1422;CA1501;CA1502;CA1505;CA1506;CA1507;CA1508;CA1509;CA1510;CA1511;CA1512;CA1513;CA1700;CA1707;CA1708;CA1710;CA1711;CA1712;CA1713;CA1715;CA1716;CA1720;CA1721;CA1724;CA1725;CA1727;CA1802;CA1805;CA1806;CA1810;CA1812;CA1813;CA1814;CA1815;CA1816;CA1819;CA1820;CA1821;CA1822;CA1823;CA1824;CA1825;CA1826;CA1827;CA1828;CA1829;CA1830;CA1831;CA1832;CA1833;CA1834;CA1835;CA1836;CA1837;CA1838;CA1839;CA1840;CA1841;CA1842;CA1843;CA1844;CA1845;CA1846;CA1847;CA1848;CA1849;CA1850;CA1851;CA1852;CA1853;CA1854;CA1855;CA1856;CA1857;CA1858;CA1859;CA1860;CA1861;CA1862;CA1863;CA1864;CA1865;CA1866;CA1867;CA1868;CA1869;CA1870;CA2000;CA2002;CA2007;CA2008;CA2009;CA2011;CA2012;CA2013;CA2014;CA2015;CA2016;CA2017;CA2018;CA2019;CA2020;CA2021;CA2100;CA2101;CA2119;CA2153;CA2200;CA2201;CA2207;CA2208;CA2211;CA2213;CA2214;CA2215;CA2216;CA2217;CA2218;CA2219;CA2224;CA2225;CA2226;CA2227;CA2231;CA2234;CA2235;CA2237;CA2241;CA2242;CA2243;CA2244;CA2245;CA2246;CA2247;CA2248;CA2249;CA2250;CA2251;CA2252;CA2253;CA2254;CA2255;CA2256;CA2257;CA2258;CA2259;CA2260;CA2261;CA2300;CA2301;CA2302;CA2305;CA2310;CA2311;CA2312;CA2315;CA2321;CA2322;CA2326;CA2327;CA2328;CA2329;CA2330;CA2350;CA2351;CA2352;CA2353;CA2354;CA2355;CA2356;CA2361;CA2362;CA3001;CA3002;CA3003;CA3004;CA3005;CA3006;CA3007;CA3008;CA3009;CA3010;CA3011;CA3012;CA3061;CA3075;CA3076;CA3077;CA3147;CA5350;CA5351;CA5358;CA5359;CA5360;CA5361;CA5362;CA5363;CA5364;CA5365;CA5366;CA5367;CA5368;CA5369;CA5370;CA5371;CA5372;CA5373;CA5374;CA5375;CA5376;CA5377;CA5378;CA5379;CA5380;CA5381;CA5382;CA5383;CA5384;CA5385;CA5386;CA5387;CA5388;CA5389;CA5390;CA5391;CA5392;CA5393;CA5394;CA5395;CA5396;CA5397;CA5398;CA5399;CA5400;CA5401;CA5402;CA5403;CA5404;CA5405
                   CodeAnalysisTargets = C:\Program Files\dotnet\sdk\8.0.403\Microsoft\VisualStudio\v17.0\CodeAnalysis\Microsoft.CodeAnalysis.targets
                   CommandLineArgsForDesignTimeEvaluation = -langversion:12.0 -define:TRACE
                   CommonOutputGroupsDependsOn = 
                         ;
                         BuildOnlySettings;
                         PrepareForBuild;
                         AssignTargetPaths;
                         ResolveReferences
                       
                   CommonTargetsPath = C:\Program Files\dotnet\sdk\8.0.403\Microsoft.Common.CurrentVersion.targets
                   CommonXamlResourcesDirectory = C:\Program Files\dotnet\sdk\8.0.403\\
                   Company = StaffManagement.Application
                   CompileDependsOn = 
                         
                         ResolveReferences;
                         ResolveKeySource;
                         SetWin32ManifestProperties;
                         _SetPreferNativeArm64Win32ManifestProperties;
                         FindReferenceAssembliesForReferences;
                         _GenerateCompileInputs;
                         BeforeCompile;
                         _TimeStampBeforeCompile;
                         _GenerateCompileDependencyCache;
                         CoreCompile;
                         _TimeStampAfterCompile;
                         AfterCompile;
                       ;
                         _CreateAppHost;
                         _CreateComHost;
                         _GetIjwHostPaths;
                       
                   CompileLicxFilesDependsOn = 
                   CompilerApiVersion = roslyn4.11
                   CompilerGeneratedFilesOutputPath = 
                   ComputeIntermediateSatelliteAssembliesDependsOn = 
                         CreateManifestResourceNames
                       
                   ComputeNETCoreBuildOutputFiles = true
                   ComReferenceExecuteAsTool = false
                   ComReferenceNoClassMembers = false
                   Configuration = Debug
                   ConfigurationName = Debug
                   Configurations = Debug;Release
                   ConsiderPlatformAsProcessorArchitecture = true
                   ContainerCustomTasksAssembly = C:\Program Files\dotnet\sdk\8.0.403\Containers\build\..\tasks\net8.0\Microsoft.NET.Build.Containers.dll
                   ContainerCustomTasksFolder = C:\Program Files\dotnet\sdk\8.0.403\Containers\build\..\tasks\net8.0\
                   ContainerizeFolder = C:\Program Files\dotnet\sdk\8.0.403\Containers\build\..\containerize\
                   ContainerizeFolderName = containerize
                   ContainerTaskFolderName = tasks
                   ContainerTaskFramework = net8.0
                   ContentFilesProjectOutputGroupDependsOn = PrepareForBuild;AssignTargetPaths
                   ContentPreprocessorOutputDirectory = obj\Debug\net8.0\NuGet\
                   ContentTargetFolders = content;contentFiles
                   ContinueOnError = false
                   CopyBuildOutputToPublishDirectory = true
                   CopyConflictingTransitiveContent = false
                   CopyLocalLockFileAssemblies = false
                   CopyOutputSymbolsToPublishDirectory = true
                   CoreBuildDependsOn = 
                         _CheckForBuildWithNoBuild;
                         
                         BuildOnlySettings;
                         PrepareForBuild;
                         PreBuildEvent;
                         ResolveReferences;
                         PrepareResources;
                         ResolveKeySource;
                         Compile;
                         ExportWindowsMDFile;
                         UnmanagedUnregistration;
                         GenerateSerializationAssemblies;
                         CreateSatelliteAssemblies;
                         GenerateManifests;
                         GetTargetPath;
                         PrepareForRun;
                         UnmanagedRegistration;
                         IncrementalClean;
                         PostBuildEvent
                       ;
                         GenerateBuildDependencyFile;
                         GenerateBuildRuntimeConfigurationFiles
                       
                   CoreCleanDependsOn = 
                         _SdkBeforeClean;
                         
                       
                   CoreCompileDependsOn = ;_ComputeNonExistentFileProperty;ResolveCodeAnalysisRuleSet
                   CoreResGenDependsOn = FindReferenceAssembliesForReferences
                   CreateCustomManifestResourceNamesDependsOn = 
                   CreateHardLinksForCopyAdditionalFilesIfPossible = false
                   CreateManifestResourceNamesDependsOn = 
                   CreateSatelliteAssembliesDependsOn = 
                         
                         ;
                         _GenerateSatelliteAssemblyInputs;
                         ComputeIntermediateSatelliteAssemblies;
                         GenerateSatelliteAssemblies
                       ;
                         CoreGenerateSatelliteAssemblies
                       
                   CreateSymbolicLinksForCopyAdditionalFilesIfPossible = false
                   CSharpCoreTargetsPath = C:\Program Files\dotnet\sdk\8.0.403\Roslyn\Microsoft.CSharp.Core.targets
                   CSharpDesignTimeTargetsPath = C:\Program Files\dotnet\sdk\8.0.403\\Microsoft\VisualStudio\Managed\Microsoft.CSharp.DesignTime.targets
                   CSharpTargetsPath = C:\Program Files\dotnet\sdk\8.0.403\Microsoft.CSharp.CurrentVersion.targets
                   CustomAfterDirectoryBuildProps = ;C:\Program Files\dotnet\sdk\8.0.403\Sdks\Microsoft.NET.Sdk\Sdk\UseArtifactsOutputPath.props
                   CustomAfterMicrosoftCommonProps = C:\Program Files\dotnet\sdk\8.0.403\\vCurrent\Custom.After.Microsoft.Common.props
                   CustomAfterMicrosoftCommonTargets = C:\Program Files\dotnet\sdk\8.0.403\\vCurrent\Custom.After.Microsoft.Common.targets
                   CustomAfterMicrosoftCSharpTargets = C:\Program Files\dotnet\sdk\8.0.403\\vCurrent\Custom.After.Microsoft.CSharp.targets
                   CustomBeforeMicrosoftCommonProps = C:\Program Files\dotnet\sdk\8.0.403\\vCurrent\Custom.Before.Microsoft.Common.props
                   CustomBeforeMicrosoftCommonTargets = C:\Program Files\dotnet\sdk\8.0.403\\vCurrent\Custom.Before.Microsoft.Common.targets
                   CustomBeforeMicrosoftCSharpTargets = C:\Program Files\dotnet\sdk\8.0.403\\vCurrent\Custom.Before.Microsoft.CSharp.targets
                   DebugSymbols = true
                   DebugSymbolsProjectOutputGroupDependenciesDependsOn = 
                         ;
                         
                         ;
                         BuildOnlySettings;
                         PrepareForBuild;
                         AssignTargetPaths;
                         ResolveReferences
                       
                       
                   DebugSymbolsProjectOutputGroupDependsOn = 
                   DebugType = portable
                   DefaultAllowedOutputExtensionsInPackageBuildOutputFolder = .dll; .exe; .winmd; .json; .pri; .xml
                   DefaultCopyToPublishDirectoryMetadata = true
                   DefaultExcludesInProjectFolder = ;;**/.*/**
                   DefaultImplicitPackages = Microsoft.NETCore.App;NETStandard.Library
                   DefaultItemExcludes = ;bin\Debug\/**;obj\Debug\/**;bin\/**;obj\/**;**/*.user;**/*.*proj;**/*.sln;**/*.vssscc;**/.DS_Store
                   DefaultLanguageSourceExtension = .cs
                   DefaultProjectTypeGuid = {FAE04EC0-301F-11D3-BF4B-00C04F79EFBC}
                   DefineCommonCapabilities = true
                   DefineCommonItemSchemas = true
                   DefineCommonReferenceSchemas = true
                   DefineConstants = TRACE;DEBUG;NET;NET8_0;NETCOREAPP
                   DelaySign = 
                   DeploymentComputeClickOnceManifestInfoDependsOn = 
                         CleanPublishFolder;
                         GetCopyToOutputDirectoryItems;
                         _DeploymentGenerateTrustInfo
                         
                       
                   DesignerRuntimeImplementationProjectOutputGroupDependsOn = 
                         
                         ;
                         
                         ;
                         BuildOnlySettings;
                         PrepareForBuild;
                         AssignTargetPaths;
                         ResolveReferences
                       
                       ;
                         _GenerateDesignerDepsFile;
                         _GenerateDesignerRuntimeConfigFile;
                         GetCopyToOutputDirectoryItems;
                         _GatherDesignerShadowCopyFiles;
                       
                   DesignTimeAssemblySearchPaths = {CandidateAssemblyFiles};{HintPathFromItem};{TargetFrameworkDirectory};{RawFileName}
                   DesignTimeAutoUnify = true
                   DesignTimeResolveAssemblyReferencesDependsOn = 
                         GetFrameworkPaths;
                         GetReferenceAssemblyPaths;
                         ResolveReferences
                       
                   Deterministic = true
                   DevEnvDir = *Undefined*
                   DisableHandlePackageFileConflicts = true
                   DisableLogTaskParameter_ConvertToAbsolutePath_Path = true
                   DisableLogTaskParameter_FindUnderPath_OutOfPath = true
                   DisableLogTaskParameter_RemoveDuplicates_Inputs = true
                   DisableLogTaskParameterItemMetadata_ConvertToAbsolutePath_AbsolutePaths = true
                   DisableLogTaskParameterItemMetadata_Copy_CopiedFiles = true
                   DisableLogTaskParameterItemMetadata_Copy_DestinationFiles = true
                   DisableLogTaskParameterItemMetadata_Copy_SourceFiles = true
                   DisableLogTaskParameterItemMetadata_FindUnderPath_Files = true
                   DisableLogTaskParameterItemMetadata_FindUnderPath_InPath = true
                   DisableLogTaskParameterItemMetadata_GenerateResource_FilesWritten = true
                   DisableLogTaskParameterItemMetadata_Hash_ItemsToHash = true
                   DisableLogTaskParameterItemMetadata_RemoveDuplicates_Filtered = true
                   DisableLogTaskParameterItemMetadata_WriteLinesToFile_Lines = true
                   DisableStandardFrameworkResolution = true
                   DocumentationFile = 
                   DocumentationProjectOutputGroupDependenciesDependsOn = 
                         ;
                         
                         ;
                         BuildOnlySettings;
                         PrepareForBuild;
                         AssignTargetPaths;
                         ResolveReferences
                       
                       
                   DocumentationProjectOutputGroupDependsOn = 
                   DOTNET_CLI_TELEMETRY_SESSIONID = 99da9e29-3945-4041-bd08-17b7b1b156ce
                   DOTNET_HOST_PATH = C:\Program Files\dotnet\dotnet.exe
                   DotNetApiCompatTaskAssembly = C:\Program Files\dotnet\sdk\8.0.403\Sdks\Microsoft.NET.Sdk\targets\..\tools\net8.0\Microsoft.DotNet.ApiCompat.Task.dll
                   DotnetCliToolTargetFramework = netcoreapp2.2
                   EffectiveAnalysisLevel = 8.0
                   EffectiveCodeAnalysisTreatWarningsAsErrors = 
                   EmbeddedResourceUseDependentUponConvention = true
                   EmbeddedWin32Manifest = 
                   EmbedUntrackedSources = true
                   EmitAssetsLogMessages = true
                   EmitCompilerGeneratedFiles = false
                   EmitLegacyAssetsFileItems = false
                   EnableDefaultCompileItems = true
                   EnableDefaultEmbeddedResourceItems = true
                   EnableDefaultItems = true
                   EnableDefaultNoneItems = true
                   EnableFrameworkPathOverride = false
                   EnableNETAnalyzers = true
                   EnableSourceControlManagerQueries = true
                   EnableSourceLink = true
                   EnableUnsafeBinaryFormatterSerialization = false
                   EnableWebSdkImplicitPackageVersions = false
                   EnforceCodeStyleInBuild = false
                   ErrorReport = prompt
                   ExpandSDKAllowedReferenceExtensions = 
                         .winmd;
                         .dll
                       
                   ExpandSDKReferencesDependsOn = 
                         ResolveSDKReferences
                       
                   FileAlignment = 512
                   FindInvalidProjectReferencesDependsOn = 
                         GetReferenceTargetPlatformMonikers
                       
                   Framework20Dir = @(_TargetFramework20DirectoryItem)
                   Framework30Dir = @(_TargetFramework30DirectoryItem)
                   Framework35Dir = @(_TargetFramework35DirectoryItem)
                   Framework40Dir = @(_TargetFramework40DirectoryItem)
                   FrameworkDir = @(_TargetFramework40DirectoryItem)
                   FrameworkPathOverride = 
                   FrameworkRegistryBase = Software\Microsoft\.NETCoreApp
                   FrameworkSDKDir = @(_TargetFrameworkSDKDirectoryItem)
                   FullReferenceAssemblyNames = Full
                   GenerateAssemblyCompanyAttribute = true
                   GenerateAssemblyConfigurationAttribute = true
                   GenerateAssemblyCopyrightAttribute = true
                   GenerateAssemblyDescriptionAttribute = true
                   GenerateAssemblyFileVersionAttribute = true
                   GenerateAssemblyInfo = true
                   GenerateAssemblyInformationalVersionAttribute = true
                   GenerateAssemblyMetadataAttributes = true
                   GenerateAssemblyProductAttribute = true
                   GenerateAssemblyTitleAttribute = true
                   GenerateAssemblyTrademarkAttribute = true
                   GenerateAssemblyVersionAttribute = true
                   GeneratedAssemblyInfoFile = obj\Debug\net8.0\StaffManagement.Application.AssemblyInfo.cs
                   GenerateDependencyFile = true
                   GeneratedGlobalUsingsFile = obj\Debug\net8.0\StaffManagement.Application.GlobalUsings.g.cs
                   GenerateDisableRuntimeMarshallingAttribute = true
                   GenerateDocumentationFile = false
                   GenerateFullPaths = true
                   GenerateInternalsVisibleToAttributes = true
                   GenerateManifestsDependsOn = 
                         SetWin32ManifestProperties;
                         GenerateApplicationManifest;
                         GenerateDeploymentManifest
                       
                   GenerateNeutralResourcesLanguageAttribute = true
                   GenerateNuspecDependsOn = Build;_LoadPackInputItems; _GetTargetFrameworksOutput; _WalkEachTargetPerFramework; _GetPackageFiles; 
                   GeneratePackageOnBuild = false
                   GenerateRepositoryUrlAttribute = true
                   GenerateRequiresPreviewFeaturesAttribute = true
                   GenerateResourceMSBuildArchitecture = CurrentArchitecture
                   GenerateResourceMSBuildRuntime = CurrentRuntime
                   GenerateResourceUsePreserializedResources = true
                   GenerateResourceWarnOnBinaryFormatterUse = true
                   GenerateRuntimeConfigDevFile = false
                   GenerateSatelliteAssembliesForCore = true
                   GenerateSupportedOSPlatformAttribute = true
                   GenerateTargetFrameworkAttribute = true
                   GenerateTargetPlatformAttribute = true
                   GetCopyToOutputDirectoryItemsDependsOn = 
                         AssignTargetPaths;
                         
                         AssignProjectConfiguration;
                         _SplitProjectReferencesByFileExistence
                       ;
                         _GetProjectReferenceTargetFrameworkProperties;
                         _PopulateCommonStateForGetCopyToOutputDirectoryItems
                       
                   GetFrameworkPathsDependsOn = 
                   GetReferenceNearestTargetFrameworkTaskSupportsTargetPlatformParameter = true
                   GetTargetPathDependsOn = 
                   GetTargetPathWithTargetPlatformMonikerDependsOn = 
                   HasRuntimeOutput = 
                   HideWarningsAndErrors = false
                   HighEntropyVA = true
                   ImplicitConfigurationDefine = DEBUG
                   ImplicitFrameworkDefine = NET8_0
                   ImplicitUsings = enable
                   ImportByWildcardAfterMicrosoftCommonProps = true
                   ImportByWildcardAfterMicrosoftCommonTargets = true
                   ImportByWildcardAfterMicrosoftCSharpTargets = true
                   ImportByWildcardBeforeMicrosoftCommonProps = true
                   ImportByWildcardBeforeMicrosoftCommonTargets = true
                   ImportByWildcardBeforeMicrosoftCSharpTargets = true
                   ImportDirectoryBuildProps = true
                   ImportDirectoryBuildTargets = true
                   ImportDirectoryPackagesProps = true
                   ImportFrameworkWinFXTargets = false
                   ImportNuGetBuildTasksPackTargetsFromSdk = true
                   ImportProjectExtensionProps = true
                   ImportProjectExtensionTargets = true
                   ImportUserLocationsByWildcardAfterMicrosoftCommonProps = true
                   ImportUserLocationsByWildcardAfterMicrosoftCommonTargets = true
                   ImportUserLocationsByWildcardAfterMicrosoftCSharpTargets = true
                   ImportUserLocationsByWildcardBeforeMicrosoftCommonProps = true
                   ImportUserLocationsByWildcardBeforeMicrosoftCommonTargets = true
                   ImportUserLocationsByWildcardBeforeMicrosoftCSharpTargets = true
                   IncludeBuildOutput = true
                   IncludeContentInPack = true
                   IncludeFileVersionsInDependencyFile = true
                   IncludeMainProjectInDepsFile = true
                   IncludeProjectsNotInAssetsFileInDepsFile = true
                   IncludeSourceRevisionInInformationalVersion = true
                   IncludeSymbolsInSingleFile = false
                   InnerBuildProperty = TargetFramework
                   InnerBuildPropertyValues = TargetFrameworks
                   IntermediateOutputPath = obj\Debug\net8.0\
                   IsNetCoreAppTargetingLatestTFM = true
                   IsPackable = true
                   IsPublishable = true
                   IsRestoreTargetsFileLoaded = true
                   IsRidAgnostic = true
                   Language = C#
                   LanguageTargets = C:\Program Files\dotnet\sdk\8.0.403\Microsoft.CSharp.targets
                   LangVersion = 12.0
                   MarkPackageReferencesAsExternallyResolved = true
                   MaxSupportedLangVersion = 12.0
                   MaxTargetPath = 100
                   MicrosoftBuildTasksGitAssemblyFile = C:\Program Files\dotnet\sdk\8.0.403\Sdks\Microsoft.Build.Tasks.Git\build\..\tools\core\Microsoft.Build.Tasks.Git.dll
                   MicrosoftCommonPropsHasBeenImported = true
                   MicrosoftNETBuildExtensionsTargets = C:\Program Files\dotnet\sdk\8.0.403\\Microsoft\Microsoft.NET.Build.Extensions\Microsoft.NET.Build.Extensions.targets
                   MicrosoftNETBuildExtensionsTasksAssembly = C:\Program Files\dotnet\sdk\8.0.403\Microsoft\Microsoft.NET.Build.Extensions\\tools\net8.0\Microsoft.NET.Build.Extensions.Tasks.dll
                   MicrosoftNETBuildTasksAssembly = C:\Program Files\dotnet\sdk\8.0.403\Sdks\Microsoft.NET.Sdk\targets\..\tools\net8.0\Microsoft.NET.Build.Tasks.dll
                   MicrosoftNETBuildTasksDirectory = C:\Program Files\dotnet\sdk\8.0.403\Sdks\Microsoft.NET.Sdk\targets\..\tools\net8.0\
                   MicrosoftNETBuildTasksDirectoryRoot = C:\Program Files\dotnet\sdk\8.0.403\Sdks\Microsoft.NET.Sdk\targets\..\tools\
                   MicrosoftNETBuildTasksTFM = net8.0
                   MicrosoftNETCrossgenBuildTasksAssembly = C:\Program Files\dotnet\sdk\8.0.403\Sdks\Microsoft.NET.Sdk\targets\..\tasks\net7.0\Microsoft.NET.Sdk.Crossgen.dll
                   MicrosoftNETFrameworkReferenceAssembliesLatestPackageVersion = 1.0.3
                   MicrosoftNETWindowsWorkloadInstalled = true
                   MinimumVisualStudioVersionForUnsupportedTargetFrameworkVersion = 17.12
                   MsAppxPackageTargets = C:\Program Files\dotnet\sdk\8.0.403\Microsoft\VisualStudio\v17.0\AppxPackage\Microsoft.AppXPackage.Targets
                   MSBuildAllProjects = C:\Users\USER\OneDrive - Royal University of Phnom Penh\Desktop\Testing\StaffManagement\src\StaffManagement.Application\obj\StaffManagement.Application.csproj.nuget.g.targets;;C:\Program Files\dotnet\sdk\8.0.403\Current\Microsoft.Common.targets\ImportAfter\Microsoft.TestPlatform.ImportAfter.targets
                   MSBuildAssemblyVersion = 17.0
                   MSBuildBinPath = C:\Program Files\dotnet\sdk\8.0.403
                   MSBuildCopyContentTransitively = true
                   MSBuildCopyMarkerName = StaffMan.A3D8238D.Up2Date
                   MSBuildDisableFeaturesFromVersion = 999.999
                   MSBuildEnableWorkloadResolver = true
                   MSBuildExtensionsPath = C:\Program Files\dotnet\sdk\8.0.403\
                   MSBuildExtensionsPath32 = C:\Program Files\dotnet\sdk\8.0.403
                   MSBuildExtensionsPath64 = C:\Program Files\dotnet\sdk\8.0.403
                   MSBUILDFAILONDRIVEENUMERATINGWILDCARD = 1
                   MSBuildFileVersion = 17.11.9.46202
                   MSBuildLoadMicrosoftTargetsReadOnly = true
                   MSBuildNodeCount = 8
                   MSBuildProgramFiles32 = C:\Program Files (x86)
                   MSBuildProjectDefaultTargets = Build
                   MSBuildProjectDirectory = C:\Users\USER\OneDrive - Royal University of Phnom Penh\Desktop\Testing\StaffManagement\src\StaffManagement.Application
                   MSBuildProjectDirectoryNoRoot = Users\USER\OneDrive - Royal University of Phnom Penh\Desktop\Testing\StaffManagement\src\StaffManagement.Application
                   MSBuildProjectExtension = .csproj
                   MSBuildProjectExtensionsPath = C:\Users\USER\OneDrive - Royal University of Phnom Penh\Desktop\Testing\StaffManagement\src\StaffManagement.Application\obj\
                   MSBuildProjectFile = StaffManagement.Application.csproj
                   MSBuildProjectFullPath = C:\Users\USER\OneDrive - Royal University of Phnom Penh\Desktop\Testing\StaffManagement\src\StaffManagement.Application\StaffManagement.Application.csproj
                   MSBuildProjectName = StaffManagement.Application
                   MSBuildRuntimeType = Core
                   MSBuildSDKsPath = C:\Program Files\dotnet\sdk\8.0.403\Sdks
                   MSBuildSemanticVersion = 17.11.9+a69bbaaf5
                   MSBuildStartupDirectory = C:\Users\USER\OneDrive - Royal University of Phnom Penh\Desktop\Testing\StaffManagement
                   MSBuildToolsPath = C:\Program Files\dotnet\sdk\8.0.403
                   MSBuildToolsVersion = Current
                   MSBuildUserExtensionsPath = C:\Users\USER\AppData\Local\Microsoft\MSBuild
                   MSBUILDUSESERVER = 0
                   MSBuildUseVisualStudioDirectoryLayout = False
                   MSBuildVersion = 17.11.9
                   MSBuildWarningsAsErrors = ;NU1605
                   MSBuildWarningsAsMessages = 1701;1702
                   MSBuildWarningsNotAsErrors = 
                   MsTestToolsTargets = C:\Program Files\dotnet\sdk\8.0.403\Microsoft\VisualStudio\v17.0\TeamTest\Microsoft.TeamTest.targets
                   NETCoreAppMaximumVersion = 8.0
                   NetCoreRoot = C:\Program Files\dotnet\
                   NETCoreSdkBundledCliToolsProps = C:\Program Files\dotnet\sdk\8.0.403\Sdks\Microsoft.NET.Sdk\targets\..\..\..\Microsoft.NETCoreSdk.BundledCliTools.props
                   NETCoreSdkBundledVersionsProps = C:\Program Files\dotnet\sdk\8.0.403\Sdks\Microsoft.NET.Sdk\targets\..\..\..\Microsoft.NETCoreSdk.BundledVersions.props
                   NETCoreSdkPortableRuntimeIdentifier = win-x64
                   NETCoreSdkRuntimeIdentifier = win-x64
                   NETCoreSdkVersion = 8.0.403
                   NetCoreTargetingPackRoot = C:\Program Files\dotnet\packs
                   NoCompilerStandardLib = true
                   NoStdLib = true
                   NoWarn = 1701;1702
                   NuGetAudit = true
                   NuGetAuditLevel = low
                   NuGetAuditMode = direct
                   NuGetBuildTasksPackTargets = C:\Program Files\dotnet\sdk\8.0.403\Sdks\Microsoft.NET.Sdk\Sdk\..\..\NuGet.Build.Tasks.Pack\build\NuGet.Build.Tasks.Pack.targets
                   NuGetInteractive = 
                   NuGetPackageFolders = C:\Users\USER\.nuget\packages\
                   NuGetPackageRoot = C:\Users\USER\.nuget\packages\
                   NuGetPackTaskAssemblyFile = ..\CoreCLR\NuGet.Build.Tasks.Pack.dll
                   NuGetProjectStyle = PackageReference
                   NuGetPropsFile = C:\Program Files\dotnet\sdk\8.0.403\NuGet.props
                   NuGetRestoreTargets = C:\Program Files\dotnet\sdk\8.0.403\NuGet.targets
                   NuGetTargetMoniker = .NETCoreApp,Version=v8.0
                   NuGetToolVersion = 6.11.1
                   Nullable = enable
                   NuspecOutputPath = obj\Debug\
                   Optimize = false
                   OutDir = bin\Debug\net8.0\
                   OutputPath = bin\Debug\net8.0\
                   OutputType = Library
                   OverwriteReadOnlyFiles = false
                   PackageDescription = Package Description
                   PackageDownloadSupported = true
                   PackagedShimOutputRootDirectory = bin\Debug\net8.0\
                   PackageId = StaffManagement.Application
                   PackageOutputPath = bin\Debug\
                   PackageRequireLicenseAcceptance = false
                   PackageVersion = 1.0.0
                   PackDependsOn = ; _IntermediatePack; GenerateNuspec; 
                   PackRelease = true
                   Platform = AnyCPU
                   PlatformName = AnyCPU
                   Platforms = AnyCPU
                   PostBuildEventDependsOn = 
                   PreBuildEventDependsOn = 
                   Prefer32Bit = false
                   PrepareForBuildDependsOn = ;GetFrameworkPaths;GetReferenceAssemblyPaths;AssignLinkMetadata
                   PrepareForRunDependsOn = 
                         CopyFilesToOutputDirectory
                       
                   PrepareProjectReferencesDependsOn = 
                         AssignProjectConfiguration;
                         _SplitProjectReferencesByFileExistence;
                         _GetProjectReferenceTargetFrameworkProperties;
                         _GetProjectReferencePlatformProperties
                       
                   PrepareResourceNamesDependsOn = 
                         AssignTargetPaths;
                         SplitResourcesByCulture;
                         CreateManifestResourceNames;
                         CreateCustomManifestResourceNames
                       
                   PrepareResourcesDependsOn = 
                         ResolvePackageDependenciesForBuild;
                         _HandlePackageFileConflicts;
                         
                         ;
                         PrepareResourceNames;
                         ResGen;
                         CompileLicxFiles
                       
                       
                   PreserveCompilationReferences = 
                   ProcessorArchitecture = msil
                   ProcessorArchitectureAsPlatform = AnyCPU
                   ProduceReferenceAssembly = true
                   Product = StaffManagement.Application
                   ProjectAssetsCacheFile = C:\Users\USER\OneDrive - Royal University of Phnom Penh\Desktop\Testing\StaffManagement\src\StaffManagement.Application\obj\Debug\net8.0\StaffManagement.Application.assets.cache
                   ProjectAssetsFile = C:\Users\USER\OneDrive - Royal University of Phnom Penh\Desktop\Testing\StaffManagement\src\StaffManagement.Application\obj\project.assets.json
                   ProjectDepsFileName = StaffManagement.Application.deps.json
                   ProjectDepsFilePath = C:\Users\USER\OneDrive - Royal University of Phnom Penh\Desktop\Testing\StaffManagement\src\StaffManagement.Application\bin\Debug\net8.0\StaffManagement.Application.deps.json
                   ProjectDesignTimeAssemblyResolutionSearchPaths = 
                         {CandidateAssemblyFiles};
                         ;
                         {HintPathFromItem};
                         {TargetFrameworkDirectory};
                         {Registry:Software\Microsoft\.NETCoreApp,v8.0,AssemblyFoldersEx};
                         {RawFileName};
                         C:\Users\USER\OneDrive - Royal University of Phnom Penh\Desktop\Testing\StaffManagement\src\StaffManagement.Application\bin\Debug\net8.0\
                       
                   ProjectDir = C:\Users\USER\OneDrive - Royal University of Phnom Penh\Desktop\Testing\StaffManagement\src\StaffManagement.Application\
                   ProjectExt = .csproj
                   ProjectFileName = StaffManagement.Application.csproj
                   ProjectFlavor = Client
                   ProjectName = StaffManagement.Application
                   ProjectPath = C:\Users\USER\OneDrive - Royal University of Phnom Penh\Desktop\Testing\StaffManagement\src\StaffManagement.Application\StaffManagement.Application.csproj
                   ProjectRuntimeConfigFileName = StaffManagement.Application.runtimeconfig.json
                   ProjectRuntimeConfigFilePath = C:\Users\USER\OneDrive - Royal University of Phnom Penh\Desktop\Testing\StaffManagement\src\StaffManagement.Application\bin\Debug\net8.0\StaffManagement.Application.runtimeconfig.json
                   PublishableProject = 
                   PublishBuildDependsOn = 
                         BuildOnlySettings;
                         PrepareForBuild;
                         ResolveReferences;
                         PrepareResources;
                         ResolveKeySource;
                         GenerateSerializationAssemblies;
                         CreateSatelliteAssemblies;
                       
                   PublishContainerDependsOn = 
                         _ContainerVerifySDKVersion;
                         ComputeContainerConfig;
                         _CheckContainersPackage
                       
                   PublishDependsOn = 
                         _DeploymentUnpublishable
                       
                   PublishDir = bin\Debug\net8.0\publish\
                   PublishDirName = publish
                   PublishDocumentationFile = true
                   PublishDocumentationFiles = true
                   PublishItemsOutputGroupDependsOn = 
                         ;
                         ResolveReferences;
                         ComputeResolvedFilesToPublishList;
                         _ComputeFilesToBundle;
                       
                   PublishOnlyDependsOn = 
                         SetGenerateManifests;
                         PublishBuild;
                         BeforePublish;
                         GenerateManifests;
                         CopyFilesToOutputDirectory;
                         _CopyFilesToPublishFolder;
                         _DeploymentGenerateBootstrapper;
                         ResolveKeySource;
                         _DeploymentSignClickOnceDeployment;
                         AfterPublish
                       
                   PublishProfileImported = false
                   PublishReadyToRunComposite = false
                   PublishReadyToRunPerfmapFormatVersion = 1
                   PublishReadyToRunUseCrossgen2 = true
                   PublishReadyToRunUseRuntimePackOptimizationData = true
                   PublishReferencesDocumentationFiles = true
                   PublishRelease = true
                   RebuildDependsOn = 
                         _SdkBeforeRebuild;
                         
                         BeforeRebuild;
                         Clean;
                         Build;
                         AfterRebuild;
                       
                       
                   RefAssembliesFolderName = refs
                   ReferenceCopyLocalPathsOutputGroupDependsOn = 
                         ;
                         
                         ;
                         BuildOnlySettings;
                         PrepareForBuild;
                         AssignTargetPaths;
                         ResolveReferences
                       
                       
                   ReportingServicesTargets = C:\Program Files\dotnet\sdk\8.0.403\\Microsoft\VisualStudio\v17.0\ReportingServices\Microsoft.ReportingServices.targets
                   ResGenDependsOn = ResolveAssemblyReferences;SplitResourcesByCulture;BeforeResGen;CoreResGen;AfterResGen
                   ResGenExecuteAsTool = false
                   ResolveAssemblyReferenceOutputUnresolvedAssemblyConflicts = true
                   ResolveAssemblyReferencesDependsOn = 
                         
                         
                         ResolveProjectReferences;
                         FindInvalidProjectReferences;
                         GetFrameworkPaths;
                         GetReferenceAssemblyPaths;
                         PrepareForBuild;
                         ResolveSDKReferences;
                         ExpandSDKReferences;
                       ;
                         ResolvePackageDependenciesForBuild;
                         _HandlePackageFileConflicts;
                       ;
                         ResolveTargetingPackAssets;
                       
                   ResolveNuGetPackages = false
                   ResolvePackageDependenciesForBuildDependsOn = 
                         ResolveLockFileReferences;
                         ResolveLockFileAnalyzers;
                         ResolveLockFileCopyLocalFiles;
                         ResolveRuntimePackAssets;
                         RunProduceContentAssets;
                         IncludeTransitiveProjectReferences
                       
                   ResolveReferencesDependsOn = 
                         BeforeResolveReferences;
                         AssignProjectConfiguration;
                         ResolveProjectReferences;
                         FindInvalidProjectReferences;
                         ResolveNativeReferences;
                         ResolveAssemblyReferences;
                         GenerateBindingRedirects;
                         GenerateBindingRedirectsUpdateAppConfig;
                         ResolveComReferences;
                         AfterResolveReferences
                       
                   ResolveSDKReferencesDependsOn = 
                         GetInstalledSDKLocations
                       
                   RestoreAdditionalProjectSources = ;C:\Program Files\dotnet\library-packs
                   RestoreBuildInParallel = true
                   RestoreContinueOnError = WarnAndContinue
                   RestoreOutputPath = C:\Users\USER\OneDrive - Royal University of Phnom Penh\Desktop\Testing\StaffManagement\src\StaffManagement.Application\obj\
                   RestoreProjectStyle = PackageReference
                   RestoreRecursive = true
                   RestoreSuccess = True
                   RestoreTaskAssemblyFile = NuGet.Build.Tasks.dll
                   RestoreTool = NuGet
                   RestoreUseSkipNonexistentTargets = true
                   RootNamespace = StaffManagement.Application
                   RoslynTargetsPath = C:\Program Files\dotnet\sdk\8.0.403\Roslyn
                   RunDependsOn = 
                   RunPackageValidationDependsOn = CollectApiCompatInputs;_GetReferencePathFromInnerProjects;
                   RuntimeIdentifierGraphPath = C:\Program Files\dotnet\sdk\8.0.403/PortableRuntimeIdentifierGraph.json
                   RunWorkingDirectory = 
                   SatelliteDllsProjectOutputGroupDependenciesDependsOn = 
                         ;
                         
                         ;
                         BuildOnlySettings;
                         PrepareForBuild;
                         AssignTargetPaths;
                         ResolveReferences
                       
                       
                   SatelliteDllsProjectOutputGroupDependsOn = ;PrepareForBuild;PrepareResourceNames
                   SDKContainerSupportEnabled = true
                   SDKRedistOutputGroupDependsOn = ResolveSDKReferences;ExpandSDKReferences
                   SDKReferenceDirectoryRoot = C:\Users\USER\AppData\Local\Microsoft SDKs;C:\Program Files (x86)\Microsoft SDKs
                   SDKReferenceRegistryRoot = Software\Microsoft\Microsoft SDKs
                   SGenFilesOutputGroupDependenciesDependsOn = 
                         ;
                         
                         ;
                         BuildOnlySettings;
                         PrepareForBuild;
                         AssignTargetPaths;
                         ResolveReferences
                       
                       
                   SGenFilesOutputGroupDependsOn = 
                   SGenShouldGenerateSerializer = true
                   SGenUseKeep = false
                   SGenUseProxyTypes = true
                   ShouldMarkCertainSDKReferencesAsRuntimeOnly = true
                   SignAssembly = false
                   SkipCopyUnchangedFiles = true
                   SkipImportNuGetBuildTargets = true
                   SkipImportNuGetProps = true
                   SolutionDir = *Undefined*
                   SolutionExt = *Undefined*
                   SolutionFileName = *Undefined*
                   SolutionName = *Undefined*
                   SolutionPath = *Undefined*
                   SourceControlInformationFeatureSupported = true
                   SourceControlManagerUrlTranslationTargets = ;TranslateGitHubUrlsInSourceControlInformation;TranslateGitLabUrlsInSourceControlInformation;TranslateAzureReposGitUrlsInSourceControlInformation;TranslateBitbucketGitUrlsInSourceControlInformation
                   SourceFilesProjectOutputGroupDependsOn = PrepareForBuild;AssignTargetPaths
                   SourceLinkUrlInitializerTargets = ;_InitializeGitHubSourceLinkUrl;_InitializeGitLabSourceLinkUrl;_InitializeAzureReposGitSourceLinkUrl;_InitializeBitbucketGitSourceLinkUrl
                   SourceRootMappedPathsFeatureSupported = true
                   SupportedOSPlatformVersion = 
                   SupportsRoslynComponentVersioning = true
                   SuppressDependenciesWhenPacking = false
                   SymbolPackageFormat = symbols.nupkg
                   TargetCulture = *
                   TargetDeployManifestFileName = StaffManagement.Application.application
                   TargetDir = C:\Users\USER\OneDrive - Royal University of Phnom Penh\Desktop\Testing\StaffManagement\src\StaffManagement.Application\bin\Debug\net8.0\
                   TargetedFrameworkDir = @(_TargetedFrameworkDirectoryItem)
                   TargetedSDKArchitecture = msil
                   TargetedSDKConfiguration = Debug
                   TargetExt = .dll
                   TargetFileName = StaffManagement.Application.dll
                   TargetFramework = net8.0
                   TargetFrameworkDirectory = 
                   TargetFrameworkIdentifier = .NETCoreApp
                   TargetFrameworkMoniker = .NETCoreApp,Version=v8.0
                   TargetFrameworkMonikerAssemblyAttributesPath = obj\Debug\net8.0\.NETCoreApp,Version=v8.0.AssemblyAttributes.cs
                   TargetFrameworkMonikerDisplayName = .NET 8.0
                   TargetFrameworkSDKToolsDirectory = 
                   TargetFrameworkVersion = v8.0
                   TargetLatestRuntimePatch = false
                   TargetName = StaffManagement.Application
                   TargetPath = C:\Users\USER\OneDrive - Royal University of Phnom Penh\Desktop\Testing\StaffManagement\src\StaffManagement.Application\bin\Debug\net8.0\StaffManagement.Application.dll
                   TargetPlatformDisplayName =  
                   TargetPlatformIdentifier = 
                   TargetPlatformRegistryBase = Software\Microsoft\Microsoft SDKs\
                   TargetPlatformSdkPath = 
                   TargetPlatformVersion = 
                   TargetRefPath = C:\Users\USER\OneDrive - Royal University of Phnom Penh\Desktop\Testing\StaffManagement\src\StaffManagement.Application\obj\Debug\net8.0\ref\StaffManagement.Application.dll
                   TargetRuntime = Managed
                   TargetsCurrent = true
                   TargetsForTfmSpecificContentInPackage = ;PackTool;_PackProjectToolValidation
                   TargetsNet8 = true
                   ToolCommandName = StaffManagement.Application
                   ToolDepsJsonGeneratorProject = C:\Program Files\dotnet\sdk\8.0.403\Sdks\Microsoft.NET.Sdk\targets\GenerateDeps\GenerateDeps.proj
                   ToolEntryPoint = StaffManagement.Application.dll
                   TreatWarningsAsErrors = false
                   UnmanagedRegistrationDependsOn = 
                   UnmanagedUnregistrationDependsOn = 
                   UnsupportedTargetFrameworkVersion = 9.0
                   UseCommonOutputDirectory = false
                   UseDefaultPlatformLookupTables = true
                   UseHostCompilerIfAvailable = true
                   UseMSBuildTestInfrastructure = false
                   UseOSWinMdReferences = false
                   UseRidGraph = false
                   UserProfileRuntimeStorePath = C:\Users\USER\.dotnet\store
                   UserRuntimeConfig = C:\Users\USER\OneDrive - Royal University of Phnom Penh\Desktop\Testing\StaffManagement\src\StaffManagement.Application/runtimeconfig.template.json
                   UseSourcePath = true
                   UsingMicrosoftNETSdk = true
                   UsingNETSdkDefaults = true
                   Utf8Output = true
                   ValidateRuntimeIdentifierCompatibility = false
                   VerifyMatchingImplicitPackageVersion = true
                   Version = 1.0.0
                   VersionlessImplicitFrameworkDefine = NET
                   VersionPrefix = 1.0.0
                   VisualStudioVersion = 17.0
                   VSTestConsolePath = C:\Program Files\dotnet\sdk\8.0.403\vstest.console.dll
                   VSTestNoBuild = False
                   VSTestTargets = C:\Program Files\dotnet\sdk\8.0.403\\Microsoft.TestPlatform.targets
                   VSTestTaskAssemblyFile = Microsoft.TestPlatform.Build.dll
                   VsTestUseMSBuildOutput = False
                   WarningLevel = 8
                   WarningsAsErrors = ;NU1605;SYSLIB0011
                   WarnOnPackingNonPackableProject = false
                   WebReference_EnableLegacyEventingModel = false
                   WebReference_EnableProperties = true
                   WebReference_EnableSQLTypes = true
                   WMSJSProject = WJProject
                   WMSJSProjectDirectory = JavaScript
                   YieldDuringToolExecution = true

20:48:35.533     0>Initial Items:
                   _AllDirectoriesAbove
                       C:\
                       C:\Users
                       C:\Users\USER
                       C:\Users\USER\OneDrive - Royal University of Phnom Penh
                       C:\Users\USER\OneDrive - Royal University of Phnom Penh\Desktop
                       C:\Users\USER\OneDrive - Royal University of Phnom Penh\Desktop\Testing
                       C:\Users\USER\OneDrive - Royal University of Phnom Penh\Desktop\Testing\StaffManagement
                       C:\Users\USER\OneDrive - Royal University of Phnom Penh\Desktop\Testing\StaffManagement\src
                       C:\Users\USER\OneDrive - Royal University of Phnom Penh\Desktop\Testing\StaffManagement\src\StaffManagement.Application
                       C:\Users\USER\OneDrive - Royal University of Phnom Penh\Desktop\Testing\StaffManagement\src\StaffManagement.Application\Abstractions
                       C:\Users\USER\OneDrive - Royal University of Phnom Penh\Desktop\Testing\StaffManagement\src\StaffManagement.Application\Models
                   _ApplicationManifestFinal
                       bin\Debug\net8.0\Native.StaffManagement.Application.manifest
                           TargetPath = Native.StaffManagement.Application.manifest
                   _DebugSymbolsIntermediatePath
                       obj\Debug\net8.0\StaffManagement.Application.pdb
                   _DebugSymbolsOutputPath
                       bin\Debug\net8.0\StaffManagement.Application.pdb
                   _DeploymentManifestEntryPoint
                       obj\Debug\net8.0\StaffManagement.Application.dll
                           TargetPath = StaffManagement.Application.dll
                   _EolNetCoreTargetFrameworkVersions
                       1.0
                       1.1
                       2.0
                       2.1
                       2.2
                       3.0
                       3.1
                       5.0
                   _ExcludedKnownRuntimeIdentiferPlatforms
                       rhel.6
                       rhel.6
                       rhel.6
                       rhel.6
                       rhel.6
                       rhel.6
                       rhel.6
                       tizen.4.0.0
                       tizen.4.0.0
                       tizen.4.0.0
                       tizen.4.0.0
                       tizen.4.0.0
                       tizen.4.0.0
                       tizen.4.0.0
                       tizen.5.0.0
                       tizen.5.0.0
                       tizen.5.0.0
                       tizen.5.0.0
                       tizen.5.0.0
                       tizen.5.0.0
                       tizen.5.0.0
                   _KnownRuntimeIdentiferPlatforms
                       any
                       any
                       any
                       any
                       any
                       any
                       any
                       aot
                       aot
                       aot
                       aot
                       aot
                       aot
                       aot
                       freebsd
                       freebsd
                       freebsd
                       freebsd
                       freebsd
                       freebsd
                       freebsd
                       illumos
                       illumos
                       illumos
                       illumos
                       illumos
                       illumos
                       illumos
                       solaris
                       solaris
                       solaris
                       solaris
                       solaris
                       solaris
                       solaris
                       unix
                       unix
                       unix
                       unix
                       unix
                       unix
                       unix
                   _OutputPathItem
                       bin\Debug\net8.0\
                   _ResolveComReferenceCache
                       obj\Debug\net8.0\StaffManagement.Application.csproj.ResolveComReference.cache
                   _UnmanagedRegistrationCache
                       obj\StaffManagement.Application.csproj.UnmanagedRegistration.cache
                   AdditionalTargetFrameworkInfoProperty
                       _IsExecutable
                       _SelfContainedWasSpecified
                       IsRidAgnostic
                       SelfContained
                       ShouldBeValidatedAsExecutableReference
                   Analyzer
                       C:\Program Files\dotnet\sdk\8.0.403\Sdks\Microsoft.NET.Sdk\targets\..\analyzers\Microsoft.CodeAnalysis.CSharp.NetAnalyzers.dll
                           IsImplicitlyDefined = true
                       C:\Program Files\dotnet\sdk\8.0.403\Sdks\Microsoft.NET.Sdk\targets\..\analyzers\Microsoft.CodeAnalysis.NetAnalyzers.dll
                           IsImplicitlyDefined = true
                   AppConfigFileDestination
                       bin\Debug\net8.0\StaffManagement.Application.dll.config
                   ApplicationManifest
                       obj\Debug\net8.0\Native.StaffManagement.Application.manifest
                           TargetPath = Native.StaffManagement.Application.manifest
                   BuiltProjectOutputGroupKeyOutput
                       C:\Users\USER\OneDrive - Royal University of Phnom Penh\Desktop\Testing\StaffManagement\src\StaffManagement.Application\obj\Debug\net8.0\StaffManagement.Application.dll
                           IsKeyOutput = true
                           FinalOutputPath = C:\Users\USER\OneDrive - Royal University of Phnom Penh\Desktop\Testing\StaffManagement\src\StaffManagement.Application\bin\Debug\net8.0\StaffManagement.Application.dll
                           TargetPath = StaffManagement.Application.dll
                   ClsidMap
                       obj\Debug\net8.0\StaffManagement.Application.clsidmap
                   Compile
                       Abstractions\IStaffRepository.cs
                       Models\StaffDto.cs
                       Models\StaffSearchFilterDto.cs
                   CompilerVisibleProperty
                       _SupportedPlatformList
                       EnableComHosting
                       EnableGeneratedComInterfaceComImportInterop
                       EnforceExtendedAnalyzerRules
                       InvariantGlobalization
                       PlatformNeutralAssembly
                       ProjectDir
                       ProjectTypeGuids
                       RootNamespace
                       TargetFramework
                       TargetPlatformMinVersion
                       UsingMicrosoftNETSdkWeb
                   CopyUpToDateMarker
                       C:\Users\USER\OneDrive - Royal University of Phnom Penh\Desktop\Testing\StaffManagement\src\StaffManagement.Application\obj\Debug\net8.0\StaffMan.A3D8238D.Up2Date
                   CreateDirectory
                       C:\Users\USER\OneDrive - Royal University of Phnom Penh\Desktop\Testing\StaffManagement\src\StaffManagement.Application\obj\Debug\net8.0\refint\
                       obj\Debug\net8.0\ref
                   DebugSymbolsProjectOutputGroupOutput
                       C:\Users\USER\OneDrive - Royal University of Phnom Penh\Desktop\Testing\StaffManagement\src\StaffManagement.Application\obj\Debug\net8.0\StaffManagement.Application.pdb
                           FinalOutputPath = C:\Users\USER\OneDrive - Royal University of Phnom Penh\Desktop\Testing\StaffManagement\src\StaffManagement.Application\bin\Debug\net8.0\StaffManagement.Application.pdb
                           TargetPath = StaffManagement.Application.pdb
                   DeployManifest
                       obj\Debug\net8.0\StaffManagement.Application.application
                           TargetPath = StaffManagement.Application.application
                   EmbedInBinlog
                       C:\Users\USER\OneDrive - Royal University of Phnom Penh\Desktop\Testing\StaffManagement\src\StaffManagement.Application\obj\project.assets.json
                   FrameworkReference
                       Microsoft.NETCore.App
                           IsImplicitlyDefined = true
                           PrivateAssets = All
                           Pack = false
                   GenerateRuntimeConfigurationFilesInputs
                       C:\Users\USER\OneDrive - Royal University of Phnom Penh\Desktop\Testing\StaffManagement\src\StaffManagement.Application\obj\Debug\net8.0\StaffManagement.Application.assets.cache
                       C:\Users\USER\OneDrive - Royal University of Phnom Penh\Desktop\Testing\StaffManagement\src\StaffManagement.Application\obj\project.assets.json
                   GlobalAnalyzerConfigFiles
                       C:\.globalconfig
                       C:\Users\.globalconfig
                       C:\Users\USER\.globalconfig
                       C:\Users\USER\OneDrive - Royal University of Phnom Penh\.globalconfig
                       C:\Users\USER\OneDrive - Royal University of Phnom Penh\Desktop\.globalconfig
                       C:\Users\USER\OneDrive - Royal University of Phnom Penh\Desktop\Testing\.globalconfig
                       C:\Users\USER\OneDrive - Royal University of Phnom Penh\Desktop\Testing\StaffManagement\.globalconfig
                       C:\Users\USER\OneDrive - Royal University of Phnom Penh\Desktop\Testing\StaffManagement\src\.globalconfig
                       C:\Users\USER\OneDrive - Royal University of Phnom Penh\Desktop\Testing\StaffManagement\src\StaffManagement.Application\.globalconfig
                       C:\Users\USER\OneDrive - Royal University of Phnom Penh\Desktop\Testing\StaffManagement\src\StaffManagement.Application\Abstractions\.globalconfig
                       C:\Users\USER\OneDrive - Royal University of Phnom Penh\Desktop\Testing\StaffManagement\src\StaffManagement.Application\Models\.globalconfig
                   ImplicitPackageReferenceVersion
                       Microsoft.AspNetCore.All
                           LatestVersion = 2.1.30
                           DefaultVersion = 2.1.1
                           TargetFrameworkVersion = 2.1
                       Microsoft.AspNetCore.All
                           LatestVersion = 2.2.8
                           DefaultVersion = 2.2.0
                           TargetFrameworkVersion = 2.2
                       Microsoft.AspNetCore.App
                           LatestVersion = 2.1.30
                           DefaultVersion = 2.1.1
                           TargetFrameworkVersion = 2.1
                       Microsoft.AspNetCore.App
                           LatestVersion = 2.2.8
                           DefaultVersion = 2.2.0
                           TargetFrameworkVersion = 2.2
                       Microsoft.NETCore.App
                           LatestVersion = 1.0.16
                           DefaultVersion = 1.0.5
                           TargetFrameworkVersion = 1.0
                       Microsoft.NETCore.App
                           LatestVersion = 1.1.13
                           DefaultVersion = 1.1.2
                           TargetFrameworkVersion = 1.1
                       Microsoft.NETCore.App
                           LatestVersion = 2.0.9
                           DefaultVersion = 2.0.0
                           TargetFrameworkVersion = 2.0
                       Microsoft.NETCore.App
                           LatestVersion = 2.1.30
                           DefaultVersion = 2.1.0
                           TargetFrameworkVersion = 2.1
                       Microsoft.NETCore.App
                           LatestVersion = 2.2.8
                           DefaultVersion = 2.2.0
                           TargetFrameworkVersion = 2.2
                   IntermediateAssembly
                       obj\Debug\net8.0\StaffManagement.Application.dll
                   IntermediateRefAssembly
                       obj\Debug\net8.0\refint\StaffManagement.Application.dll
                   KnownAppHostPack
                       Microsoft.NETCore.App
                           ExcludedRuntimeIdentifiers = android
                           AppHostRuntimeIdentifiers = linux-arm;linux-arm64;linux-musl-arm64;linux-musl-x64;linux-x64;osx-x64;rhel.6-x64;tizen.4.0.0-armel;tizen.5.0.0-armel;win-arm64;win-x64;win-x86;linux-musl-arm;osx-arm64;linux-s390x;linux-bionic-arm;linux-bionic-arm64;linux-bionic-x64;linux-bionic-x86;linux-ppc64le
                           TargetFramework = net8.0
                           AppHostPackNamePattern = Microsoft.NETCore.App.Host.**RID**
                           AppHostPackVersion = 8.0.10
                       Microsoft.NETCore.App
                           ExcludedRuntimeIdentifiers = android
                           AppHostRuntimeIdentifiers = linux-arm;linux-arm64;linux-musl-arm64;linux-musl-x64;linux-x64;osx-x64;rhel.6-x64;tizen.4.0.0-armel;tizen.5.0.0-armel;win-arm;win-arm64;win-x64;win-x86;linux-musl-arm;osx-arm64;linux-s390x;linux-bionic-arm;linux-bionic-arm64;linux-bionic-x64;linux-bionic-x86;linux-ppc64le
                           TargetFramework = net7.0
                           AppHostPackNamePattern = Microsoft.NETCore.App.Host.**RID**
                           AppHostPackVersion = 7.0.20
                       Microsoft.NETCore.App
                           ExcludedRuntimeIdentifiers = android
                           AppHostRuntimeIdentifiers = linux-arm;linux-arm64;linux-musl-arm64;linux-musl-x64;linux-x64;osx-x64;rhel.6-x64;tizen.4.0.0-armel;tizen.5.0.0-armel;win-arm;win-arm64;win-x64;win-x86;linux-musl-arm;osx-arm64;linux-s390x
                           TargetFramework = net6.0
                           AppHostPackNamePattern = Microsoft.NETCore.App.Host.**RID**
                           AppHostPackVersion = 6.0.35
                       Microsoft.NETCore.App
                           AppHostRuntimeIdentifiers = linux-arm;linux-arm64;linux-musl-arm64;linux-musl-x64;linux-x64;osx-x64;rhel.6-x64;tizen.4.0.0-armel;tizen.5.0.0-armel;win-arm;win-arm64;win-x64;win-x86;linux-musl-arm
                           TargetFramework = net5.0
                           AppHostPackNamePattern = Microsoft.NETCore.App.Host.**RID**
                           AppHostPackVersion = 5.0.17
                       Microsoft.NETCore.App
                           AppHostRuntimeIdentifiers = linux-arm;linux-arm64;linux-musl-arm64;linux-musl-x64;linux-x64;osx-x64;rhel.6-x64;tizen.4.0.0-armel;tizen.5.0.0-armel;win-arm;win-arm64;win-x64;win-x86
                           TargetFramework = netcoreapp3.1
                           AppHostPackNamePattern = Microsoft.NETCore.App.Host.**RID**
                           AppHostPackVersion = 3.1.32
                       Microsoft.NETCore.App
                           AppHostRuntimeIdentifiers = linux-arm;linux-arm64;linux-musl-arm64;linux-musl-x64;linux-x64;osx-x64;rhel.6-x64;tizen.4.0.0-armel;tizen.5.0.0-armel;win-arm;win-arm64;win-x64;win-x86
                           TargetFramework = netcoreapp3.0
                           AppHostPackNamePattern = Microsoft.NETCore.App.Host.**RID**
                           AppHostPackVersion = 3.0.3
                   KnownCrossgen2Pack
                       Microsoft.NETCore.App.Crossgen2
                           Crossgen2RuntimeIdentifiers = linux-musl-x64;linux-x64;win-x64;linux-arm;linux-arm64;linux-musl-arm;linux-musl-arm64;osx-arm64;osx-x64;win-arm64;win-x86
                           TargetFramework = net8.0
                           Crossgen2PackNamePattern = Microsoft.NETCore.App.Crossgen2.**RID**
                           Crossgen2PackVersion = 8.0.10
                       Microsoft.NETCore.App.Crossgen2
                           Crossgen2RuntimeIdentifiers = linux-musl-x64;linux-x64;win-x64;linux-arm;linux-arm64;linux-musl-arm;linux-musl-arm64;osx-arm64;osx-x64;win-arm;win-arm64;win-x86
                           TargetFramework = net7.0
                           Crossgen2PackNamePattern = Microsoft.NETCore.App.Crossgen2.**RID**
                           Crossgen2PackVersion = 7.0.20
                       Microsoft.NETCore.App.Crossgen2
                           Crossgen2RuntimeIdentifiers = linux-musl-x64;linux-x64;win-x64;linux-arm;linux-arm64;linux-musl-arm;linux-musl-arm64;osx-arm64;osx-x64;win-arm;win-arm64;win-x86
                           TargetFramework = net6.0
                           Crossgen2PackNamePattern = Microsoft.NETCore.App.Crossgen2.**RID**
                           Crossgen2PackVersion = 6.0.35
                       Microsoft.NETCore.App.Crossgen2
                           Crossgen2RuntimeIdentifiers = linux-musl-x64;linux-x64;win-x64
                           TargetFramework = net5.0
                           Crossgen2PackNamePattern = Microsoft.NETCore.App.Crossgen2.**RID**
                           Crossgen2PackVersion = 5.0.17
                   KnownFrameworkReference
                       Microsoft.AspNetCore.App
                           TargetFramework = netcoreapp3.0
                           DefaultRuntimeFrameworkVersion = 3.0.0
                           TargetingPackName = Microsoft.AspNetCore.App.Ref
                           LatestRuntimeFrameworkVersion = 3.0.3
                           RuntimePackRuntimeIdentifiers = win-x64;win-x86;win-arm;osx-x64;linux-musl-x64;linux-musl-arm64;linux-x64;linux-arm;linux-arm64
                           RuntimePackNamePatterns = Microsoft.AspNetCore.App.Runtime.**RID**
                           TargetingPackVersion = 3.0.1
                           RuntimeFrameworkName = Microsoft.AspNetCore.App
                       Microsoft.AspNetCore.App
                           TargetFramework = netcoreapp3.1
                           DefaultRuntimeFrameworkVersion = 3.1.0
                           TargetingPackName = Microsoft.AspNetCore.App.Ref
                           LatestRuntimeFrameworkVersion = 3.1.32
                           RuntimePackRuntimeIdentifiers = win-x64;win-x86;win-arm;osx-x64;linux-musl-x64;linux-musl-arm64;linux-x64;linux-arm;linux-arm64
                           RuntimePackNamePatterns = Microsoft.AspNetCore.App.Runtime.**RID**
                           TargetingPackVersion = 3.1.10
                           RuntimeFrameworkName = Microsoft.AspNetCore.App
                       Microsoft.AspNetCore.App
                           TargetFramework = net7.0
                           DefaultRuntimeFrameworkVersion = 7.0.0
                           TargetingPackName = Microsoft.AspNetCore.App.Ref
                           LatestRuntimeFrameworkVersion = 7.0.20
                           RuntimePackExcludedRuntimeIdentifiers = android
                           RuntimePackRuntimeIdentifiers = win-x64;win-x86;win-arm;osx-x64;linux-musl-x64;linux-musl-arm64;linux-x64;linux-arm;linux-arm64;linux-musl-arm;win-arm64;osx-arm64;linux-s390x;linux-ppc64le
                           RuntimePackNamePatterns = Microsoft.AspNetCore.App.Runtime.**RID**
                           TargetingPackVersion = 7.0.20
                           RuntimeFrameworkName = Microsoft.AspNetCore.App
                       Microsoft.AspNetCore.App
                           TargetFramework = net8.0
                           DefaultRuntimeFrameworkVersion = 8.0.0
                           TargetingPackName = Microsoft.AspNetCore.App.Ref
                           LatestRuntimeFrameworkVersion = 8.0.10
                           RuntimePackExcludedRuntimeIdentifiers = android;linux-bionic
                           RuntimePackRuntimeIdentifiers = win-x64;win-x86;win-arm;osx-x64;linux-musl-x64;linux-musl-arm64;linux-x64;linux-arm;linux-arm64;linux-musl-arm;win-arm64;osx-arm64;linux-s390x;linux-ppc64le
                           RuntimePackNamePatterns = Microsoft.AspNetCore.App.Runtime.**RID**
                           TargetingPackVersion = 8.0.10
                           RuntimeFrameworkName = Microsoft.AspNetCore.App
                       Microsoft.AspNetCore.App
                           TargetFramework = net5.0
                           DefaultRuntimeFrameworkVersion = 5.0.0
                           TargetingPackName = Microsoft.AspNetCore.App.Ref
                           LatestRuntimeFrameworkVersion = 5.0.17
                           RuntimePackRuntimeIdentifiers = win-x64;win-x86;win-arm;osx-x64;linux-musl-x64;linux-musl-arm64;linux-x64;linux-arm;linux-arm64;linux-musl-arm;win-arm64
                           RuntimePackNamePatterns = Microsoft.AspNetCore.App.Runtime.**RID**
                           TargetingPackVersion = 5.0.0
                           RuntimeFrameworkName = Microsoft.AspNetCore.App
                       Microsoft.AspNetCore.App
                           TargetFramework = net6.0
                           DefaultRuntimeFrameworkVersion = 6.0.0
                           TargetingPackName = Microsoft.AspNetCore.App.Ref
                           LatestRuntimeFrameworkVersion = 6.0.35
                           RuntimePackRuntimeIdentifiers = win-x64;win-x86;win-arm;osx-x64;linux-musl-x64;linux-musl-arm64;linux-x64;linux-arm;linux-arm64;linux-musl-arm;win-arm64;osx-arm64;linux-s390x
                           RuntimePackNamePatterns = Microsoft.AspNetCore.App.Runtime.**RID**
                           TargetingPackVersion = 6.0.35
                           RuntimeFrameworkName = Microsoft.AspNetCore.App
                       Microsoft.NETCore.App
                           TargetFramework = net8.0
                           DefaultRuntimeFrameworkVersion = 8.0.0
                           TargetingPackName = Microsoft.NETCore.App.Ref
                           LatestRuntimeFrameworkVersion = 8.0.10
                           RuntimePackRuntimeIdentifiers = linux-arm;linux-arm64;linux-musl-arm64;linux-musl-x64;linux-x64;osx-x64;rhel.6-x64;tizen.4.0.0-armel;tizen.5.0.0-armel;win-arm64;win-x64;win-x86;linux-musl-arm;osx-arm64;linux-s390x;linux-bionic-arm;linux-bionic-arm64;linux-bionic-x64;linux-bionic-x86;linux-ppc64le
                           RuntimePackNamePatterns = Microsoft.NETCore.App.Runtime.**RID**
                           TargetingPackVersion = 8.0.10
                           RuntimeFrameworkName = Microsoft.NETCore.App
                       Microsoft.NETCore.App
                           TargetFramework = net5.0
                           DefaultRuntimeFrameworkVersion = 5.0.0
                           TargetingPackName = Microsoft.NETCore.App.Ref
                           LatestRuntimeFrameworkVersion = 5.0.17
                           RuntimePackRuntimeIdentifiers = linux-arm;linux-arm64;linux-musl-arm64;linux-musl-x64;linux-x64;osx-x64;rhel.6-x64;tizen.4.0.0-armel;tizen.5.0.0-armel;win-arm;win-arm64;win-x64;win-x86;linux-musl-arm;browser-wasm
                           RuntimePackNamePatterns = Microsoft.NETCore.App.Runtime.**RID**
                           TargetingPackVersion = 5.0.0
                           IsTrimmable = true
                           RuntimeFrameworkName = Microsoft.NETCore.App
                       Microsoft.NETCore.App
                           TargetFramework = net7.0
                           DefaultRuntimeFrameworkVersion = 7.0.0
                           TargetingPackName = Microsoft.NETCore.App.Ref
                           LatestRuntimeFrameworkVersion = 7.0.20
                           RuntimePackRuntimeIdentifiers = linux-arm;linux-arm64;linux-musl-arm64;linux-musl-x64;linux-x64;osx-x64;rhel.6-x64;tizen.4.0.0-armel;tizen.5.0.0-armel;win-arm;win-arm64;win-x64;win-x86;linux-musl-arm;osx-arm64;linux-s390x;linux-bionic-arm;linux-bionic-arm64;linux-bionic-x64;linux-bionic-x86;linux-ppc64le
                           RuntimePackNamePatterns = Microsoft.NETCore.App.Runtime.**RID**
                           TargetingPackVersion = 7.0.20
                           RuntimeFrameworkName = Microsoft.NETCore.App
                       Microsoft.NETCore.App
                           TargetFramework = netcoreapp3.1
                           DefaultRuntimeFrameworkVersion = 3.1.0
                           TargetingPackName = Microsoft.NETCore.App.Ref
                           LatestRuntimeFrameworkVersion = 3.1.32
                           RuntimePackRuntimeIdentifiers = linux-arm;linux-arm64;linux-musl-arm64;linux-musl-x64;linux-x64;osx-x64;rhel.6-x64;tizen.4.0.0-armel;tizen.5.0.0-armel;win-arm;win-arm64;win-x64;win-x86
                           RuntimePackNamePatterns = Microsoft.NETCore.App.Runtime.**RID**
                           TargetingPackVersion = 3.1.0
                           IsTrimmable = true
                           RuntimeFrameworkName = Microsoft.NETCore.App
                       Microsoft.NETCore.App
                           TargetFramework = netcoreapp3.0
                           DefaultRuntimeFrameworkVersion = 3.0.0
                           TargetingPackName = Microsoft.NETCore.App.Ref
                           LatestRuntimeFrameworkVersion = 3.0.3
                           RuntimePackRuntimeIdentifiers = linux-arm;linux-arm64;linux-musl-arm64;linux-musl-x64;linux-x64;osx-x64;rhel.6-x64;tizen.4.0.0-armel;tizen.5.0.0-armel;win-arm;win-arm64;win-x64;win-x86
                           RuntimePackNamePatterns = Microsoft.NETCore.App.Runtime.**RID**
                           TargetingPackVersion = 3.0.0
                           IsTrimmable = true
                           RuntimeFrameworkName = Microsoft.NETCore.App
                       Microsoft.NETCore.App
                           TargetFramework = net6.0
                           DefaultRuntimeFrameworkVersion = 6.0.0
                           TargetingPackName = Microsoft.NETCore.App.Ref
                           LatestRuntimeFrameworkVersion = 6.0.35
                           RuntimePackRuntimeIdentifiers = linux-arm;linux-arm64;linux-musl-arm64;linux-musl-x64;linux-x64;osx-x64;rhel.6-x64;tizen.4.0.0-armel;tizen.5.0.0-armel;win-arm;win-arm64;win-x64;win-x86;linux-musl-arm;osx-arm64;linux-s390x
                           RuntimePackNamePatterns = Microsoft.NETCore.App.Runtime.**RID**
                           TargetingPackVersion = 6.0.35
                           RuntimeFrameworkName = Microsoft.NETCore.App
                       Microsoft.Windows.SDK.NET.Ref
                           RuntimePackAlwaysCopyLocal = true
                           TargetFramework = net5.0-windows10.0.18362.0
                           DefaultRuntimeFrameworkVersion = 10.0.18362.44
                           TargetingPackName = Microsoft.Windows.SDK.NET.Ref
                           IsWindowsOnly = true
                           LatestRuntimeFrameworkVersion = 10.0.18362.44
                           RuntimePackRuntimeIdentifiers = any
                           RuntimePackNamePatterns = Microsoft.Windows.SDK.NET.Ref
                           TargetingPackVersion = 10.0.18362.44
                           RuntimeFrameworkName = Microsoft.Windows.SDK.NET.Ref
                       Microsoft.Windows.SDK.NET.Ref
                           RuntimePackAlwaysCopyLocal = true
                           TargetFramework = net5.0-windows10.0.19041.0
                           DefaultRuntimeFrameworkVersion = 10.0.19041.44
                           TargetingPackName = Microsoft.Windows.SDK.NET.Ref
                           IsWindowsOnly = true
                           LatestRuntimeFrameworkVersion = 10.0.19041.44
                           RuntimePackRuntimeIdentifiers = any
                           RuntimePackNamePatterns = Microsoft.Windows.SDK.NET.Ref
                           TargetingPackVersion = 10.0.19041.44
                           RuntimeFrameworkName = Microsoft.Windows.SDK.NET.Ref
                       Microsoft.Windows.SDK.NET.Ref
                           RuntimePackAlwaysCopyLocal = true
                           TargetFramework = net6.0-windows10.0.19041.0
                           DefaultRuntimeFrameworkVersion = 10.0.19041.44
                           TargetingPackName = Microsoft.Windows.SDK.NET.Ref
                           IsWindowsOnly = true
                           LatestRuntimeFrameworkVersion = 10.0.19041.44
                           RuntimePackRuntimeIdentifiers = any
                           RuntimePackNamePatterns = Microsoft.Windows.SDK.NET.Ref
                           TargetingPackVersion = 10.0.19041.44
                           RuntimeFrameworkName = Microsoft.Windows.SDK.NET.Ref
                       Microsoft.Windows.SDK.NET.Ref
                           RuntimePackAlwaysCopyLocal = true
                           TargetFramework = net6.0-windows10.0.18362.0
                           DefaultRuntimeFrameworkVersion = 10.0.18362.44
                           TargetingPackName = Microsoft.Windows.SDK.NET.Ref
                           IsWindowsOnly = true
                           LatestRuntimeFrameworkVersion = 10.0.18362.44
                           RuntimePackRuntimeIdentifiers = any
                           RuntimePackNamePatterns = Microsoft.Windows.SDK.NET.Ref
                           TargetingPackVersion = 10.0.18362.44
                           RuntimeFrameworkName = Microsoft.Windows.SDK.NET.Ref
                       Microsoft.Windows.SDK.NET.Ref
                           RuntimePackAlwaysCopyLocal = true
                           TargetFramework = net5.0-windows10.0.17763.0
                           DefaultRuntimeFrameworkVersion = 10.0.17763.44
                           TargetingPackName = Microsoft.Windows.SDK.NET.Ref
                           IsWindowsOnly = true
                           LatestRuntimeFrameworkVersion = 10.0.17763.44
                           RuntimePackRuntimeIdentifiers = any
                           RuntimePackNamePatterns = Microsoft.Windows.SDK.NET.Ref
                           TargetingPackVersion = 10.0.17763.44
                           RuntimeFrameworkName = Microsoft.Windows.SDK.NET.Ref
                       Microsoft.Windows.SDK.NET.Ref
                           RuntimePackAlwaysCopyLocal = true
                           TargetFramework = net6.0-windows10.0.17763.0
                           DefaultRuntimeFrameworkVersion = 10.0.17763.44
                           TargetingPackName = Microsoft.Windows.SDK.NET.Ref
                           IsWindowsOnly = true
                           LatestRuntimeFrameworkVersion = 10.0.17763.44
                           RuntimePackRuntimeIdentifiers = any
                           RuntimePackNamePatterns = Microsoft.Windows.SDK.NET.Ref
                           TargetingPackVersion = 10.0.17763.44
                           RuntimeFrameworkName = Microsoft.Windows.SDK.NET.Ref
                       Microsoft.Windows.SDK.NET.Ref
                           RuntimePackAlwaysCopyLocal = true
                           TargetFramework = net8.0-windows10.0.18362.0
                           DefaultRuntimeFrameworkVersion = 10.0.18362.44
                           TargetingPackName = Microsoft.Windows.SDK.NET.Ref
                           IsWindowsOnly = true
                           LatestRuntimeFrameworkVersion = 10.0.18362.44
                           RuntimePackRuntimeIdentifiers = any
                           RuntimePackNamePatterns = Microsoft.Windows.SDK.NET.Ref
                           TargetingPackVersion = 10.0.18362.44
                           RuntimeFrameworkName = Microsoft.Windows.SDK.NET.Ref
                       Microsoft.Windows.SDK.NET.Ref
                           RuntimePackAlwaysCopyLocal = true
                           TargetFramework = net7.0-windows10.0.19041.0
                           DefaultRuntimeFrameworkVersion = 10.0.19041.44
                           TargetingPackName = Microsoft.Windows.SDK.NET.Ref
                           IsWindowsOnly = true
                           LatestRuntimeFrameworkVersion = 10.0.19041.44
                           RuntimePackRuntimeIdentifiers = any
                           RuntimePackNamePatterns = Microsoft.Windows.SDK.NET.Ref
                           TargetingPackVersion = 10.0.19041.44
                           RuntimeFrameworkName = Microsoft.Windows.SDK.NET.Ref
                       Microsoft.Windows.SDK.NET.Ref
                           RuntimePackAlwaysCopyLocal = true
                           TargetFramework = net7.0-windows10.0.18362.0
                           DefaultRuntimeFrameworkVersion = 10.0.18362.44
                           TargetingPackName = Microsoft.Windows.SDK.NET.Ref
                           IsWindowsOnly = true
                           LatestRuntimeFrameworkVersion = 10.0.18362.44
                           RuntimePackRuntimeIdentifiers = any
                           RuntimePackNamePatterns = Microsoft.Windows.SDK.NET.Ref
                           TargetingPackVersion = 10.0.18362.44
                           RuntimeFrameworkName = Microsoft.Windows.SDK.NET.Ref
                       Microsoft.Windows.SDK.NET.Ref
                           RuntimePackAlwaysCopyLocal = true
                           TargetFramework = net7.0-windows10.0.17763.0
                           DefaultRuntimeFrameworkVersion = 10.0.17763.44
                           TargetingPackName = Microsoft.Windows.SDK.NET.Ref
                           IsWindowsOnly = true
                           LatestRuntimeFrameworkVersion = 10.0.17763.44
                           RuntimePackRuntimeIdentifiers = any
                           RuntimePackNamePatterns = Microsoft.Windows.SDK.NET.Ref
                           TargetingPackVersion = 10.0.17763.44
                           RuntimeFrameworkName = Microsoft.Windows.SDK.NET.Ref
                       Microsoft.Windows.SDK.NET.Ref
                           RuntimePackAlwaysCopyLocal = true
                           TargetFramework = net8.0-windows10.0.17763.0
                           DefaultRuntimeFrameworkVersion = 10.0.17763.44
                           TargetingPackName = Microsoft.Windows.SDK.NET.Ref
                           IsWindowsOnly = true
                           LatestRuntimeFrameworkVersion = 10.0.17763.44
                           RuntimePackRuntimeIdentifiers = any
                           RuntimePackNamePatterns = Microsoft.Windows.SDK.NET.Ref
                           TargetingPackVersion = 10.0.17763.44
                           RuntimeFrameworkName = Microsoft.Windows.SDK.NET.Ref
                       Microsoft.Windows.SDK.NET.Ref
                           RuntimePackAlwaysCopyLocal = true
                           TargetFramework = net8.0-windows10.0.19041.0
                           DefaultRuntimeFrameworkVersion = 10.0.19041.44
                           TargetingPackName = Microsoft.Windows.SDK.NET.Ref
                           IsWindowsOnly = true
                           LatestRuntimeFrameworkVersion = 10.0.19041.44
                           RuntimePackRuntimeIdentifiers = any
                           RuntimePackNamePatterns = Microsoft.Windows.SDK.NET.Ref
                           TargetingPackVersion = 10.0.19041.44
                           RuntimeFrameworkName = Microsoft.Windows.SDK.NET.Ref
                       Microsoft.WindowsDesktop.App
                           TargetFramework = netcoreapp3.0
                           DefaultRuntimeFrameworkVersion = 3.0.0
                           TargetingPackName = Microsoft.WindowsDesktop.App.Ref
                           IsWindowsOnly = true
                           LatestRuntimeFrameworkVersion = 3.0.3
                           RuntimePackRuntimeIdentifiers = win-x64;win-x86
                           RuntimePackNamePatterns = Microsoft.WindowsDesktop.App.Runtime.**RID**
                           TargetingPackVersion = 3.0.0
                           RuntimeFrameworkName = Microsoft.WindowsDesktop.App
                       Microsoft.WindowsDesktop.App
                           TargetFramework = netcoreapp3.1
                           DefaultRuntimeFrameworkVersion = 3.1.0
                           TargetingPackName = Microsoft.WindowsDesktop.App.Ref
                           IsWindowsOnly = true
                           LatestRuntimeFrameworkVersion = 3.1.32
                           RuntimePackRuntimeIdentifiers = win-x64;win-x86
                           RuntimePackNamePatterns = Microsoft.WindowsDesktop.App.Runtime.**RID**
                           TargetingPackVersion = 3.1.0
                           RuntimeFrameworkName = Microsoft.WindowsDesktop.App
                       Microsoft.WindowsDesktop.App
                           TargetFramework = net6.0
                           DefaultRuntimeFrameworkVersion = 6.0.0
                           TargetingPackName = Microsoft.WindowsDesktop.App.Ref
                           IsWindowsOnly = true
                           LatestRuntimeFrameworkVersion = 6.0.35
                           RuntimePackRuntimeIdentifiers = win-x64;win-x86;win-arm64
                           RuntimePackNamePatterns = Microsoft.WindowsDesktop.App.Runtime.**RID**
                           TargetingPackVersion = 6.0.35
                           RuntimeFrameworkName = Microsoft.WindowsDesktop.App
                       Microsoft.WindowsDesktop.App
                           TargetFramework = net7.0
                           DefaultRuntimeFrameworkVersion = 7.0.0
                           TargetingPackName = Microsoft.WindowsDesktop.App.Ref
                           IsWindowsOnly = true
                           LatestRuntimeFrameworkVersion = 7.0.20
                           RuntimePackRuntimeIdentifiers = win-x64;win-x86;win-arm64
                           RuntimePackNamePatterns = Microsoft.WindowsDesktop.App.Runtime.**RID**
                           TargetingPackVersion = 7.0.20
                           RuntimeFrameworkName = Microsoft.WindowsDesktop.App
                       Microsoft.WindowsDesktop.App
                           TargetFramework = net8.0
                           DefaultRuntimeFrameworkVersion = 8.0.0
                           TargetingPackName = Microsoft.WindowsDesktop.App.Ref
                           IsWindowsOnly = true
                           LatestRuntimeFrameworkVersion = 8.0.10
                           RuntimePackRuntimeIdentifiers = win-x64;win-x86;win-arm64
                           RuntimePackNamePatterns = Microsoft.WindowsDesktop.App.Runtime.**RID**
                           TargetingPackVersion = 8.0.10
                           RuntimeFrameworkName = Microsoft.WindowsDesktop.App
                       Microsoft.WindowsDesktop.App
                           TargetFramework = net5.0
                           DefaultRuntimeFrameworkVersion = 5.0.0
                           TargetingPackName = Microsoft.WindowsDesktop.App.Ref
                           IsWindowsOnly = true
                           LatestRuntimeFrameworkVersion = 5.0.17
                           RuntimePackRuntimeIdentifiers = win-x64;win-x86;win-arm64
                           RuntimePackNamePatterns = Microsoft.WindowsDesktop.App.Runtime.**RID**
                           TargetingPackVersion = 5.0.0
                           RuntimeFrameworkName = Microsoft.WindowsDesktop.App
                       Microsoft.WindowsDesktop.App.WindowsForms
                           TargetFramework = netcoreapp3.0
                           DefaultRuntimeFrameworkVersion = 3.0.0
                           TargetingPackName = Microsoft.WindowsDesktop.App.Ref
                           IsWindowsOnly = true
                           LatestRuntimeFrameworkVersion = 3.0.3
                           RuntimePackRuntimeIdentifiers = win-x64;win-x86
                           RuntimePackNamePatterns = Microsoft.WindowsDesktop.App.Runtime.**RID**
                           TargetingPackVersion = 3.0.0
                           Profile = WindowsForms
                           RuntimeFrameworkName = Microsoft.WindowsDesktop.App
                       Microsoft.WindowsDesktop.App.WindowsForms
                           TargetFramework = net8.0
                           DefaultRuntimeFrameworkVersion = 8.0.0
                           TargetingPackName = Microsoft.WindowsDesktop.App.Ref
                           IsWindowsOnly = true
                           LatestRuntimeFrameworkVersion = 8.0.10
                           RuntimePackRuntimeIdentifiers = win-x64;win-x86;win-arm64
                           RuntimePackNamePatterns = Microsoft.WindowsDesktop.App.Runtime.**RID**
                           TargetingPackVersion = 8.0.10
                           Profile = WindowsForms
                           RuntimeFrameworkName = Microsoft.WindowsDesktop.App
                       Microsoft.WindowsDesktop.App.WindowsForms
                           TargetFramework = net7.0
                           DefaultRuntimeFrameworkVersion = 7.0.0
                           TargetingPackName = Microsoft.WindowsDesktop.App.Ref
                           IsWindowsOnly = true
                           LatestRuntimeFrameworkVersion = 7.0.20
                           RuntimePackRuntimeIdentifiers = win-x64;win-x86;win-arm64
                           RuntimePackNamePatterns = Microsoft.WindowsDesktop.App.Runtime.**RID**
                           TargetingPackVersion = 7.0.20
                           Profile = WindowsForms
                           RuntimeFrameworkName = Microsoft.WindowsDesktop.App
                       Microsoft.WindowsDesktop.App.WindowsForms
                           TargetFramework = net6.0
                           DefaultRuntimeFrameworkVersion = 6.0.0
                           TargetingPackName = Microsoft.WindowsDesktop.App.Ref
                           IsWindowsOnly = true
                           LatestRuntimeFrameworkVersion = 6.0.35
                           RuntimePackRuntimeIdentifiers = win-x64;win-x86;win-arm64
                           RuntimePackNamePatterns = Microsoft.WindowsDesktop.App.Runtime.**RID**
                           TargetingPackVersion = 6.0.35
                           Profile = WindowsForms
                           RuntimeFrameworkName = Microsoft.WindowsDesktop.App
                       Microsoft.WindowsDesktop.App.WindowsForms
                           TargetFramework = netcoreapp3.1
                           DefaultRuntimeFrameworkVersion = 3.1.0
                           TargetingPackName = Microsoft.WindowsDesktop.App.Ref
                           IsWindowsOnly = true
                           LatestRuntimeFrameworkVersion = 3.1.32
                           RuntimePackRuntimeIdentifiers = win-x64;win-x86
                           RuntimePackNamePatterns = Microsoft.WindowsDesktop.App.Runtime.**RID**
                           TargetingPackVersion = 3.1.0
                           Profile = WindowsForms
                           RuntimeFrameworkName = Microsoft.WindowsDesktop.App
                       Microsoft.WindowsDesktop.App.WindowsForms
                           TargetFramework = net5.0
                           DefaultRuntimeFrameworkVersion = 5.0.0
                           TargetingPackName = Microsoft.WindowsDesktop.App.Ref
                           IsWindowsOnly = true
                           LatestRuntimeFrameworkVersion = 5.0.17
                           RuntimePackRuntimeIdentifiers = win-x64;win-x86;win-arm64
                           RuntimePackNamePatterns = Microsoft.WindowsDesktop.App.Runtime.**RID**
                           TargetingPackVersion = 5.0.0
                           Profile = WindowsForms
                           RuntimeFrameworkName = Microsoft.WindowsDesktop.App
                       Microsoft.WindowsDesktop.App.WPF
                           TargetFramework = netcoreapp3.0
                           DefaultRuntimeFrameworkVersion = 3.0.0
                           TargetingPackName = Microsoft.WindowsDesktop.App.Ref
                           IsWindowsOnly = true
                           LatestRuntimeFrameworkVersion = 3.0.3
                           RuntimePackRuntimeIdentifiers = win-x64;win-x86
                           RuntimePackNamePatterns = Microsoft.WindowsDesktop.App.Runtime.**RID**
                           TargetingPackVersion = 3.0.0
                           Profile = WPF
                           RuntimeFrameworkName = Microsoft.WindowsDesktop.App
                       Microsoft.WindowsDesktop.App.WPF
                           TargetFramework = net6.0
                           DefaultRuntimeFrameworkVersion = 6.0.0
                           TargetingPackName = Microsoft.WindowsDesktop.App.Ref
                           IsWindowsOnly = true
                           LatestRuntimeFrameworkVersion = 6.0.35
                           RuntimePackRuntimeIdentifiers = win-x64;win-x86;win-arm64
                           RuntimePackNamePatterns = Microsoft.WindowsDesktop.App.Runtime.**RID**
                           TargetingPackVersion = 6.0.35
                           Profile = WPF
                           RuntimeFrameworkName = Microsoft.WindowsDesktop.App
                       Microsoft.WindowsDesktop.App.WPF
                           TargetFramework = netcoreapp3.1
                           DefaultRuntimeFrameworkVersion = 3.1.0
                           TargetingPackName = Microsoft.WindowsDesktop.App.Ref
                           IsWindowsOnly = true
                           LatestRuntimeFrameworkVersion = 3.1.32
                           RuntimePackRuntimeIdentifiers = win-x64;win-x86
                           RuntimePackNamePatterns = Microsoft.WindowsDesktop.App.Runtime.**RID**
                           TargetingPackVersion = 3.1.0
                           Profile = WPF
                           RuntimeFrameworkName = Microsoft.WindowsDesktop.App
                       Microsoft.WindowsDesktop.App.WPF
                           TargetFramework = net5.0
                           DefaultRuntimeFrameworkVersion = 5.0.0
                           TargetingPackName = Microsoft.WindowsDesktop.App.Ref
                           IsWindowsOnly = true
                           LatestRuntimeFrameworkVersion = 5.0.17
                           RuntimePackRuntimeIdentifiers = win-x64;win-x86;win-arm64
                           RuntimePackNamePatterns = Microsoft.WindowsDesktop.App.Runtime.**RID**
                           TargetingPackVersion = 5.0.0
                           Profile = WPF
                           RuntimeFrameworkName = Microsoft.WindowsDesktop.App
                       Microsoft.WindowsDesktop.App.WPF
                           TargetFramework = net7.0
                           DefaultRuntimeFrameworkVersion = 7.0.0
                           TargetingPackName = Microsoft.WindowsDesktop.App.Ref
                           IsWindowsOnly = true
                           LatestRuntimeFrameworkVersion = 7.0.20
                           RuntimePackRuntimeIdentifiers = win-x64;win-x86;win-arm64
                           RuntimePackNamePatterns = Microsoft.WindowsDesktop.App.Runtime.**RID**
                           TargetingPackVersion = 7.0.20
                           Profile = WPF
                           RuntimeFrameworkName = Microsoft.WindowsDesktop.App
                       Microsoft.WindowsDesktop.App.WPF
                           TargetFramework = net8.0
                           DefaultRuntimeFrameworkVersion = 8.0.0
                           TargetingPackName = Microsoft.WindowsDesktop.App.Ref
                           IsWindowsOnly = true
                           LatestRuntimeFrameworkVersion = 8.0.10
                           RuntimePackRuntimeIdentifiers = win-x64;win-x86;win-arm64
                           RuntimePackNamePatterns = Microsoft.WindowsDesktop.App.Runtime.**RID**
                           TargetingPackVersion = 8.0.10
                           Profile = WPF
                           RuntimeFrameworkName = Microsoft.WindowsDesktop.App
                       NETStandard.Library
                           TargetFramework = netstandard2.1
                           TargetingPackName = NETStandard.Library.Ref
                           TargetingPackVersion = 2.1.0
                   KnownILCompilerPack
                       Microsoft.DotNet.ILCompiler
                           ILCompilerPackNamePattern = runtime.**RID**.Microsoft.DotNet.ILCompiler
                           TargetFramework = net8.0
                           ILCompilerPackVersion = 8.0.10
                           ILCompilerRuntimeIdentifiers = linux-arm64;linux-musl-arm64;linux-musl-x64;linux-x64;win-arm64;win-x64;osx-x64;osx-arm64
                       Microsoft.DotNet.ILCompiler
                           ILCompilerPackNamePattern = runtime.**RID**.Microsoft.DotNet.ILCompiler
                           TargetFramework = net7.0
                           ILCompilerPackVersion = 7.0.20
                           ILCompilerRuntimeIdentifiers = linux-arm64;linux-musl-arm64;linux-musl-x64;linux-x64;win-arm64;win-x64
                   KnownILLinkPack
                       Microsoft.NET.ILLink.Tasks
                           TargetFramework = net8.0
                           ILLinkPackVersion = 8.0.10
                       Microsoft.NET.ILLink.Tasks
                           TargetFramework = net7.0
                           ILLinkPackVersion = 7.0.100-1.23401.1
                       Microsoft.NET.ILLink.Tasks
                           TargetFramework = net6.0
                           ILLinkPackVersion = 7.0.100-1.23401.1
                       Microsoft.NET.ILLink.Tasks
                           TargetFramework = net5.0
                           ILLinkPackVersion = 7.0.100-1.23401.1
                       Microsoft.NET.ILLink.Tasks
                           TargetFramework = netcoreapp3.1
                           ILLinkPackVersion = 7.0.100-1.23401.1
                       Microsoft.NET.ILLink.Tasks
                           TargetFramework = netcoreapp3.0
                           ILLinkPackVersion = 7.0.100-1.23401.1
                   KnownRuntimePack
                       Microsoft.NETCore.App
                           TargetFramework = net8.0
                           LatestRuntimeFrameworkVersion = 8.0.10
                           RuntimePackRuntimeIdentifiers = ios-arm64;iossimulator-arm64;iossimulator-x64;tvos-arm64;tvossimulator-arm64;tvossimulator-x64;maccatalyst-arm64;maccatalyst-x64;linux-bionic-arm64;linux-bionic-x64;osx-arm64;osx-x64
                           RuntimePackNamePatterns = Microsoft.NETCore.App.Runtime.NativeAOT.**RID**
                           RuntimePackLabels = NativeAOT
                           RuntimeFrameworkName = Microsoft.NETCore.App
                       Microsoft.NETCore.App
                           TargetFramework = net8.0
                           LatestRuntimeFrameworkVersion = 8.0.10
                           RuntimePackRuntimeIdentifiers = linux-arm;linux-arm64;linux-musl-arm64;linux-musl-x64;linux-x64;osx-x64;rhel.6-x64;win-arm64;win-x64;win-x86;linux-musl-arm;osx-arm64;linux-s390x;browser-wasm;ios-arm64;ios-arm;iossimulator-arm64;iossimulator-x64;iossimulator-x86;tvos-arm64;tvossimulator-arm64;tvossimulator-x64;maccatalyst-x64;maccatalyst-arm64;android-arm64;android-arm;android-x64;android-x86
                           RuntimePackNamePatterns = Microsoft.NETCore.App.Runtime.Mono.**RID**
                           RuntimePackLabels = Mono
                           RuntimeFrameworkName = Microsoft.NETCore.App
                       Microsoft.NETCore.App
                           TargetFramework = net7.0
                           LatestRuntimeFrameworkVersion = 7.0.20
                           RuntimePackRuntimeIdentifiers = linux-arm;linux-arm64;linux-musl-arm64;linux-musl-x64;linux-x64;osx-x64;rhel.6-x64;win-arm;win-arm64;win-x64;win-x86;linux-musl-arm;osx-arm64;linux-s390x;browser-wasm;ios-arm64;ios-arm;iossimulator-arm64;iossimulator-x64;iossimulator-x86;tvos-arm64;tvossimulator-arm64;tvossimulator-x64;maccatalyst-x64;maccatalyst-arm64;android-arm64;android-arm;android-x64;android-x86
                           RuntimePackNamePatterns = Microsoft.NETCore.App.Runtime.Mono.**RID**
                           RuntimePackLabels = Mono
                           RuntimeFrameworkName = Microsoft.NETCore.App
                       Microsoft.NETCore.App
                           TargetFramework = net6.0
                           LatestRuntimeFrameworkVersion = 6.0.35
                           RuntimePackRuntimeIdentifiers = linux-arm;linux-arm64;linux-musl-arm64;linux-musl-x64;linux-x64;osx-x64;rhel.6-x64;win-arm;win-arm64;win-x64;win-x86;linux-musl-arm;osx-arm64;linux-s390x;browser-wasm;ios-arm64;ios-arm;iossimulator-arm64;iossimulator-x64;iossimulator-x86;tvos-arm64;tvossimulator-arm64;tvossimulator-x64;maccatalyst-x64;maccatalyst-arm64;android-arm64;android-arm;android-x64;android-x86
                           RuntimePackNamePatterns = Microsoft.NETCore.App.Runtime.Mono.**RID**
                           RuntimePackLabels = Mono
                           RuntimeFrameworkName = Microsoft.NETCore.App
                   KnownWebAssemblySdkPack
                       Microsoft.NET.Sdk.WebAssembly.Pack
                           TargetFramework = net8.0
                           WebAssemblySdkPackVersion = 8.0.10
                       Microsoft.NET.Sdk.WebAssembly.Pack
                           TargetFramework = net7.0
                           WebAssemblySdkPackVersion = 8.0.10
                       Microsoft.NET.Sdk.WebAssembly.Pack
                           TargetFramework = net6.0
                           WebAssemblySdkPackVersion = 8.0.10
                   PackageConflictOverrides
                       NETStandard.Library
                           OverriddenPackages = 
                           Microsoft.Win32.Primitives|4.3.0;
                           System.AppContext|4.3.0;
                           System.Collections|4.3.0;
                           System.Collections.Concurrent|4.3.0;
                           System.Collections.Immutable|1.4.0;
                           System.Collections.NonGeneric|4.3.0;
                           System.Collections.Specialized|4.3.0;
                           System.ComponentModel|4.3.0;
                           System.ComponentModel.EventBasedAsync|4.3.0;
                           System.ComponentModel.Primitives|4.3.0;
                           System.ComponentModel.TypeConverter|4.3.0;
                           System.Console|4.3.0;
                           System.Data.Common|4.3.0;
                           System.Diagnostics.Contracts|4.3.0;
                           System.Diagnostics.Debug|4.3.0;
                           System.Diagnostics.FileVersionInfo|4.3.0;
                           System.Diagnostics.Process|4.3.0;
                           System.Diagnostics.StackTrace|4.3.0;
                           System.Diagnostics.TextWriterTraceListener|4.3.0;
                           System.Diagnostics.Tools|4.3.0;
                           System.Diagnostics.TraceSource|4.3.0;
                           System.Diagnostics.Tracing|4.3.0;
                           System.Dynamic.Runtime|4.3.0;
                           System.Globalization|4.3.0;
                           System.Globalization.Calendars|4.3.0;
                           System.Globalization.Extensions|4.3.0;
                           System.IO|4.3.0;
                           System.IO.Compression|4.3.0;
                           System.IO.Compression.ZipFile|4.3.0;
                           System.IO.FileSystem|4.3.0;
                           System.IO.FileSystem.DriveInfo|4.3.0;
                           System.IO.FileSystem.Primitives|4.3.0;
                           System.IO.FileSystem.Watcher|4.3.0;
                           System.IO.IsolatedStorage|4.3.0;
                           System.IO.MemoryMappedFiles|4.3.0;
                           System.IO.Pipes|4.3.0;
                           System.IO.UnmanagedMemoryStream|4.3.0;
                           System.Linq|4.3.0;
                           System.Linq.Expressions|4.3.0;
                           System.Linq.Queryable|4.3.0;
                           System.Net.Http|4.3.0;
                           System.Net.NameResolution|4.3.0;
                           System.Net.Primitives|4.3.0;
                           System.Net.Requests|4.3.0;
                           System.Net.Security|4.3.0;
                           System.Net.Sockets|4.3.0;
                           System.Net.WebHeaderCollection|4.3.0;
                           System.ObjectModel|4.3.0;
                           System.Private.DataContractSerialization|4.3.0;
                           System.Reflection|4.3.0;
                           System.Reflection.Emit|4.3.0;
                           System.Reflection.Emit.ILGeneration|4.3.0;
                           System.Reflection.Emit.Lightweight|4.3.0;
                           System.Reflection.Extensions|4.3.0;
                           System.Reflection.Primitives|4.3.0;
                           System.Reflection.TypeExtensions|4.3.0;
                           System.Resources.ResourceManager|4.3.0;
                           System.Runtime|4.3.0;
                           System.Runtime.Extensions|4.3.0;
                           System.Runtime.Handles|4.3.0;
                           System.Runtime.InteropServices|4.3.0;
                           System.Runtime.InteropServices.RuntimeInformation|4.3.0;
                           System.Runtime.Loader|4.3.0;
                           System.Runtime.Numerics|4.3.0;
                           System.Runtime.Serialization.Formatters|4.3.0;
                           System.Runtime.Serialization.Json|4.3.0;
                           System.Runtime.Serialization.Primitives|4.3.0;
                           System.Security.AccessControl|4.4.0;
                           System.Security.Claims|4.3.0;
                           System.Security.Cryptography.Algorithms|4.3.0;
                           System.Security.Cryptography.Csp|4.3.0;
                           System.Security.Cryptography.Encoding|4.3.0;
                           System.Security.Cryptography.Primitives|4.3.0;
                           System.Security.Cryptography.X509Certificates|4.3.0;
                           System.Security.Cryptography.Xml|4.4.0;
                           System.Security.Principal|4.3.0;
                           System.Security.Principal.Windows|4.4.0;
                           System.Text.Encoding|4.3.0;
                           System.Text.Encoding.Extensions|4.3.0;
                           System.Text.RegularExpressions|4.3.0;
                           System.Threading|4.3.0;
                           System.Threading.Overlapped|4.3.0;
                           System.Threading.Tasks|4.3.0;
                           System.Threading.Tasks.Extensions|4.3.0;
                           System.Threading.Tasks.Parallel|4.3.0;
                           System.Threading.Thread|4.3.0;
                           System.Threading.ThreadPool|4.3.0;
                           System.Threading.Timer|4.3.0;
                           System.ValueTuple|4.3.0;
                           System.Xml.ReaderWriter|4.3.0;
                           System.Xml.XDocument|4.3.0;
                           System.Xml.XmlDocument|4.3.0;
                           System.Xml.XmlSerializer|4.3.0;
                           System.Xml.XPath|4.3.0;
                           System.Xml.XPath.XDocument|4.3.0;
                         
                   PotentialEditorConfigFiles
                       C:\.editorconfig
                       C:\Users\.editorconfig
                       C:\Users\USER\.editorconfig
                       C:\Users\USER\OneDrive - Royal University of Phnom Penh\.editorconfig
                       C:\Users\USER\OneDrive - Royal University of Phnom Penh\Desktop\.editorconfig
                       C:\Users\USER\OneDrive - Royal University of Phnom Penh\Desktop\Testing\.editorconfig
                       C:\Users\USER\OneDrive - Royal University of Phnom Penh\Desktop\Testing\StaffManagement\.editorconfig
                       C:\Users\USER\OneDrive - Royal University of Phnom Penh\Desktop\Testing\StaffManagement\src\.editorconfig
                       C:\Users\USER\OneDrive - Royal University of Phnom Penh\Desktop\Testing\StaffManagement\src\StaffManagement.Application\.editorconfig
                       C:\Users\USER\OneDrive - Royal University of Phnom Penh\Desktop\Testing\StaffManagement\src\StaffManagement.Application\Abstractions\.editorconfig
                       C:\Users\USER\OneDrive - Royal University of Phnom Penh\Desktop\Testing\StaffManagement\src\StaffManagement.Application\Models\.editorconfig
                   PreprocessorValue
                       assemblyname
                           Value = StaffManagement.Application
                       filename
                           Value = StaffManagement.Application.csproj
                       fullpath
                           Value = C:\Users\USER\OneDrive - Royal University of Phnom Penh\Desktop\Testing\StaffManagement\src\StaffManagement.Application
                       outputfilename
                           Value = StaffManagement.Application.dll
                       rootnamespace
                           Value = StaffManagement.Application
                   ProjectCapability
                       AllTargetOutputGroups
                       AssemblyReferences
                       COMReferences
                       CSharp
                       DeclaredSourceItems
                       GenerateDocumentationFile
                       LanguageService
                       Managed
                       NativeAOT
                       NetSdkOCIImageBuild
                       OutputGroups
                       Pack
                       ProjectReferences
                       ReferencesFolder
                       RelativePathDerivedDefaultNamespace
                       SharedProjectReferences
                       SingleFileGenerators
                       SupportsHotReload
                       UserSourceItems
                       VisualStudioWellKnownOutputGroups
                   PropertyPageSchema
                       C:\Program Files\dotnet\sdk\8.0.403\\assemblyreference.xaml
                           Context = ;BrowseObject
                       C:\Program Files\dotnet\sdk\8.0.403\\COMReference.xaml
                           Context = ;BrowseObject
                       C:\Program Files\dotnet\sdk\8.0.403\\Content.xaml
                           Context = File;BrowseObject
                       C:\Program Files\dotnet\sdk\8.0.403\\CSharp.BrowseObject.xaml
                           Context = BrowseObject
                       C:\Program Files\dotnet\sdk\8.0.403\\CSharp.ProjectItemsSchema.xaml
                       C:\Program Files\dotnet\sdk\8.0.403\\CSharp.xaml
                           Context = File
                       C:\Program Files\dotnet\sdk\8.0.403\\Debugger_General.xaml
                           Context = Project
                       C:\Program Files\dotnet\sdk\8.0.403\\EmbeddedResource.xaml
                           Context = File;BrowseObject
                       C:\Program Files\dotnet\sdk\8.0.403\\Folder.xaml
                           Context = File;BrowseObject
                       C:\Program Files\dotnet\sdk\8.0.403\\General_File.xaml
                           Context = File
                       C:\Program Files\dotnet\sdk\8.0.403\\General.BrowseObject.xaml
                           Context = BrowseObject
                       C:\Program Files\dotnet\sdk\8.0.403\\General.xaml
                           Context = Project
                       C:\Program Files\dotnet\sdk\8.0.403\\None.xaml
                           Context = File;BrowseObject
                       C:\Program Files\dotnet\sdk\8.0.403\\ProjectItemsSchema.xaml
                       C:\Program Files\dotnet\sdk\8.0.403\\ProjectReference.xaml
                           Context = ;BrowseObject
                       C:\Program Files\dotnet\sdk\8.0.403\\ResolvedAssemblyReference.xaml
                           Context = ProjectSubscriptionService;BrowseObject
                       C:\Program Files\dotnet\sdk\8.0.403\\ResolvedCOMReference.xaml
                           Context = ProjectSubscriptionService;BrowseObject
                       C:\Program Files\dotnet\sdk\8.0.403\\ResolvedProjectReference.xaml
                           Context = ProjectSubscriptionService;BrowseObject
                       C:\Program Files\dotnet\sdk\8.0.403\\SCC.xaml
                           Context = Invisible
                       C:\Program Files\dotnet\sdk\8.0.403\\SpecialFolder.xaml
                           Context = File;ProjectSubscriptionService
                   RegFreeComManifest
                       obj\Debug\net8.0\StaffManagement.Application.X.manifest
                   RuntimeHostConfigurationOption
                       System.Runtime.Serialization.EnableUnsafeBinaryFormatterSerialization
                           Value = false
                           Trim = true
                   SdkSupportedTargetPlatformIdentifier
                       android
                           DisplayName = Android
                       ios
                           DisplayName = iOS
                       maccatalyst
                           DisplayName = MacCatalyst
                       macos
                           DisplayName = macOS
                       tvos
                           DisplayName = tvOS
                       windows
                           DisplayName = Windows
                   SourceLinkAzureReposGitHost
                       dev.azure.com
                       visualstudio.com
                       vsts.me
                   SourceLinkBitbucketGitHost
                       bitbucket.org
                           EnterpriseEdition = false
                   SourceLinkGitHubHost
                       github.com
                           ContentUrl = https://raw.githubusercontent.com
                   SourceLinkGitLabHost
                       gitlab.com
                   SourceRoot
                       C:\Users\USER\.nuget\packages\
                   SupportedNETCoreAppTargetFramework
                       .NETCoreApp,Version=v1.0
                           DisplayName = .NET Core 1.0
                           Alias = netcoreapp1.0
                       .NETCoreApp,Version=v1.1
                           DisplayName = .NET Core 1.1
                           Alias = netcoreapp1.1
                       .NETCoreApp,Version=v2.0
                           DisplayName = .NET Core 2.0
                           Alias = netcoreapp2.0
                       .NETCoreApp,Version=v2.1
                           DisplayName = .NET Core 2.1
                           Alias = netcoreapp2.1
                       .NETCoreApp,Version=v2.2
                           DisplayName = .NET Core 2.2
                           Alias = netcoreapp2.2
                       .NETCoreApp,Version=v3.0
                           DisplayName = .NET Core 3.0
                           Alias = netcoreapp3.0
                       .NETCoreApp,Version=v3.1
                           DisplayName = .NET Core 3.1
                           Alias = netcoreapp3.1
                       .NETCoreApp,Version=v5.0
                           DisplayName = .NET 5.0
                           Alias = net5.0
                       .NETCoreApp,Version=v6.0
                           DisplayName = .NET 6.0
                           Alias = net6.0
                       .NETCoreApp,Version=v7.0
                           DisplayName = .NET 7.0
                           Alias = net7.0
                       .NETCoreApp,Version=v8.0
                           DisplayName = .NET 8.0
                           Alias = net8.0
                   SupportedNETFrameworkTargetFramework
                       .NETFramework,Version=v2.0
                           DisplayName = .NET Framework 2.0
                           Alias = net20
                       .NETFramework,Version=v3.0
                           DisplayName = .NET Framework 3.0
                           Alias = net30
                       .NETFramework,Version=v3.5
                           DisplayName = .NET Framework 3.5
                           Alias = net35
                       .NETFramework,Version=v4.0
                           DisplayName = .NET Framework 4.0
                           Alias = net40
                       .NETFramework,Version=v4.5
                           DisplayName = .NET Framework 4.5
                           Alias = net45
                       .NETFramework,Version=v4.5.1
                           DisplayName = .NET Framework 4.5.1
                           Alias = net451
                       .NETFramework,Version=v4.5.2
                           DisplayName = .NET Framework 4.5.2
                           Alias = net452
                       .NETFramework,Version=v4.6
                           DisplayName = .NET Framework 4.6
                           Alias = net46
                       .NETFramework,Version=v4.6.1
                           DisplayName = .NET Framework 4.6.1
                           Alias = net461
                       .NETFramework,Version=v4.6.2
                           DisplayName = .NET Framework 4.6.2
                           Alias = net462
                       .NETFramework,Version=v4.7
                           DisplayName = .NET Framework 4.7
                           Alias = net47
                       .NETFramework,Version=v4.7.1
                           DisplayName = .NET Framework 4.7.1
                           Alias = net471
                       .NETFramework,Version=v4.7.2
                           DisplayName = .NET Framework 4.7.2
                           Alias = net472
                       .NETFramework,Version=v4.8
                           DisplayName = .NET Framework 4.8
                           Alias = net48
                       .NETFramework,Version=v4.8.1
                           DisplayName = .NET Framework 4.8.1
                           Alias = net481
                   SupportedNETStandardTargetFramework
                       .NETStandard,Version=v1.0
                           DisplayName = .NET Standard 1.0
                           Alias = netstandard1.0
                       .NETStandard,Version=v1.1
                           DisplayName = .NET Standard 1.1
                           Alias = netstandard1.1
                       .NETStandard,Version=v1.2
                           DisplayName = .NET Standard 1.2
                           Alias = netstandard1.2
                       .NETStandard,Version=v1.3
                           DisplayName = .NET Standard 1.3
                           Alias = netstandard1.3
                       .NETStandard,Version=v1.4
                           DisplayName = .NET Standard 1.4
                           Alias = netstandard1.4
                       .NETStandard,Version=v1.5
                           DisplayName = .NET Standard 1.5
                           Alias = netstandard1.5
                       .NETStandard,Version=v1.6
                           DisplayName = .NET Standard 1.6
                           Alias = netstandard1.6
                       .NETStandard,Version=v2.0
                           DisplayName = .NET Standard 2.0
                           Alias = netstandard2.0
                       .NETStandard,Version=v2.1
                           DisplayName = .NET Standard 2.1
                           Alias = netstandard2.1
                   SupportedPlatform
                       Linux
                       macOS
                       Windows
                   SupportedTargetFramework
                       .NETCoreApp,Version=v1.0
                           DisplayName = .NET Core 1.0
                           Alias = netcoreapp1.0
                       .NETCoreApp,Version=v1.1
                           DisplayName = .NET Core 1.1
                           Alias = netcoreapp1.1
                       .NETCoreApp,Version=v2.0
                           DisplayName = .NET Core 2.0
                           Alias = netcoreapp2.0
                       .NETCoreApp,Version=v2.1
                           DisplayName = .NET Core 2.1
                           Alias = netcoreapp2.1
                       .NETCoreApp,Version=v2.2
                           DisplayName = .NET Core 2.2
                           Alias = netcoreapp2.2
                       .NETCoreApp,Version=v3.0
                           DisplayName = .NET Core 3.0
                           Alias = netcoreapp3.0
                       .NETCoreApp,Version=v3.1
                           DisplayName = .NET Core 3.1
                           Alias = netcoreapp3.1
                       .NETCoreApp,Version=v5.0
                           DisplayName = .NET 5.0
                           Alias = net5.0
                       .NETCoreApp,Version=v6.0
                           DisplayName = .NET 6.0
                           Alias = net6.0
                       .NETCoreApp,Version=v7.0
                           DisplayName = .NET 7.0
                           Alias = net7.0
                       .NETCoreApp,Version=v8.0
                           DisplayName = .NET 8.0
                           Alias = net8.0
                       .NETFramework,Version=v2.0
                           DisplayName = .NET Framework 2.0
                           Alias = net20
                       .NETFramework,Version=v3.0
                           DisplayName = .NET Framework 3.0
                           Alias = net30
                       .NETFramework,Version=v3.5
                           DisplayName = .NET Framework 3.5
                           Alias = net35
                       .NETFramework,Version=v4.0
                           DisplayName = .NET Framework 4.0
                           Alias = net40
                       .NETFramework,Version=v4.5
                           DisplayName = .NET Framework 4.5
                           Alias = net45
                       .NETFramework,Version=v4.5.1
                           DisplayName = .NET Framework 4.5.1
                           Alias = net451
                       .NETFramework,Version=v4.5.2
                           DisplayName = .NET Framework 4.5.2
                           Alias = net452
                       .NETFramework,Version=v4.6
                           DisplayName = .NET Framework 4.6
                           Alias = net46
                       .NETFramework,Version=v4.6.1
                           DisplayName = .NET Framework 4.6.1
                           Alias = net461
                       .NETFramework,Version=v4.6.2
                           DisplayName = .NET Framework 4.6.2
                           Alias = net462
                       .NETFramework,Version=v4.7
                           DisplayName = .NET Framework 4.7
                           Alias = net47
                       .NETFramework,Version=v4.7.1
                           DisplayName = .NET Framework 4.7.1
                           Alias = net471
                       .NETFramework,Version=v4.7.2
                           DisplayName = .NET Framework 4.7.2
                           Alias = net472
                       .NETFramework,Version=v4.8
                           DisplayName = .NET Framework 4.8
                           Alias = net48
                       .NETFramework,Version=v4.8.1
                           DisplayName = .NET Framework 4.8.1
                           Alias = net481
                       .NETStandard,Version=v1.0
                           DisplayName = .NET Standard 1.0
                           Alias = netstandard1.0
                       .NETStandard,Version=v1.1
                           DisplayName = .NET Standard 1.1
                           Alias = netstandard1.1
                       .NETStandard,Version=v1.2
                           DisplayName = .NET Standard 1.2
                           Alias = netstandard1.2
                       .NETStandard,Version=v1.3
                           DisplayName = .NET Standard 1.3
                           Alias = netstandard1.3
                       .NETStandard,Version=v1.4
                           DisplayName = .NET Standard 1.4
                           Alias = netstandard1.4
                       .NETStandard,Version=v1.5
                           DisplayName = .NET Standard 1.5
                           Alias = netstandard1.5
                       .NETStandard,Version=v1.6
                           DisplayName = .NET Standard 1.6
                           Alias = netstandard1.6
                       .NETStandard,Version=v2.0
                           DisplayName = .NET Standard 2.0
                           Alias = netstandard2.0
                       .NETStandard,Version=v2.1
                           DisplayName = .NET Standard 2.1
                           Alias = netstandard2.1
                   Using
                       System
                       System.Collections.Generic
                       System.IO
                       System.Linq
                       System.Net.Http
                       System.Threading
                       System.Threading.Tasks
                   WindowsSdkSupportedTargetPlatformVersion
                       10.0.17763.0
                           WindowsSdkPackageVersion = 10.0.17763.43
                           MinimumNETVersion = 6.0
                       10.0.17763.0
                           WindowsSdkPackageVersion = 10.0.17763.44
                           MinimumNETVersion = 8.0
                       10.0.17763.0
                           WindowsSdkPackageVersion = 10.0.17763.26
                           MinimumNETVersion = 5.0
                       10.0.18362.0
                           WindowsSdkPackageVersion = 10.0.18362.43
                           MinimumNETVersion = 6.0
                       10.0.18362.0
                           WindowsSdkPackageVersion = 10.0.18362.44
                           MinimumNETVersion = 8.0
                       10.0.18362.0
                           WindowsSdkPackageVersion = 10.0.18362.26
                           MinimumNETVersion = 5.0
                       10.0.19041.0
                           WindowsSdkPackageVersion = 10.0.19041.26
                           MinimumNETVersion = 5.0
                       10.0.19041.0
                           WindowsSdkPackageVersion = 10.0.19041.43
                           MinimumNETVersion = 6.0
                       10.0.19041.0
                           WindowsSdkPackageVersion = 10.0.19041.44
                           MinimumNETVersion = 8.0
                       10.0.20348.0
                           WindowsSdkPackageVersion = 10.0.20348.43
                           MinimumNETVersion = 6.0
                       10.0.20348.0
                           WindowsSdkPackageVersion = 10.0.20348.26
                           MinimumNETVersion = 5.0
                       10.0.20348.0
                           WindowsSdkPackageVersion = 10.0.20348.44
                           MinimumNETVersion = 8.0
                       10.0.22000.0
                           WindowsSdkPackageVersion = 10.0.22000.44
                           MinimumNETVersion = 8.0
                       10.0.22000.0
                           WindowsSdkPackageVersion = 10.0.22000.26
                           MinimumNETVersion = 5.0
                       10.0.22000.0
                           WindowsSdkPackageVersion = 10.0.22000.43
                           MinimumNETVersion = 6.0
                       10.0.22621.0
                           WindowsSdkPackageVersion = 10.0.22621.44
                           MinimumNETVersion = 8.0
                       10.0.22621.0
                           WindowsSdkPackageVersion = 10.0.22621.43
                           MinimumNETVersion = 6.0
                       10.0.26100.0
                           WindowsSdkPackageVersion = 10.0.26100.44
                           MinimumNETVersion = 8.0
                       10.0.26100.0
                           WindowsSdkPackageVersion = 10.0.26100.43
                           MinimumNETVersion = 6.0
                       7.0
                       8.0

20:48:35.386     1>Project "C:\Users\USER\OneDrive - Royal University of Phnom Penh\Desktop\Testing\StaffManagement\src\StaffManagement.Infrastructure\StaffManagement.Infrastructure.csproj" (1) is building "C:\Users\USER\OneDrive - Royal University of Phnom Penh\Desktop\Testing\StaffManagement\src\StaffManagement.Application\StaffManagement.Application.csproj" (2) on node 1 (GetTargetFrameworks target(s)).
20:48:35.533     2>Target "GetTargetFrameworksWithPlatformForSingleTargetFramework: (TargetId:43)" in file "C:\Program Files\dotnet\sdk\8.0.403\Microsoft.Common.CurrentVersion.targets" from project "C:\Users\USER\OneDrive - Royal University of Phnom Penh\Desktop\Testing\StaffManagement\src\StaffManagement.Application\StaffManagement.Application.csproj" (target "GetTargetFrameworks" depends on it):
20:48:35.534     2>Added Item(s): 
    _AdditionalTargetFrameworkInfoPropertyWithValue=
        SelfContained
                Value=
                   Added Item(s): 
                       _AdditionalTargetFrameworkInfoPropertyWithValue=
                           _IsExecutable
                                   Value=
                   Added Item(s): 
                       _AdditionalTargetFrameworkInfoPropertyWithValue=
                           IsRidAgnostic
                                   Value=true
                   Added Item(s): 
                       _AdditionalTargetFrameworkInfoPropertyWithValue=
                           ShouldBeValidatedAsExecutableReference
                                   Value=
                   Added Item(s): 
                       _AdditionalTargetFrameworkInfoPropertyWithValue=
                           _SelfContainedWasSpecified
                                   Value=
                   Using "CombineTargetFrameworkInfoProperties" task from assembly "Microsoft.Build.Tasks.Core, Version=15.1.0.0, Culture=neutral, PublicKeyToken=b03f5f7f11d50a3a".
                   Task "CombineTargetFrameworkInfoProperties" (TaskId:25)
                     Task Parameter:RootElementName=net8.0 (TaskId:25)
                     Task Parameter:
                         PropertiesAndValues=
                             SelfContained
                                     Value=
                             _IsExecutable
                                     Value=
                             IsRidAgnostic
                                     Value=true
                             ShouldBeValidatedAsExecutableReference
                                     Value=
                             _SelfContainedWasSpecified
                                     Value= (TaskId:25)
                     Task Parameter:UseAttributeForTargetFrameworkInfoPropertyNames=True (TaskId:25)
                     Output Property: _AdditionalTargetFrameworkInfoProperties=<TargetFramework Name="net8.0">
                       <SelfContained></SelfContained>
                       <_IsExecutable></_IsExecutable>
                       <IsRidAgnostic>true</IsRidAgnostic>
                       <ShouldBeValidatedAsExecutableReference></ShouldBeValidatedAsExecutableReference>
                       <_SelfContainedWasSpecified></_SelfContainedWasSpecified>
                     </TargetFramework> (TaskId:25)
                   Done executing task "CombineTargetFrameworkInfoProperties". (TaskId:25)
                   Added Item(s): 
                       _TargetFrameworkInfo=
                           net8.0
                                   AdditionalPropertiesFromProject=<TargetFramework Name="net8.0">
                     <SelfContained></SelfContained>
                     <_IsExecutable></_IsExecutable>
                     <IsRidAgnostic>true</IsRidAgnostic>
                     <ShouldBeValidatedAsExecutableReference></ShouldBeValidatedAsExecutableReference>
                     <_SelfContainedWasSpecified></_SelfContainedWasSpecified>
                   </TargetFramework>
                                   IsRidAgnostic=true
                                   TargetFrameworkMonikers=.NETCoreApp,Version=v8.0
                                   TargetFrameworks=net8.0
                                   TargetPlatformMonikers=None
20:48:35.536     2>Done building target "GetTargetFrameworksWithPlatformForSingleTargetFramework" in project "StaffManagement.Application.csproj".: (TargetId:43)
20:48:35.536     2>Target "GetTargetFrameworks: (TargetId:44)" in file "C:\Program Files\dotnet\sdk\8.0.403\Microsoft.Common.CurrentVersion.targets" from project "C:\Users\USER\OneDrive - Royal University of Phnom Penh\Desktop\Testing\StaffManagement\src\StaffManagement.Application\StaffManagement.Application.csproj" (entry point):
                   Task "Error" skipped, due to false condition; ('$(IsCrossTargetingBuild)' == 'true') was evaluated as ('' == 'true').
                   Using "CombineXmlElements" task from assembly "Microsoft.Build.Tasks.Core, Version=15.1.0.0, Culture=neutral, PublicKeyToken=b03f5f7f11d50a3a".
                   Task "CombineXmlElements" (TaskId:26)
                     Task Parameter:RootElementName=AdditionalProjectProperties (TaskId:26)
                     Task Parameter:
                         XmlElements=
                             <TargetFramework Name="net8.0">
                       <SelfContained></SelfContained>
                       <_IsExecutable></_IsExecutable>
                       <IsRidAgnostic>true</IsRidAgnostic>
                       <ShouldBeValidatedAsExecutableReference></ShouldBeValidatedAsExecutableReference>
                       <_SelfContainedWasSpecified></_SelfContainedWasSpecified>
                     </TargetFramework>
                                     AdditionalPropertiesFromProject=<TargetFramework Name="net8.0">
                       <SelfContained></SelfContained>
                       <_IsExecutable></_IsExecutable>
                       <IsRidAgnostic>true</IsRidAgnostic>
                       <ShouldBeValidatedAsExecutableReference></ShouldBeValidatedAsExecutableReference>
                       <_SelfContainedWasSpecified></_SelfContainedWasSpecified>
                     </TargetFramework>
                                     IsRidAgnostic=true
                                     TargetFrameworkMonikers=.NETCoreApp,Version=v8.0
                                     TargetFrameworks=net8.0
                                     TargetPlatformMonikers=None (TaskId:26)
                     Output Property: _AdditionalPropertiesFromProject=<AdditionalProjectProperties>
                       <TargetFramework Name="net8.0">
                         <SelfContained></SelfContained>
                         <_IsExecutable></_IsExecutable>
                         <IsRidAgnostic>true</IsRidAgnostic>
                         <ShouldBeValidatedAsExecutableReference></ShouldBeValidatedAsExecutableReference>
                         <_SelfContainedWasSpecified></_SelfContainedWasSpecified>
                       </TargetFramework>
                     </AdditionalProjectProperties> (TaskId:26)
                   Done executing task "CombineXmlElements". (TaskId:26)
                   Added Item(s): 
                       _ThisProjectBuildMetadata=
                           C:\Users\USER\OneDrive - Royal University of Phnom Penh\Desktop\Testing\StaffManagement\src\StaffManagement.Application\StaffManagement.Application.csproj
                                   AdditionalPropertiesFromProject=<AdditionalProjectProperties>
                     <TargetFramework Name="net8.0">
                       <SelfContained></SelfContained>
                       <_IsExecutable></_IsExecutable>
                       <IsRidAgnostic>true</IsRidAgnostic>
                       <ShouldBeValidatedAsExecutableReference></ShouldBeValidatedAsExecutableReference>
                       <_SelfContainedWasSpecified></_SelfContainedWasSpecified>
                     </TargetFramework>
                   </AdditionalProjectProperties>
                                   HasSingleTargetFramework=true
                                   IsRidAgnostic=true
                                   Platform=AnyCPU
                                   Platforms=AnyCPU
                                   TargetFrameworkMonikers=.NETCoreApp,Version=v8.0
                                   TargetFrameworks=net8.0
                                   TargetPlatformMonikers=None
20:48:35.537     2>Done building target "GetTargetFrameworks" in project "StaffManagement.Application.csproj".: (TargetId:44)
20:48:35.537     2>Done Building Project "C:\Users\USER\OneDrive - Royal University of Phnom Penh\Desktop\Testing\StaffManagement\src\StaffManagement.Application\StaffManagement.Application.csproj" (GetTargetFrameworks target(s)).
20:48:36.841     0>The SDK "Microsoft.NET.Sdk" was successfully resolved by the "DefaultSdkResolver" resolver to location "C:\Program Files\dotnet\sdk\8.0.403\Sdks\Microsoft.NET.Sdk\Sdk" and version "".
                   Property 'MSBuildExtensionsPath' with value 'C:\Program Files\dotnet\sdk\8.0.403\' expanded from the environment.
                   Property reassignment: $(MSBuildProjectExtensionsPath)="C:\Users\USER\OneDrive - Royal University of Phnom Penh\Desktop\Testing\StaffManagement\src\StaffManagement.Domain\obj\" (previous value: "obj\") at C:\Program Files\dotnet\sdk\8.0.403\Current\Microsoft.Common.props (60,5)
                   Property 'USERPROFILE' with value 'C:\Users\USER' expanded from the environment.
                   Property 'MSBuildUserExtensionsPath' with value 'C:\Users\USER\AppData\Local\Microsoft\MSBuild' expanded from the environment.
                   Property reassignment: $(AssemblySearchPaths)="{CandidateAssemblyFiles};{HintPathFromItem}" (previous value: "{CandidateAssemblyFiles}") at C:\Program Files\dotnet\sdk\8.0.403\Sdks\Microsoft.NET.Sdk\targets\Microsoft.NET.Sdk.props (91,5)
                   Property reassignment: $(AssemblySearchPaths)="{CandidateAssemblyFiles};{HintPathFromItem};{TargetFrameworkDirectory}" (previous value: "{CandidateAssemblyFiles};{HintPathFromItem}") at C:\Program Files\dotnet\sdk\8.0.403\Sdks\Microsoft.NET.Sdk\targets\Microsoft.NET.Sdk.props (92,5)
                   Property reassignment: $(AssemblySearchPaths)="{CandidateAssemblyFiles};{HintPathFromItem};{TargetFrameworkDirectory};{RawFileName}" (previous value: "{CandidateAssemblyFiles};{HintPathFromItem};{TargetFrameworkDirectory}") at C:\Program Files\dotnet\sdk\8.0.403\Sdks\Microsoft.NET.Sdk\targets\Microsoft.NET.Sdk.props (93,5)
                   The "DefaultSdkResolver" resolver attempted to resolve the SDK "Microsoft.NET.SDK.WorkloadAutoImportPropsLocator".
                   Warnings: null
                   Errors: MSB4276: The default SDK resolver failed to resolve SDK "Microsoft.NET.SDK.WorkloadAutoImportPropsLocator" because directory "C:\Program Files\dotnet\sdk\8.0.403\Sdks\Microsoft.NET.SDK.WorkloadAutoImportPropsLocator\Sdk" did not exist.
20:48:36.846     1>Done executing task "MSBuild" -- FAILED. (TaskId:24)
20:48:36.847     1>Done building target "_GetProjectReferenceTargetFrameworkProperties" in project "StaffManagement.Infrastructure.csproj" -- FAILED.: (TargetId:42)
20:48:36.848     1>Done Building Project "C:\Users\USER\OneDrive - Royal University of Phnom Penh\Desktop\Testing\StaffManagement\src\StaffManagement.Infrastructure\StaffManagement.Infrastructure.csproj" (default targets) -- FAILED.
20:48:36.864     0>The SDK "Microsoft.NET.SDK.WorkloadAutoImportPropsLocator" was successfully resolved by the "Microsoft.DotNet.MSBuildWorkloadSdkResolver" resolver to location "C:\Program Files\dotnet\packs\Aspire.Hosting.Sdk\8.1.0\Sdk" and version "null".
                   Property reassignment: $(TargetsForTfmSpecificContentInPackage)=";PackTool;_PackProjectToolValidation" (previous value: ";PackTool") at C:\Program Files\dotnet\sdk\8.0.403\Sdks\Microsoft.NET.Sdk\targets\Microsoft.NET.PackProjectTool.props (15,5)
                   Property reassignment: $(PublishProfileImported)="false" (previous value: "true") at C:\Program Files\dotnet\sdk\8.0.403\Sdks\Microsoft.NET.Sdk\targets\Microsoft.NET.Sdk.ImportPublishProfile.targets (28,5)
                   Property reassignment: $(TargetPlatformVersion)="" (previous value: "0.0") at C:\Program Files\dotnet\sdk\8.0.403\Sdks\Microsoft.NET.Sdk\targets\Microsoft.NET.TargetFrameworkInference.targets (69,5)
                   Property reassignment: $(DefaultItemExcludes)=";bin\Debug\/**;obj\Debug\/**" (previous value: ";bin\Debug\/**") at C:\Program Files\dotnet\sdk\8.0.403\Sdks\Microsoft.NET.Sdk\targets\Microsoft.NET.DefaultOutputPaths.targets (122,5)
                   Property reassignment: $(OutputPath)="bin\Debug\net8.0\" (previous value: "bin\Debug\") at C:\Program Files\dotnet\sdk\8.0.403\Sdks\Microsoft.NET.Sdk\targets\Microsoft.NET.DefaultOutputPaths.targets (137,5)
                   Property reassignment: $(IntermediateOutputPath)="obj\Debug\net8.0\" (previous value: "obj\Debug\") at C:\Program Files\dotnet\sdk\8.0.403\Sdks\Microsoft.NET.Sdk\targets\Microsoft.NET.DefaultOutputPaths.targets (142,5)
                   The "DefaultSdkResolver" resolver attempted to resolve the SDK "Microsoft.NET.SDK.WorkloadManifestTargetsLocator".
                   Warnings: null
                   Errors: MSB4276: The default SDK resolver failed to resolve SDK "Microsoft.NET.SDK.WorkloadManifestTargetsLocator" because directory "C:\Program Files\dotnet\sdk\8.0.403\Sdks\Microsoft.NET.SDK.WorkloadManifestTargetsLocator\Sdk" did not exist.
                   The SDK "Microsoft.NET.SDK.WorkloadManifestTargetsLocator" was successfully resolved by the "Microsoft.DotNet.MSBuildWorkloadSdkResolver" resolver to location "C:\Program Files\dotnet\sdk-manifests\8.0.100\microsoft.net.sdk.android\34.0.113" and version "null".
                   Property reassignment: $(_FrameworkIdentifierForImplicitDefine)="NET" (previous value: "NETCOREAPP") at C:\Program Files\dotnet\sdk\8.0.403\Sdks\Microsoft.NET.Sdk\targets\Microsoft.NET.Sdk.BeforeCommon.targets (187,5)
                   Property reassignment: $(_FrameworkVersionForImplicitDefine)="8_0" (previous value: "8.0") at C:\Program Files\dotnet\sdk\8.0.403\Sdks\Microsoft.NET.Sdk\targets\Microsoft.NET.Sdk.BeforeCommon.targets (192,5)
                   Property reassignment: $(CommandLineArgsForDesignTimeEvaluation)="-langversion:12.0 -define:TRACE" (previous value: "-langversion:12.0") at C:\Program Files\dotnet\sdk\8.0.403\Roslyn\Microsoft.CSharp.Core.targets (200,5)
                   Property reassignment: $(_DebugSymbolsProduced)="true" (previous value: "false") at C:\Program Files\dotnet\sdk\8.0.403\Microsoft.Common.CurrentVersion.targets (175,5)
                   Property reassignment: $(_DocumentationFileProduced)="false" (previous value: "true") at C:\Program Files\dotnet\sdk\8.0.403\Microsoft.Common.CurrentVersion.targets (185,5)
                   Property reassignment: $(MSBuildCopyMarkerName)="StaffMan.D68C3456" (previous value: "StaffManagement.Domain.csproj") at C:\Program Files\dotnet\sdk\8.0.403\Microsoft.Common.CurrentVersion.targets (392,5)
                   Property reassignment: $(MSBuildCopyMarkerName)="StaffMan.D68C3456.Up2Date" (previous value: "StaffMan.D68C3456") at C:\Program Files\dotnet\sdk\8.0.403\Microsoft.Common.CurrentVersion.targets (393,5)
                   Property reassignment: $(ProcessorArchitecture)="msil" (previous value: "") at C:\Program Files\dotnet\sdk\8.0.403\Microsoft.Common.CurrentVersion.targets (541,5)
                   Property reassignment: $(DelaySign)="" (previous value: "false") at C:\Program Files\dotnet\sdk\8.0.403\Microsoft.Common.CurrentVersion.targets (580,5)
                   Property 'LOCALAPPDATA' with value 'C:\Users\USER\AppData\Local' expanded from the environment.
                   Property reassignment: $(_SGenGenerateSerializationAssembliesConfig)="Auto" (previous value: "") at C:\Program Files\dotnet\sdk\8.0.403\Microsoft.Common.CurrentVersion.targets (3896,5)
                   Property reassignment: $(_SGenGenerateSerializationAssembliesConfig)="Off" (previous value: "Auto") at C:\Program Files\dotnet\sdk\8.0.403\Microsoft.Common.CurrentVersion.targets (3897,5)
                   Property reassignment: $(_TargetsThatPrepareProjectReferences)="
                         AssignProjectConfiguration;
                         _SplitProjectReferencesByFileExistence
                       " (previous value: "_SplitProjectReferencesByFileExistence") at C:\Program Files\dotnet\sdk\8.0.403\Microsoft.Common.CurrentVersion.targets (5099,5)
                   Property 'MSBuildExtensionsPath32' with value 'C:\Program Files\dotnet\sdk\8.0.403' expanded from the environment.
                   Property reassignment: $(ProjectAssetsCacheFile)="C:\Users\USER\OneDrive - Royal University of Phnom Penh\Desktop\Testing\StaffManagement\src\StaffManagement.Domain\obj\Debug\net8.0\StaffManagement.Domain.assets.cache" (previous value: "obj\Debug\net8.0\StaffManagement.Domain.assets.cache") at C:\Program Files\dotnet\sdk\8.0.403\Sdks\Microsoft.NET.Sdk\targets\Microsoft.PackageDependencyResolution.targets (29,5)
                   Property reassignment: $(ResolveAssemblyReferencesDependsOn)="
                         
                         ResolveProjectReferences;
                         FindInvalidProjectReferences;
                         GetFrameworkPaths;
                         GetReferenceAssemblyPaths;
                         PrepareForBuild;
                         ResolveSDKReferences;
                         ExpandSDKReferences;
                       ;
                         ResolvePackageDependenciesForBuild;
                         _HandlePackageFileConflicts;
                       " (previous value: "
                         ResolveProjectReferences;
                         FindInvalidProjectReferences;
                         GetFrameworkPaths;
                         GetReferenceAssemblyPaths;
                         PrepareForBuild;
                         ResolveSDKReferences;
                         ExpandSDKReferences;
                       ") at C:\Program Files\dotnet\sdk\8.0.403\Sdks\Microsoft.NET.Sdk\targets\Microsoft.PackageDependencyResolution.targets (80,5)
                   Property reassignment: $(PrepareResourcesDependsOn)="
                         ResolvePackageDependenciesForBuild;
                         _HandlePackageFileConflicts;
                         
                         ;
                         PrepareResourceNames;
                         ResGen;
                         CompileLicxFiles
                       
                       " (previous value: "
                         ;
                         PrepareResourceNames;
                         ResGen;
                         CompileLicxFiles
                       ") at C:\Program Files\dotnet\sdk\8.0.403\Sdks\Microsoft.NET.Sdk\targets\Microsoft.PackageDependencyResolution.targets (86,5)
                   Property reassignment: $(DefaultItemExcludes)=";bin\Debug\/**;obj\Debug\/**;bin\/**" (previous value: ";bin\Debug\/**;obj\Debug\/**") at C:\Program Files\dotnet\sdk\8.0.403\Sdks\Microsoft.NET.Sdk\targets\Microsoft.NET.Sdk.DefaultItems.targets (27,5)
                   Property reassignment: $(DefaultItemExcludes)=";bin\Debug\/**;obj\Debug\/**;bin\/**;obj\/**" (previous value: ";bin\Debug\/**;obj\Debug\/**;bin\/**") at C:\Program Files\dotnet\sdk\8.0.403\Sdks\Microsoft.NET.Sdk\targets\Microsoft.NET.Sdk.DefaultItems.targets (29,5)
                   Property reassignment: $(DefaultItemExcludes)=";bin\Debug\/**;obj\Debug\/**;bin\/**;obj\/**;**/*.user" (previous value: ";bin\Debug\/**;obj\Debug\/**;bin\/**;obj\/**") at C:\Program Files\dotnet\sdk\8.0.403\Sdks\Microsoft.NET.Sdk\targets\Microsoft.NET.Sdk.DefaultItems.targets (32,5)
                   Property reassignment: $(DefaultItemExcludes)=";bin\Debug\/**;obj\Debug\/**;bin\/**;obj\/**;**/*.user;**/*.*proj" (previous value: ";bin\Debug\/**;obj\Debug\/**;bin\/**;obj\/**;**/*.user") at C:\Program Files\dotnet\sdk\8.0.403\Sdks\Microsoft.NET.Sdk\targets\Microsoft.NET.Sdk.DefaultItems.targets (33,5)
                   Property reassignment: $(DefaultItemExcludes)=";bin\Debug\/**;obj\Debug\/**;bin\/**;obj\/**;**/*.user;**/*.*proj;**/*.sln" (previous value: ";bin\Debug\/**;obj\Debug\/**;bin\/**;obj\/**;**/*.user;**/*.*proj") at C:\Program Files\dotnet\sdk\8.0.403\Sdks\Microsoft.NET.Sdk\targets\Microsoft.NET.Sdk.DefaultItems.targets (34,5)
                   Property reassignment: $(DefaultItemExcludes)=";bin\Debug\/**;obj\Debug\/**;bin\/**;obj\/**;**/*.user;**/*.*proj;**/*.sln;**/*.vssscc" (previous value: ";bin\Debug\/**;obj\Debug\/**;bin\/**;obj\/**;**/*.user;**/*.*proj;**/*.sln") at C:\Program Files\dotnet\sdk\8.0.403\Sdks\Microsoft.NET.Sdk\targets\Microsoft.NET.Sdk.DefaultItems.targets (35,5)
                   Property reassignment: $(DefaultItemExcludes)=";bin\Debug\/**;obj\Debug\/**;bin\/**;obj\/**;**/*.user;**/*.*proj;**/*.sln;**/*.vssscc;**/.DS_Store" (previous value: ";bin\Debug\/**;obj\Debug\/**;bin\/**;obj\/**;**/*.user;**/*.*proj;**/*.sln;**/*.vssscc") at C:\Program Files\dotnet\sdk\8.0.403\Sdks\Microsoft.NET.Sdk\targets\Microsoft.NET.Sdk.DefaultItems.targets (36,5)
                   Property reassignment: $(ResolveAssemblyReferencesDependsOn)="
                         
                         
                         ResolveProjectReferences;
                         FindInvalidProjectReferences;
                         GetFrameworkPaths;
                         GetReferenceAssemblyPaths;
                         PrepareForBuild;
                         ResolveSDKReferences;
                         ExpandSDKReferences;
                       ;
                         ResolvePackageDependenciesForBuild;
                         _HandlePackageFileConflicts;
                       ;
                         ResolveTargetingPackAssets;
                       " (previous value: "
                         
                         ResolveProjectReferences;
                         FindInvalidProjectReferences;
                         GetFrameworkPaths;
                         GetReferenceAssemblyPaths;
                         PrepareForBuild;
                         ResolveSDKReferences;
                         ExpandSDKReferences;
                       ;
                         ResolvePackageDependenciesForBuild;
                         _HandlePackageFileConflicts;
                       ") at C:\Program Files\dotnet\sdk\8.0.403\Sdks\Microsoft.NET.Sdk\targets\Microsoft.NET.Sdk.FrameworkReferenceResolution.targets (14,5)
                   Property reassignment: $(_GenerateRuntimeConfigurationPropertyInputsCache)="C:\Users\USER\OneDrive - Royal University of Phnom Penh\Desktop\Testing\StaffManagement\src\StaffManagement.Domain\obj\Debug\net8.0\StaffManagement.Domain.genruntimeconfig.cache" (previous value: "obj\Debug\net8.0\StaffManagement.Domain.genruntimeconfig.cache") at C:\Program Files\dotnet\sdk\8.0.403\Sdks\Microsoft.NET.Sdk\targets\Microsoft.NET.Sdk.targets (44,5)
                   Property reassignment: $(_GeneratePublishDependencyFilePropertyInputsCache)="C:\Users\USER\OneDrive - Royal University of Phnom Penh\Desktop\Testing\StaffManagement\src\StaffManagement.Domain\obj\Debug\net8.0\StaffManagement.Domain.genpublishdeps.cache" (previous value: "obj\Debug\net8.0\StaffManagement.Domain.genpublishdeps.cache") at C:\Program Files\dotnet\sdk\8.0.403\Sdks\Microsoft.NET.Sdk\targets\Microsoft.NET.Sdk.targets (46,5)
                   Property reassignment: $(_GenerateSingleFileBundlePropertyInputsCache)="C:\Users\USER\OneDrive - Royal University of Phnom Penh\Desktop\Testing\StaffManagement\src\StaffManagement.Domain\obj\Debug\net8.0\StaffManagement.Domain.genbundle.cache" (previous value: "obj\Debug\net8.0\StaffManagement.Domain.genbundle.cache") at C:\Program Files\dotnet\sdk\8.0.403\Sdks\Microsoft.NET.Sdk\targets\Microsoft.NET.Sdk.targets (48,5)
                   Property reassignment: $(GenerateRuntimeConfigDevFile)="false" (previous value: "true") at C:\Program Files\dotnet\sdk\8.0.403\Sdks\Microsoft.NET.Sdk\targets\Microsoft.NET.Sdk.targets (81,5)
                   Property reassignment: $(_DefaultUserProfileRuntimeStorePath)="C:\Users\USER" (previous value: "") at C:\Program Files\dotnet\sdk\8.0.403\Sdks\Microsoft.NET.Sdk\targets\Microsoft.NET.Sdk.targets (97,5)
                   Property reassignment: $(_DefaultUserProfileRuntimeStorePath)="C:\Users\USER\.dotnet\store" (previous value: "C:\Users\USER") at C:\Program Files\dotnet\sdk\8.0.403\Sdks\Microsoft.NET.Sdk\targets\Microsoft.NET.Sdk.targets (98,5)
                   Property reassignment: $(AvailablePlatforms)="Any CPU,x86,x64,ARM32" (previous value: "Any CPU,x86,x64") at C:\Program Files\dotnet\sdk\8.0.403\Sdks\Microsoft.NET.Sdk\targets\Microsoft.NET.Sdk.targets (136,5)
                   Property reassignment: $(AvailablePlatforms)="Any CPU,x86,x64,ARM32,ARM64" (previous value: "Any CPU,x86,x64,ARM32") at C:\Program Files\dotnet\sdk\8.0.403\Sdks\Microsoft.NET.Sdk\targets\Microsoft.NET.Sdk.targets (140,5)
                   Property reassignment: $(CoreBuildDependsOn)="
                         _CheckForBuildWithNoBuild;
                         
                         BuildOnlySettings;
                         PrepareForBuild;
                         PreBuildEvent;
                         ResolveReferences;
                         PrepareResources;
                         ResolveKeySource;
                         Compile;
                         ExportWindowsMDFile;
                         UnmanagedUnregistration;
                         GenerateSerializationAssemblies;
                         CreateSatelliteAssemblies;
                         GenerateManifests;
                         GetTargetPath;
                         PrepareForRun;
                         UnmanagedRegistration;
                         IncrementalClean;
                         PostBuildEvent
                       ;
                         GenerateBuildDependencyFile;
                         GenerateBuildRuntimeConfigurationFiles
                       " (previous value: "
                         BuildOnlySettings;
                         PrepareForBuild;
                         PreBuildEvent;
                         ResolveReferences;
                         PrepareResources;
                         ResolveKeySource;
                         Compile;
                         ExportWindowsMDFile;
                         UnmanagedUnregistration;
                         GenerateSerializationAssemblies;
                         CreateSatelliteAssemblies;
                         GenerateManifests;
                         GetTargetPath;
                         PrepareForRun;
                         UnmanagedRegistration;
                         IncrementalClean;
                         PostBuildEvent
                       ") at C:\Program Files\dotnet\sdk\8.0.403\Sdks\Microsoft.NET.Sdk\targets\Microsoft.NET.Sdk.targets (197,5)
                   Property reassignment: $(CoreCleanDependsOn)="
                         _SdkBeforeClean;
                         
                       " (previous value: "") at C:\Program Files\dotnet\sdk\8.0.403\Sdks\Microsoft.NET.Sdk\targets\Microsoft.NET.Sdk.targets (206,5)
                   Property reassignment: $(RebuildDependsOn)="
                         _SdkBeforeRebuild;
                         
                         BeforeRebuild;
                         Clean;
                         Build;
                         AfterRebuild;
                       
                       " (previous value: "
                         BeforeRebuild;
                         Clean;
                         Build;
                         AfterRebuild;
                       ") at C:\Program Files\dotnet\sdk\8.0.403\Sdks\Microsoft.NET.Sdk\targets\Microsoft.NET.Sdk.targets (213,5)
                   Property reassignment: $(CompileDependsOn)="
                         
                         ResolveReferences;
                         ResolveKeySource;
                         SetWin32ManifestProperties;
                         _SetPreferNativeArm64Win32ManifestProperties;
                         FindReferenceAssembliesForReferences;
                         _GenerateCompileInputs;
                         BeforeCompile;
                         _TimeStampBeforeCompile;
                         _GenerateCompileDependencyCache;
                         CoreCompile;
                         _TimeStampAfterCompile;
                         AfterCompile;
                       ;
                         _CreateAppHost;
                         _CreateComHost;
                         _GetIjwHostPaths;
                       " (previous value: "
                         ResolveReferences;
                         ResolveKeySource;
                         SetWin32ManifestProperties;
                         _SetPreferNativeArm64Win32ManifestProperties;
                         FindReferenceAssembliesForReferences;
                         _GenerateCompileInputs;
                         BeforeCompile;
                         _TimeStampBeforeCompile;
                         _GenerateCompileDependencyCache;
                         CoreCompile;
                         _TimeStampAfterCompile;
                         AfterCompile;
                       ") at C:\Program Files\dotnet\sdk\8.0.403\Sdks\Microsoft.NET.Sdk\targets\Microsoft.NET.Sdk.targets (679,5)
                   Property reassignment: $(CreateSatelliteAssembliesDependsOn)="
                         
                         ;
                         _GenerateSatelliteAssemblyInputs;
                         ComputeIntermediateSatelliteAssemblies;
                         GenerateSatelliteAssemblies
                       ;
                         CoreGenerateSatelliteAssemblies
                       " (previous value: "
                         ;
                         _GenerateSatelliteAssemblyInputs;
                         ComputeIntermediateSatelliteAssemblies;
                         GenerateSatelliteAssemblies
                       ") at C:\Program Files\dotnet\sdk\8.0.403\Sdks\Microsoft.NET.Sdk\targets\Microsoft.NET.Sdk.targets (1065,5)
                   Property reassignment: $(SourceLinkUrlInitializerTargets)=";_InitializeGitHubSourceLinkUrl;_InitializeGitLabSourceLinkUrl" (previous value: ";_InitializeGitHubSourceLinkUrl") at C:\Program Files\dotnet\sdk\8.0.403\Sdks\Microsoft.SourceLink.GitLab\build\Microsoft.SourceLink.GitLab.targets (12,5)
                   Property reassignment: $(SourceControlManagerUrlTranslationTargets)=";TranslateGitHubUrlsInSourceControlInformation;TranslateGitLabUrlsInSourceControlInformation" (previous value: ";TranslateGitHubUrlsInSourceControlInformation") at C:\Program Files\dotnet\sdk\8.0.403\Sdks\Microsoft.SourceLink.GitLab\build\Microsoft.SourceLink.GitLab.targets (13,5)
                   Property reassignment: $(SourceLinkUrlInitializerTargets)=";_InitializeGitHubSourceLinkUrl;_InitializeGitLabSourceLinkUrl;_InitializeAzureReposGitSourceLinkUrl" (previous value: ";_InitializeGitHubSourceLinkUrl;_InitializeGitLabSourceLinkUrl") at C:\Program Files\dotnet\sdk\8.0.403\Sdks\Microsoft.SourceLink.AzureRepos.Git\build\Microsoft.SourceLink.AzureRepos.Git.targets (12,5)
                   Property reassignment: $(SourceControlManagerUrlTranslationTargets)=";TranslateGitHubUrlsInSourceControlInformation;TranslateGitLabUrlsInSourceControlInformation;TranslateAzureReposGitUrlsInSourceControlInformation" (previous value: ";TranslateGitHubUrlsInSourceControlInformation;TranslateGitLabUrlsInSourceControlInformation") at C:\Program Files\dotnet\sdk\8.0.403\Sdks\Microsoft.SourceLink.AzureRepos.Git\build\Microsoft.SourceLink.AzureRepos.Git.targets (13,5)
                   Property reassignment: $(SourceLinkUrlInitializerTargets)=";_InitializeGitHubSourceLinkUrl;_InitializeGitLabSourceLinkUrl;_InitializeAzureReposGitSourceLinkUrl;_InitializeBitbucketGitSourceLinkUrl" (previous value: ";_InitializeGitHubSourceLinkUrl;_InitializeGitLabSourceLinkUrl;_InitializeAzureReposGitSourceLinkUrl") at C:\Program Files\dotnet\sdk\8.0.403\Sdks\Microsoft.SourceLink.Bitbucket.Git\build\Microsoft.SourceLink.Bitbucket.Git.targets (12,5)
                   Property reassignment: $(SourceControlManagerUrlTranslationTargets)=";TranslateGitHubUrlsInSourceControlInformation;TranslateGitLabUrlsInSourceControlInformation;TranslateAzureReposGitUrlsInSourceControlInformation;TranslateBitbucketGitUrlsInSourceControlInformation" (previous value: ";TranslateGitHubUrlsInSourceControlInformation;TranslateGitLabUrlsInSourceControlInformation;TranslateAzureReposGitUrlsInSourceControlInformation") at C:\Program Files\dotnet\sdk\8.0.403\Sdks\Microsoft.SourceLink.Bitbucket.Git\build\Microsoft.SourceLink.Bitbucket.Git.targets (13,5)
                   Property reassignment: $(DesignerRuntimeImplementationProjectOutputGroupDependsOn)="
                         
                         ;
                         
                         ;
                         BuildOnlySettings;
                         PrepareForBuild;
                         AssignTargetPaths;
                         ResolveReferences
                       
                       ;
                         _GenerateDesignerDepsFile;
                         _GenerateDesignerRuntimeConfigFile;
                         GetCopyToOutputDirectoryItems;
                         _GatherDesignerShadowCopyFiles;
                       " (previous value: "
                         ;
                         
                         ;
                         BuildOnlySettings;
                         PrepareForBuild;
                         AssignTargetPaths;
                         ResolveReferences
                       
                       ") at C:\Program Files\dotnet\sdk\8.0.403\Sdks\Microsoft.NET.Sdk\targets\Microsoft.NET.DesignerSupport.targets (21,5)
                   Property reassignment: $(_GenerateToolsSettingsFileCacheFile)="C:\Users\USER\OneDrive - Royal University of Phnom Penh\Desktop\Testing\StaffManagement\src\StaffManagement.Domain\obj\Debug\net8.0\StaffManagement.Domain.toolssettingsinput.cache" (previous value: "obj\Debug\net8.0\StaffManagement.Domain.toolssettingsinput.cache") at C:\Program Files\dotnet\sdk\8.0.403\Sdks\Microsoft.NET.Sdk\targets\Microsoft.NET.PackTool.targets (68,5)
                   Property reassignment: $(_ShimInputCacheFile)="C:\Users\USER\OneDrive - Royal University of Phnom Penh\Desktop\Testing\StaffManagement\src\StaffManagement.Domain\obj\Debug\net8.0\StaffManagement.Domain.shiminput.cache" (previous value: "obj\Debug\net8.0\StaffManagement.Domain.shiminput.cache") at C:\Program Files\dotnet\sdk\8.0.403\Sdks\Microsoft.NET.Sdk\targets\Microsoft.NET.PackTool.targets (137,5)
                   Property reassignment: $(_ShimCreatedSentinelFile)="C:\Users\USER\OneDrive - Royal University of Phnom Penh\Desktop\Testing\StaffManagement\src\StaffManagement.Domain\obj\Debug\net8.0\StaffManagement.Domain.shimcreated.sentinel" (previous value: "obj\Debug\net8.0\StaffManagement.Domain.shimcreated.sentinel") at C:\Program Files\dotnet\sdk\8.0.403\Sdks\Microsoft.NET.Sdk\targets\Microsoft.NET.PackTool.targets (139,5)
                   Property reassignment: $(DefineConstants)="TRACE;DEBUG" (previous value: "TRACE") at C:\Program Files\dotnet\sdk\8.0.403\Sdks\Microsoft.NET.Sdk\targets\Microsoft.NET.Sdk.CSharp.targets (31,5)
                   Property reassignment: $(DefineConstants)="TRACE;DEBUG;NET;NET8_0;NETCOREAPP" (previous value: "TRACE;DEBUG") at C:\Program Files\dotnet\sdk\8.0.403\Sdks\Microsoft.NET.Sdk\targets\Microsoft.NET.Sdk.CSharp.targets (34,5)
                   Property reassignment: $(WarningsAsErrors)=";NU1605;SYSLIB0011" (previous value: ";NU1605") at C:\Program Files\dotnet\sdk\8.0.403\Sdks\Microsoft.NET.Sdk\targets\Microsoft.NET.Sdk.CSharp.targets (48,5)
                   Property reassignment: $(PackageDescription)="Package Description" (previous value: "") at C:\Program Files\dotnet\sdk\8.0.403\Sdks\NuGet.Build.Tasks.Pack\build\NuGet.Build.Tasks.Pack.targets (34,5)
                   Property reassignment: $(GenerateNuspecDependsOn)="Build;_LoadPackInputItems; _GetTargetFrameworksOutput; _WalkEachTargetPerFramework; _GetPackageFiles; " (previous value: "_LoadPackInputItems; _GetTargetFrameworksOutput; _WalkEachTargetPerFramework; _GetPackageFiles; ") at C:\Program Files\dotnet\sdk\8.0.403\Sdks\NuGet.Build.Tasks.Pack\build\NuGet.Build.Tasks.Pack.targets (59,5)
                   Property reassignment: $(_IsSDKContainerAllowedVersion)="true" (previous value: "false") at C:\Program Files\dotnet\sdk\8.0.403\Containers\build\Microsoft.NET.Build.Containers.targets (5,5)
                   Property reassignment: $(_ContainerIsTargetingNet8TFM)="true" (previous value: "false") at C:\Program Files\dotnet\sdk\8.0.403\Containers\build\Microsoft.NET.Build.Containers.targets (15,5)
                   Overriding target "ResolveFrameworkReferences" in project "C:\Program Files\dotnet\sdk\8.0.403\Microsoft.Common.CurrentVersion.targets" with target "ResolveFrameworkReferences" from project "C:\Program Files\dotnet\sdk\8.0.403\Sdks\Microsoft.NET.Sdk\targets\Microsoft.NET.Sdk.FrameworkReferenceResolution.targets".
                   Overriding target "Run" in project "C:\Program Files\dotnet\sdk\8.0.403\Microsoft.Common.CurrentVersion.targets" with target "Run" from project "C:\Program Files\dotnet\sdk\8.0.403\Sdks\Microsoft.NET.Sdk\targets\Microsoft.NET.Sdk.targets".
                   Overriding target "GenerateSupportedTargetFrameworkAlias" in project "C:\Program Files\dotnet\sdk\8.0.403\Microsoft.Common.CurrentVersion.targets" with target "GenerateSupportedTargetFrameworkAlias" from project "C:\Program Files\dotnet\sdk\8.0.403\Sdks\Microsoft.NET.Sdk\targets\Microsoft.NET.Sdk.targets".
                   Overriding target "GetReferenceAssemblyPaths" in project "C:\Program Files\dotnet\sdk\8.0.403\Microsoft.Common.CurrentVersion.targets" with target "GetReferenceAssemblyPaths" from project "C:\Program Files\dotnet\sdk\8.0.403\Sdks\Microsoft.NET.Sdk\targets\Microsoft.NET.DisableStandardFrameworkResolution.targets".
                   Overriding target "GetFrameworkPaths" in project "C:\Program Files\dotnet\sdk\8.0.403\Microsoft.Common.CurrentVersion.targets" with target "GetFrameworkPaths" from project "C:\Program Files\dotnet\sdk\8.0.403\Sdks\Microsoft.NET.Sdk\targets\Microsoft.NET.DisableStandardFrameworkResolution.targets".
                   Overriding target "DesignerRuntimeImplementationProjectOutputGroup" in project "C:\Program Files\dotnet\sdk\8.0.403\Microsoft.Common.CurrentVersion.targets" with target "DesignerRuntimeImplementationProjectOutputGroup" from project "C:\Program Files\dotnet\sdk\8.0.403\Sdks\Microsoft.NET.Sdk\targets\Microsoft.NET.DesignerSupport.targets".
                   Overriding target "Publish" in project "C:\Program Files\dotnet\sdk\8.0.403\Microsoft.Common.CurrentVersion.targets" with target "Publish" from project "C:\Program Files\dotnet\sdk\8.0.403\Sdks\Microsoft.NET.Sdk\targets\Microsoft.NET.Publish.targets".
                   Overriding target "ResolveReadyToRunCompilers" in project "C:\Program Files\dotnet\sdk\8.0.403\Sdks\Microsoft.NET.Sdk\targets\Microsoft.NET.CrossGen.targets" with target "ResolveReadyToRunCompilers" from project "C:\Program Files\dotnet\sdk\8.0.403\Sdks\Microsoft.NET.Sdk\targets\Microsoft.NET.Publish.targets".
                   Overriding target "GetCopyToPublishDirectoryItems" in project "C:\Program Files\dotnet\sdk\8.0.403\Microsoft.Common.CurrentVersion.targets" with target "GetCopyToPublishDirectoryItems" from project "C:\Program Files\dotnet\sdk\8.0.403\Sdks\Microsoft.NET.Sdk\targets\Microsoft.NET.Publish.targets".
20:48:36.896     0>Initial Properties:
                   __DisableWorkloadResolverSentinelPath = C:\Program Files\dotnet\sdk\8.0.403\DisableWorkloadResolver.sentinel
                   __WindowsAppSdkDefaultImageIncludes = **/*.png;**/*.bmp;**/*.jpg;**/*.dds;**/*.tif;**/*.tga;**/*.gif
                   _AfterSdkPublishDependsOn = Publish
                   _BeforePublishNoBuildTargets = 
                         BuildOnlySettings;
                         _PreventProjectReferencesFromBuilding;
                         ResolveReferences;
                         PrepareResourceNames;
                         ComputeIntermediateSatelliteAssemblies;
                         ComputeEmbeddedApphostPaths;
                       
                   _BinaryFormatterObsoleteAsError = true
                   _ContainerIsSelfContained = false
                   _ContainerIsTargetingNet8TFM = true
                   _ContainersTargetsDir = C:\Program Files\dotnet\sdk\8.0.403\Sdks\Microsoft.NET.Sdk\Sdk\..\..\..\Containers\build\
                   _CorePublishTargets = 
                         PrepareForPublish;
                         ComputeAndCopyFilesToPublishDirectory;
                         ;
                         PublishItemsOutputGroup;
                       
                   _DebugSymbolsProduced = true
                   _DefaultArtifactsPathPropsImported = true
                   _DefaultUserProfileRuntimeStorePath = C:\Users\USER\.dotnet\store
                   _DeploymentApplicationManifestIdentity = Native.StaffManagement.Domain
                   _DeploymentBuiltUpdateInterval = 0
                   _DeploymentBuiltUpdateIntervalUnits = Days
                   _DeploymentDeployManifestIdentity = StaffManagement.Domain.application
                   _DeploymentFileMappingExtension = 
                   _DeploymentLauncherBased = true
                   _DeploymentTargetApplicationManifestFileName = Native.StaffManagement.Domain.manifest
                   _DeploymentUrl = 
                   _DesignerDepsFileName = StaffManagement.Domain.designer.deps.json
                   _DesignerDepsFilePath = obj\Debug\net8.0\StaffManagement.Domain.designer.deps.json
                   _DesignerRuntimeConfigFileName = StaffManagement.Domain.designer.runtimeconfig.json
                   _DesignerRuntimeConfigFilePath = obj\Debug\net8.0\StaffManagement.Domain.designer.runtimeconfig.json
                   _DirectoryBuildPropsBasePath = 
                   _DirectoryBuildPropsFile = Directory.Build.props
                   _DirectoryBuildTargetsBasePath = 
                   _DirectoryBuildTargetsFile = Directory.Build.targets
                   _DirectoryPackagesPropsBasePath = 
                   _DirectoryPackagesPropsFile = Directory.Packages.props
                   _DocumentationFileProduced = false
                   _DotNetAppHostExecutableName = apphost
                   _DotNetAppHostExecutableNameWithoutExtension = apphost
                   _DotNetComHostLibraryName = comhost
                   _DotNetComHostLibraryNameWithoutExtension = comhost
                   _DotNetHostExecutableName = dotnet
                   _DotNetHostFxrLibraryName = libhostfxr.so
                   _DotNetHostPolicyLibraryName = libhostpolicy.so
                   _DotNetIjwHostLibraryName = Ijwhost
                   _DotNetIjwHostLibraryNameWithoutExtension = Ijwhost
                   _DotNetSingleFileHostExecutableNameWithoutExtension = singlefilehost
                   _EnableDefaultWindowsPlatform = false
                   _FrameworkIdentifierForImplicitDefine = NET
                   _FrameworkVersionForImplicitDefine = 8_0
                   _GenerateBindingRedirectsIntermediateAppConfig = obj\Debug\net8.0\StaffManagement.Domain.dll.config
                   _GeneratePublishDependencyFilePropertyInputsCache = C:\Users\USER\OneDrive - Royal University of Phnom Penh\Desktop\Testing\StaffManagement\src\StaffManagement.Domain\obj\Debug\net8.0\StaffManagement.Domain.genpublishdeps.cache
                   _GenerateRestoreGraphProjectEntryInputProperties = ExcludeRestorePackageImports=true
                   _GenerateRuntimeConfigurationPropertyInputsCache = C:\Users\USER\OneDrive - Royal University of Phnom Penh\Desktop\Testing\StaffManagement\src\StaffManagement.Domain\obj\Debug\net8.0\StaffManagement.Domain.genruntimeconfig.cache
                   _GenerateSingleFileBundlePropertyInputsCache = C:\Users\USER\OneDrive - Royal University of Phnom Penh\Desktop\Testing\StaffManagement\src\StaffManagement.Domain\obj\Debug\net8.0\StaffManagement.Domain.genbundle.cache
                   _GenerateSourceLinkFileBeforeTargets = CoreCompile
                   _GenerateSourceLinkFileDependsOnTargets = 
                   _GenerateSupportedRuntimeIntermediateAppConfig = obj\Debug\net8.0\StaffManagement.Domain.dll.withSupportedRuntime.config
                   _GenerateToolsSettingsFileCacheFile = C:\Users\USER\OneDrive - Royal University of Phnom Penh\Desktop\Testing\StaffManagement\src\StaffManagement.Domain\obj\Debug\net8.0\StaffManagement.Domain.toolssettingsinput.cache
                   _GetChildProjectCopyToOutputDirectoryItems = true
                   _GetChildProjectCopyToPublishDirectoryItems = true
                   _InitialBaseIntermediateOutputPath = obj\
                   _InitialMSBuildProjectExtensionsPath = C:\Users\USER\OneDrive - Royal University of Phnom Penh\Desktop\Testing\StaffManagement\src\StaffManagement.Domain\obj\
                   _IsNETCoreOrNETStandard = true
                   _IsSDKContainerAllowedVersion = true
                   _LatestAnalysisLevel = 8.0
                   _MaxSupportedLangVersion = 12.0
                   _MicrosoftSourceLinkCommonAssemblyFile = C:\Program Files\dotnet\sdk\8.0.403\Sdks\Microsoft.SourceLink.Common\build\..\tools\core\Microsoft.SourceLink.Common.dll
                   _MinimumNonEolSupportedNetCoreTargetFramework = net6.0
                   _NativeLibraryExtension = .so
                   _NativeLibraryPrefix = lib
                   _NETAnalyzersSDKAssemblyVersion = 8.0.0
                   _NETCoreSdkIsPreview = false
                   _NetFrameworkHostedCompilersVersion = 4.11.0-3.24468.6
                   _NoneAnalysisLevel = 4.0
                   _NugetFallbackFolder = C:\Program Files\dotnet\sdk\8.0.403\Sdks\Microsoft.NET.Sdk\targets\..\..\..\..\NuGetFallbackFolder
                   _NugetTargetMonikerAndRID = .NETCoreApp,Version=v8.0
                   _OriginalConfiguration = Debug
                   _OriginalPlatform = AnyCPU
                   _PackToolPublishDependency = _PublishBuildAlternative
                   _PlatformWithoutConfigurationInference = AnyCPU
                   _PreviewAnalysisLevel = 9.0
                   _ProjectDefaultTargets = Build
                   _PublishNoBuildAlternativeDependsOn = 
                         BuildOnlySettings;
                         _PreventProjectReferencesFromBuilding;
                         ResolveReferences;
                         PrepareResourceNames;
                         ComputeIntermediateSatelliteAssemblies;
                         ComputeEmbeddedApphostPaths;
                       ;
                         PrepareForPublish;
                         ComputeAndCopyFilesToPublishDirectory;
                         ;
                         PublishItemsOutputGroup;
                       
                   _PublishProfileDesignerFolder = Properties
                   _PublishProfileRootFolder = C:\Users\USER\OneDrive - Royal University of Phnom Penh\Desktop\Testing\StaffManagement\src\StaffManagement.Domain\Properties\PublishProfiles\
                   _RecursiveTargetForContentCopying = GetCopyToOutputDirectoryItems
                   _ResolveReferenceDependencies = false
                   _RuntimePackInWorkloadVersion6 = 6.0.35
                   _RuntimePackInWorkloadVersion7 = 7.0.20
                   _RuntimePackInWorkloadVersionCurrent = 8.0.10
                   _SGenDllCreated = false
                   _SGenDllName = StaffManagement.Domain.XmlSerializers.dll
                   _SGenGenerateSerializationAssembliesConfig = Off
                   _ShimCreatedSentinelFile = C:\Users\USER\OneDrive - Royal University of Phnom Penh\Desktop\Testing\StaffManagement\src\StaffManagement.Domain\obj\Debug\net8.0\StaffManagement.Domain.shimcreated.sentinel
                   _ShimInputCacheFile = C:\Users\USER\OneDrive - Royal University of Phnom Penh\Desktop\Testing\StaffManagement\src\StaffManagement.Domain\obj\Debug\net8.0\StaffManagement.Domain.shiminput.cache
                   _SourceLinkAzureReposGitAssemblyFile = C:\Program Files\dotnet\sdk\8.0.403\Sdks\Microsoft.SourceLink.AzureRepos.Git\build\..\tools\core\Microsoft.SourceLink.AzureRepos.Git.dll
                   _SourceLinkBitbucketAssemblyFile = C:\Program Files\dotnet\sdk\8.0.403\Sdks\Microsoft.SourceLink.Bitbucket.Git\build\..\tools\core\Microsoft.SourceLink.Bitbucket.Git.dll
                   _SourceLinkGitHubAssemblyFile = C:\Program Files\dotnet\sdk\8.0.403\Sdks\Microsoft.SourceLink.GitHub\build\..\tools\core\Microsoft.SourceLink.GitHub.dll
                   _SourceLinkGitLabAssemblyFile = C:\Program Files\dotnet\sdk\8.0.403\Sdks\Microsoft.SourceLink.GitLab\build\..\tools\core\Microsoft.SourceLink.GitLab.dll
                   _SourceLinkPropsImported = true
                   _SourceLinkSdkSubDir = build
                   _SupportedArchitectures = amd64 arm64
                   _SupportedPlatformList = @(SupportedPlatform, ',')
                   _TargetFrameworkDirectories = 
                   _TargetFrameworkVersionValue = 0.0
                   _TargetFrameworkVersionWithoutV = 8.0
                   _TargetLatestRuntimePatchIsDefault = true
                   _TargetsThatPrepareProjectReferences = 
                         AssignProjectConfiguration;
                         _SplitProjectReferencesByFileExistence
                       
                   _ToolsSettingsFilePath = obj\DotnetToolSettings.xml
                   _UseAttributeForTargetFrameworkInfoPropertyNames = true
                   _UsingDefaultForHasRuntimeOutput = true
                   _UsingDefaultPlatformTarget = true
                   _WindowsDesktopSdkTargetFrameworkVersionFloor = 3.0
                   _WorkloadLibraryPacksFolder = C:\Program Files\dotnet\library-packs
                   AddAdditionalExplicitAssemblyReferences = false
                   AllowedOutputExtensionsInPackageBuildOutputFolder = .dll; .exe; .winmd; .json; .pri; .xml ;
                   AllowedOutputExtensionsInSymbolsPackageBuildOutputFolder = .pdb; .mdb; .dll; .exe; .winmd; .json; .pri; .xml ;; 
                   AllowedReferenceAssemblyFileExtensions = 
                         .winmd;
                         .dll;
                         .exe
                       
                   AllowedReferenceRelatedFileExtensions = 
                         .pdb;
                         .xml;
                         .pri;
                         .dll.config;
                         .exe.config
                       
                   AllowUnsafeBlocks = false
                   AlwaysIncludeCoreFrameworkInRuntimeConfig = true
                   AlwaysUseNumericalSuffixInItemNames = true
                   AnalysisLevel = latest
                   ApiCompatValidatePackageSemaphoreFile = obj\Debug\net8.0\Microsoft.NET.ApiCompat.ValidatePackage.semaphore
                   AppDesignerFolder = Properties
                   AppendPlatformToOutputPath = false
                   AppendRuntimeIdentifierToOutputPath = true
                   AppendTargetFrameworkToOutputPath = true
                   AssemblyFoldersConfigFile = C:\Program Files\dotnet\sdk\8.0.403\AssemblyFolders.config
                   AssemblyFoldersSuffix = AssemblyFoldersEx
                   AssemblyName = StaffManagement.Domain
                   AssemblySearchPaths = {CandidateAssemblyFiles};{HintPathFromItem};{TargetFrameworkDirectory};{RawFileName}
                   AssemblyTitle = StaffManagement.Domain
                   AssetTargetFallback = ;net461;net462;net47;net471;net472;net48;net481
                   AssignTargetPathsDependsOn = 
                   Authors = StaffManagement.Domain
                   AutomaticallyUseReferenceAssemblyPackages = true
                   AutoUnifyAssemblyReferences = true
                   AvailablePlatforms = Any CPU,x86,x64,ARM32,ARM64
                   BackwardsCompatFrameworkDefine = NETCOREAPP
                   BaseIntermediateOutputPath = obj\
                   BaseOutputPath = bin\
                   BaseOutputPathWasSpecified = true
                   BuildCompileAction = Build
                   BuildDependsOn = 
                         BeforeBuild;
                         CoreBuild;
                         AfterBuild
                       
                   BuildGenerateSourcesAction = Build
                   BuildingProject = false
                   BuildInParallel = true
                   BuildLinkAction = Build
                   BuildOutputTargetFolder = lib
                   BuildProjectReferences = true
                   BuiltProjectOutputGroupDependenciesDependsOn = 
                         ;
                         
                         ;
                         BuildOnlySettings;
                         PrepareForBuild;
                         AssignTargetPaths;
                         ResolveReferences
                       
                       
                   BuiltProjectOutputGroupDependsOn = PrepareForBuild
                   BundledNETCoreAppPackageVersion = 8.0.10
                   BundledNETCoreAppTargetFrameworkVersion = 8.0
                   BundledNETCorePlatformsPackageVersion = 8.0.10-servicing.24466.10
                   BundledNETStandardPackageVersion = 2.1.0
                   BundledNETStandardTargetFrameworkVersion = 2.1
                   BundledRuntimeIdentifierGraphFile = C:\Program Files\dotnet\sdk\8.0.403\RuntimeIdentifierGraph.json
                   CheckEolWorkloads = true
                   CheckForOverflowUnderflow = false
                   CleanDependsOn = 
                         BeforeClean;
                         UnmanagedUnregistration;
                         CoreClean;
                         CleanReferencedProjects;
                         CleanPublishFolder;
                         AfterClean
                       
                   CleanFile = StaffManagement.Domain.csproj.FileListAbsolute.txt
                   ClickOncePublishDir = bin\Debug\net8.0\publish\
                   CodeAnalysisRuleIds = CA1000;CA1001;CA1002;CA1003;CA1005;CA1008;CA1010;CA1012;CA1014;CA1016;CA1017;CA1018;CA1019;CA1021;CA1024;CA1027;CA1028;CA1030;CA1031;CA1032;CA1033;CA1034;CA1036;CA1040;CA1041;CA1043;CA1044;CA1045;CA1046;CA1047;CA1050;CA1051;CA1052;CA1054;CA1055;CA1056;CA1058;CA1060;CA1061;CA1062;CA1063;CA1064;CA1065;CA1066;CA1067;CA1068;CA1069;CA1070;CA1200;CA1303;CA1304;CA1305;CA1307;CA1308;CA1309;CA1310;CA1311;CA1401;CA1416;CA1417;CA1418;CA1419;CA1420;CA1421;CA1422;CA1501;CA1502;CA1505;CA1506;CA1507;CA1508;CA1509;CA1510;CA1511;CA1512;CA1513;CA1700;CA1707;CA1708;CA1710;CA1711;CA1712;CA1713;CA1715;CA1716;CA1720;CA1721;CA1724;CA1725;CA1727;CA1802;CA1805;CA1806;CA1810;CA1812;CA1813;CA1814;CA1815;CA1816;CA1819;CA1820;CA1821;CA1822;CA1823;CA1824;CA1825;CA1826;CA1827;CA1828;CA1829;CA1830;CA1831;CA1832;CA1833;CA1834;CA1835;CA1836;CA1837;CA1838;CA1839;CA1840;CA1841;CA1842;CA1843;CA1844;CA1845;CA1846;CA1847;CA1848;CA1849;CA1850;CA1851;CA1852;CA1853;CA1854;CA1855;CA1856;CA1857;CA1858;CA1859;CA1860;CA1861;CA1862;CA1863;CA1864;CA1865;CA1866;CA1867;CA1868;CA1869;CA1870;CA2000;CA2002;CA2007;CA2008;CA2009;CA2011;CA2012;CA2013;CA2014;CA2015;CA2016;CA2017;CA2018;CA2019;CA2020;CA2021;CA2100;CA2101;CA2119;CA2153;CA2200;CA2201;CA2207;CA2208;CA2211;CA2213;CA2214;CA2215;CA2216;CA2217;CA2218;CA2219;CA2224;CA2225;CA2226;CA2227;CA2231;CA2234;CA2235;CA2237;CA2241;CA2242;CA2243;CA2244;CA2245;CA2246;CA2247;CA2248;CA2249;CA2250;CA2251;CA2252;CA2253;CA2254;CA2255;CA2256;CA2257;CA2258;CA2259;CA2260;CA2261;CA2300;CA2301;CA2302;CA2305;CA2310;CA2311;CA2312;CA2315;CA2321;CA2322;CA2326;CA2327;CA2328;CA2329;CA2330;CA2350;CA2351;CA2352;CA2353;CA2354;CA2355;CA2356;CA2361;CA2362;CA3001;CA3002;CA3003;CA3004;CA3005;CA3006;CA3007;CA3008;CA3009;CA3010;CA3011;CA3012;CA3061;CA3075;CA3076;CA3077;CA3147;CA5350;CA5351;CA5358;CA5359;CA5360;CA5361;CA5362;CA5363;CA5364;CA5365;CA5366;CA5367;CA5368;CA5369;CA5370;CA5371;CA5372;CA5373;CA5374;CA5375;CA5376;CA5377;CA5378;CA5379;CA5380;CA5381;CA5382;CA5383;CA5384;CA5385;CA5386;CA5387;CA5388;CA5389;CA5390;CA5391;CA5392;CA5393;CA5394;CA5395;CA5396;CA5397;CA5398;CA5399;CA5400;CA5401;CA5402;CA5403;CA5404;CA5405
                   CodeAnalysisTargets = C:\Program Files\dotnet\sdk\8.0.403\Microsoft\VisualStudio\v17.0\CodeAnalysis\Microsoft.CodeAnalysis.targets
                   CommandLineArgsForDesignTimeEvaluation = -langversion:12.0 -define:TRACE
                   CommonOutputGroupsDependsOn = 
                         ;
                         BuildOnlySettings;
                         PrepareForBuild;
                         AssignTargetPaths;
                         ResolveReferences
                       
                   CommonTargetsPath = C:\Program Files\dotnet\sdk\8.0.403\Microsoft.Common.CurrentVersion.targets
                   CommonXamlResourcesDirectory = C:\Program Files\dotnet\sdk\8.0.403\\
                   Company = StaffManagement.Domain
                   CompileDependsOn = 
                         
                         ResolveReferences;
                         ResolveKeySource;
                         SetWin32ManifestProperties;
                         _SetPreferNativeArm64Win32ManifestProperties;
                         FindReferenceAssembliesForReferences;
                         _GenerateCompileInputs;
                         BeforeCompile;
                         _TimeStampBeforeCompile;
                         _GenerateCompileDependencyCache;
                         CoreCompile;
                         _TimeStampAfterCompile;
                         AfterCompile;
                       ;
                         _CreateAppHost;
                         _CreateComHost;
                         _GetIjwHostPaths;
                       
                   CompileLicxFilesDependsOn = 
                   CompilerApiVersion = roslyn4.11
                   CompilerGeneratedFilesOutputPath = 
                   ComputeIntermediateSatelliteAssembliesDependsOn = 
                         CreateManifestResourceNames
                       
                   ComputeNETCoreBuildOutputFiles = true
                   ComReferenceExecuteAsTool = false
                   ComReferenceNoClassMembers = false
                   Configuration = Debug
                   ConfigurationName = Debug
                   Configurations = Debug;Release
                   ConsiderPlatformAsProcessorArchitecture = true
                   ContainerCustomTasksAssembly = C:\Program Files\dotnet\sdk\8.0.403\Containers\build\..\tasks\net8.0\Microsoft.NET.Build.Containers.dll
                   ContainerCustomTasksFolder = C:\Program Files\dotnet\sdk\8.0.403\Containers\build\..\tasks\net8.0\
                   ContainerizeFolder = C:\Program Files\dotnet\sdk\8.0.403\Containers\build\..\containerize\
                   ContainerizeFolderName = containerize
                   ContainerTaskFolderName = tasks
                   ContainerTaskFramework = net8.0
                   ContentFilesProjectOutputGroupDependsOn = PrepareForBuild;AssignTargetPaths
                   ContentPreprocessorOutputDirectory = obj\Debug\net8.0\NuGet\
                   ContentTargetFolders = content;contentFiles
                   ContinueOnError = false
                   CopyBuildOutputToPublishDirectory = true
                   CopyConflictingTransitiveContent = false
                   CopyLocalLockFileAssemblies = false
                   CopyOutputSymbolsToPublishDirectory = true
                   CoreBuildDependsOn = 
                         _CheckForBuildWithNoBuild;
                         
                         BuildOnlySettings;
                         PrepareForBuild;
                         PreBuildEvent;
                         ResolveReferences;
                         PrepareResources;
                         ResolveKeySource;
                         Compile;
                         ExportWindowsMDFile;
                         UnmanagedUnregistration;
                         GenerateSerializationAssemblies;
                         CreateSatelliteAssemblies;
                         GenerateManifests;
                         GetTargetPath;
                         PrepareForRun;
                         UnmanagedRegistration;
                         IncrementalClean;
                         PostBuildEvent
                       ;
                         GenerateBuildDependencyFile;
                         GenerateBuildRuntimeConfigurationFiles
                       
                   CoreCleanDependsOn = 
                         _SdkBeforeClean;
                         
                       
                   CoreCompileDependsOn = ;_ComputeNonExistentFileProperty;ResolveCodeAnalysisRuleSet
                   CoreResGenDependsOn = FindReferenceAssembliesForReferences
                   CreateCustomManifestResourceNamesDependsOn = 
                   CreateHardLinksForCopyAdditionalFilesIfPossible = false
                   CreateManifestResourceNamesDependsOn = 
                   CreateSatelliteAssembliesDependsOn = 
                         
                         ;
                         _GenerateSatelliteAssemblyInputs;
                         ComputeIntermediateSatelliteAssemblies;
                         GenerateSatelliteAssemblies
                       ;
                         CoreGenerateSatelliteAssemblies
                       
                   CreateSymbolicLinksForCopyAdditionalFilesIfPossible = false
                   CSharpCoreTargetsPath = C:\Program Files\dotnet\sdk\8.0.403\Roslyn\Microsoft.CSharp.Core.targets
                   CSharpDesignTimeTargetsPath = C:\Program Files\dotnet\sdk\8.0.403\\Microsoft\VisualStudio\Managed\Microsoft.CSharp.DesignTime.targets
                   CSharpTargetsPath = C:\Program Files\dotnet\sdk\8.0.403\Microsoft.CSharp.CurrentVersion.targets
                   CustomAfterDirectoryBuildProps = ;C:\Program Files\dotnet\sdk\8.0.403\Sdks\Microsoft.NET.Sdk\Sdk\UseArtifactsOutputPath.props
                   CustomAfterMicrosoftCommonProps = C:\Program Files\dotnet\sdk\8.0.403\\vCurrent\Custom.After.Microsoft.Common.props
                   CustomAfterMicrosoftCommonTargets = C:\Program Files\dotnet\sdk\8.0.403\\vCurrent\Custom.After.Microsoft.Common.targets
                   CustomAfterMicrosoftCSharpTargets = C:\Program Files\dotnet\sdk\8.0.403\\vCurrent\Custom.After.Microsoft.CSharp.targets
                   CustomBeforeMicrosoftCommonProps = C:\Program Files\dotnet\sdk\8.0.403\\vCurrent\Custom.Before.Microsoft.Common.props
                   CustomBeforeMicrosoftCommonTargets = C:\Program Files\dotnet\sdk\8.0.403\\vCurrent\Custom.Before.Microsoft.Common.targets
                   CustomBeforeMicrosoftCSharpTargets = C:\Program Files\dotnet\sdk\8.0.403\\vCurrent\Custom.Before.Microsoft.CSharp.targets
                   DebugSymbols = true
                   DebugSymbolsProjectOutputGroupDependenciesDependsOn = 
                         ;
                         
                         ;
                         BuildOnlySettings;
                         PrepareForBuild;
                         AssignTargetPaths;
                         ResolveReferences
                       
                       
                   DebugSymbolsProjectOutputGroupDependsOn = 
                   DebugType = portable
                   DefaultAllowedOutputExtensionsInPackageBuildOutputFolder = .dll; .exe; .winmd; .json; .pri; .xml
                   DefaultCopyToPublishDirectoryMetadata = true
                   DefaultExcludesInProjectFolder = ;;**/.*/**
                   DefaultImplicitPackages = Microsoft.NETCore.App;NETStandard.Library
                   DefaultItemExcludes = ;bin\Debug\/**;obj\Debug\/**;bin\/**;obj\/**;**/*.user;**/*.*proj;**/*.sln;**/*.vssscc;**/.DS_Store
                   DefaultLanguageSourceExtension = .cs
                   DefaultProjectTypeGuid = {FAE04EC0-301F-11D3-BF4B-00C04F79EFBC}
                   DefineCommonCapabilities = true
                   DefineCommonItemSchemas = true
                   DefineCommonReferenceSchemas = true
                   DefineConstants = TRACE;DEBUG;NET;NET8_0;NETCOREAPP
                   DelaySign = 
                   DeploymentComputeClickOnceManifestInfoDependsOn = 
                         CleanPublishFolder;
                         GetCopyToOutputDirectoryItems;
                         _DeploymentGenerateTrustInfo
                         
                       
                   DesignerRuntimeImplementationProjectOutputGroupDependsOn = 
                         
                         ;
                         
                         ;
                         BuildOnlySettings;
                         PrepareForBuild;
                         AssignTargetPaths;
                         ResolveReferences
                       
                       ;
                         _GenerateDesignerDepsFile;
                         _GenerateDesignerRuntimeConfigFile;
                         GetCopyToOutputDirectoryItems;
                         _GatherDesignerShadowCopyFiles;
                       
                   DesignTimeAssemblySearchPaths = {CandidateAssemblyFiles};{HintPathFromItem};{TargetFrameworkDirectory};{RawFileName}
                   DesignTimeAutoUnify = true
                   DesignTimeResolveAssemblyReferencesDependsOn = 
                         GetFrameworkPaths;
                         GetReferenceAssemblyPaths;
                         ResolveReferences
                       
                   Deterministic = true
                   DevEnvDir = *Undefined*
                   DisableHandlePackageFileConflicts = true
                   DisableLogTaskParameter_ConvertToAbsolutePath_Path = true
                   DisableLogTaskParameter_FindUnderPath_OutOfPath = true
                   DisableLogTaskParameter_RemoveDuplicates_Inputs = true
                   DisableLogTaskParameterItemMetadata_ConvertToAbsolutePath_AbsolutePaths = true
                   DisableLogTaskParameterItemMetadata_Copy_CopiedFiles = true
                   DisableLogTaskParameterItemMetadata_Copy_DestinationFiles = true
                   DisableLogTaskParameterItemMetadata_Copy_SourceFiles = true
                   DisableLogTaskParameterItemMetadata_FindUnderPath_Files = true
                   DisableLogTaskParameterItemMetadata_FindUnderPath_InPath = true
                   DisableLogTaskParameterItemMetadata_GenerateResource_FilesWritten = true
                   DisableLogTaskParameterItemMetadata_Hash_ItemsToHash = true
                   DisableLogTaskParameterItemMetadata_RemoveDuplicates_Filtered = true
                   DisableLogTaskParameterItemMetadata_WriteLinesToFile_Lines = true
                   DisableStandardFrameworkResolution = true
                   DocumentationFile = 
                   DocumentationProjectOutputGroupDependenciesDependsOn = 
                         ;
                         
                         ;
                         BuildOnlySettings;
                         PrepareForBuild;
                         AssignTargetPaths;
                         ResolveReferences
                       
                       
                   DocumentationProjectOutputGroupDependsOn = 
                   DOTNET_CLI_TELEMETRY_SESSIONID = 99da9e29-3945-4041-bd08-17b7b1b156ce
                   DOTNET_HOST_PATH = C:\Program Files\dotnet\dotnet.exe
                   DotNetApiCompatTaskAssembly = C:\Program Files\dotnet\sdk\8.0.403\Sdks\Microsoft.NET.Sdk\targets\..\tools\net8.0\Microsoft.DotNet.ApiCompat.Task.dll
                   DotnetCliToolTargetFramework = netcoreapp2.2
                   EffectiveAnalysisLevel = 8.0
                   EffectiveCodeAnalysisTreatWarningsAsErrors = 
                   EmbeddedResourceUseDependentUponConvention = true
                   EmbeddedWin32Manifest = 
                   EmbedUntrackedSources = true
                   EmitAssetsLogMessages = true
                   EmitCompilerGeneratedFiles = false
                   EmitLegacyAssetsFileItems = false
                   EnableDefaultCompileItems = true
                   EnableDefaultEmbeddedResourceItems = true
                   EnableDefaultItems = true
                   EnableDefaultNoneItems = true
                   EnableFrameworkPathOverride = false
                   EnableNETAnalyzers = true
                   EnableSourceControlManagerQueries = true
                   EnableSourceLink = true
                   EnableUnsafeBinaryFormatterSerialization = false
                   EnableWebSdkImplicitPackageVersions = false
                   EnforceCodeStyleInBuild = false
                   ErrorReport = prompt
                   ExpandSDKAllowedReferenceExtensions = 
                         .winmd;
                         .dll
                       
                   ExpandSDKReferencesDependsOn = 
                         ResolveSDKReferences
                       
                   FileAlignment = 512
                   FindInvalidProjectReferencesDependsOn = 
                         GetReferenceTargetPlatformMonikers
                       
                   Framework20Dir = @(_TargetFramework20DirectoryItem)
                   Framework30Dir = @(_TargetFramework30DirectoryItem)
                   Framework35Dir = @(_TargetFramework35DirectoryItem)
                   Framework40Dir = @(_TargetFramework40DirectoryItem)
                   FrameworkDir = @(_TargetFramework40DirectoryItem)
                   FrameworkPathOverride = 
                   FrameworkRegistryBase = Software\Microsoft\.NETCoreApp
                   FrameworkSDKDir = @(_TargetFrameworkSDKDirectoryItem)
                   FullReferenceAssemblyNames = Full
                   GenerateAssemblyCompanyAttribute = true
                   GenerateAssemblyConfigurationAttribute = true
                   GenerateAssemblyCopyrightAttribute = true
                   GenerateAssemblyDescriptionAttribute = true
                   GenerateAssemblyFileVersionAttribute = true
                   GenerateAssemblyInfo = true
                   GenerateAssemblyInformationalVersionAttribute = true
                   GenerateAssemblyMetadataAttributes = true
                   GenerateAssemblyProductAttribute = true
                   GenerateAssemblyTitleAttribute = true
                   GenerateAssemblyTrademarkAttribute = true
                   GenerateAssemblyVersionAttribute = true
                   GeneratedAssemblyInfoFile = obj\Debug\net8.0\StaffManagement.Domain.AssemblyInfo.cs
                   GenerateDependencyFile = true
                   GeneratedGlobalUsingsFile = obj\Debug\net8.0\StaffManagement.Domain.GlobalUsings.g.cs
                   GenerateDisableRuntimeMarshallingAttribute = true
                   GenerateDocumentationFile = false
                   GenerateFullPaths = true
                   GenerateInternalsVisibleToAttributes = true
                   GenerateManifestsDependsOn = 
                         SetWin32ManifestProperties;
                         GenerateApplicationManifest;
                         GenerateDeploymentManifest
                       
                   GenerateNeutralResourcesLanguageAttribute = true
                   GenerateNuspecDependsOn = Build;_LoadPackInputItems; _GetTargetFrameworksOutput; _WalkEachTargetPerFramework; _GetPackageFiles; 
                   GeneratePackageOnBuild = false
                   GenerateRepositoryUrlAttribute = true
                   GenerateRequiresPreviewFeaturesAttribute = true
                   GenerateResourceMSBuildArchitecture = CurrentArchitecture
                   GenerateResourceMSBuildRuntime = CurrentRuntime
                   GenerateResourceUsePreserializedResources = true
                   GenerateResourceWarnOnBinaryFormatterUse = true
                   GenerateRuntimeConfigDevFile = false
                   GenerateSatelliteAssembliesForCore = true
                   GenerateSupportedOSPlatformAttribute = true
                   GenerateTargetFrameworkAttribute = true
                   GenerateTargetPlatformAttribute = true
                   GetCopyToOutputDirectoryItemsDependsOn = 
                         AssignTargetPaths;
                         
                         AssignProjectConfiguration;
                         _SplitProjectReferencesByFileExistence
                       ;
                         _GetProjectReferenceTargetFrameworkProperties;
                         _PopulateCommonStateForGetCopyToOutputDirectoryItems
                       
                   GetFrameworkPathsDependsOn = 
                   GetReferenceNearestTargetFrameworkTaskSupportsTargetPlatformParameter = true
                   GetTargetPathDependsOn = 
                   GetTargetPathWithTargetPlatformMonikerDependsOn = 
                   HasRuntimeOutput = 
                   HideWarningsAndErrors = false
                   HighEntropyVA = true
                   ImplicitConfigurationDefine = DEBUG
                   ImplicitFrameworkDefine = NET8_0
                   ImplicitUsings = enable
                   ImportByWildcardAfterMicrosoftCommonProps = true
                   ImportByWildcardAfterMicrosoftCommonTargets = true
                   ImportByWildcardAfterMicrosoftCSharpTargets = true
                   ImportByWildcardBeforeMicrosoftCommonProps = true
                   ImportByWildcardBeforeMicrosoftCommonTargets = true
                   ImportByWildcardBeforeMicrosoftCSharpTargets = true
                   ImportDirectoryBuildProps = true
                   ImportDirectoryBuildTargets = true
                   ImportDirectoryPackagesProps = true
                   ImportFrameworkWinFXTargets = false
                   ImportNuGetBuildTasksPackTargetsFromSdk = true
                   ImportProjectExtensionProps = true
                   ImportProjectExtensionTargets = true
                   ImportUserLocationsByWildcardAfterMicrosoftCommonProps = true
                   ImportUserLocationsByWildcardAfterMicrosoftCommonTargets = true
                   ImportUserLocationsByWildcardAfterMicrosoftCSharpTargets = true
                   ImportUserLocationsByWildcardBeforeMicrosoftCommonProps = true
                   ImportUserLocationsByWildcardBeforeMicrosoftCommonTargets = true
                   ImportUserLocationsByWildcardBeforeMicrosoftCSharpTargets = true
                   IncludeBuildOutput = true
                   IncludeContentInPack = true
                   IncludeFileVersionsInDependencyFile = true
                   IncludeMainProjectInDepsFile = true
                   IncludeProjectsNotInAssetsFileInDepsFile = true
                   IncludeSourceRevisionInInformationalVersion = true
                   IncludeSymbolsInSingleFile = false
                   InnerBuildProperty = TargetFramework
                   InnerBuildPropertyValues = TargetFrameworks
                   IntermediateOutputPath = obj\Debug\net8.0\
                   IsNetCoreAppTargetingLatestTFM = true
                   IsPackable = true
                   IsPublishable = true
                   IsRestoreTargetsFileLoaded = true
                   IsRidAgnostic = true
                   Language = C#
                   LanguageTargets = C:\Program Files\dotnet\sdk\8.0.403\Microsoft.CSharp.targets
                   LangVersion = 12.0
                   MarkPackageReferencesAsExternallyResolved = true
                   MaxSupportedLangVersion = 12.0
                   MaxTargetPath = 100
                   MicrosoftBuildTasksGitAssemblyFile = C:\Program Files\dotnet\sdk\8.0.403\Sdks\Microsoft.Build.Tasks.Git\build\..\tools\core\Microsoft.Build.Tasks.Git.dll
                   MicrosoftCommonPropsHasBeenImported = true
                   MicrosoftNETBuildExtensionsTargets = C:\Program Files\dotnet\sdk\8.0.403\\Microsoft\Microsoft.NET.Build.Extensions\Microsoft.NET.Build.Extensions.targets
                   MicrosoftNETBuildExtensionsTasksAssembly = C:\Program Files\dotnet\sdk\8.0.403\Microsoft\Microsoft.NET.Build.Extensions\\tools\net8.0\Microsoft.NET.Build.Extensions.Tasks.dll
                   MicrosoftNETBuildTasksAssembly = C:\Program Files\dotnet\sdk\8.0.403\Sdks\Microsoft.NET.Sdk\targets\..\tools\net8.0\Microsoft.NET.Build.Tasks.dll
                   MicrosoftNETBuildTasksDirectory = C:\Program Files\dotnet\sdk\8.0.403\Sdks\Microsoft.NET.Sdk\targets\..\tools\net8.0\
                   MicrosoftNETBuildTasksDirectoryRoot = C:\Program Files\dotnet\sdk\8.0.403\Sdks\Microsoft.NET.Sdk\targets\..\tools\
                   MicrosoftNETBuildTasksTFM = net8.0
                   MicrosoftNETCrossgenBuildTasksAssembly = C:\Program Files\dotnet\sdk\8.0.403\Sdks\Microsoft.NET.Sdk\targets\..\tasks\net7.0\Microsoft.NET.Sdk.Crossgen.dll
                   MicrosoftNETFrameworkReferenceAssembliesLatestPackageVersion = 1.0.3
                   MicrosoftNETWindowsWorkloadInstalled = true
                   MinimumVisualStudioVersionForUnsupportedTargetFrameworkVersion = 17.12
                   MsAppxPackageTargets = C:\Program Files\dotnet\sdk\8.0.403\Microsoft\VisualStudio\v17.0\AppxPackage\Microsoft.AppXPackage.Targets
                   MSBuildAllProjects = C:\Users\USER\OneDrive - Royal University of Phnom Penh\Desktop\Testing\StaffManagement\src\StaffManagement.Domain\obj\StaffManagement.Domain.csproj.nuget.g.targets;;C:\Program Files\dotnet\sdk\8.0.403\Current\Microsoft.Common.targets\ImportAfter\Microsoft.TestPlatform.ImportAfter.targets
                   MSBuildAssemblyVersion = 17.0
                   MSBuildBinPath = C:\Program Files\dotnet\sdk\8.0.403
                   MSBuildCopyContentTransitively = true
                   MSBuildCopyMarkerName = StaffMan.D68C3456.Up2Date
                   MSBuildDisableFeaturesFromVersion = 999.999
                   MSBuildEnableWorkloadResolver = true
                   MSBuildExtensionsPath = C:\Program Files\dotnet\sdk\8.0.403\
                   MSBuildExtensionsPath32 = C:\Program Files\dotnet\sdk\8.0.403
                   MSBuildExtensionsPath64 = C:\Program Files\dotnet\sdk\8.0.403
                   MSBUILDFAILONDRIVEENUMERATINGWILDCARD = 1
                   MSBuildFileVersion = 17.11.9.46202
                   MSBuildLoadMicrosoftTargetsReadOnly = true
                   MSBuildNodeCount = 8
                   MSBuildProgramFiles32 = C:\Program Files (x86)
                   MSBuildProjectDefaultTargets = Build
                   MSBuildProjectDirectory = C:\Users\USER\OneDrive - Royal University of Phnom Penh\Desktop\Testing\StaffManagement\src\StaffManagement.Domain
                   MSBuildProjectDirectoryNoRoot = Users\USER\OneDrive - Royal University of Phnom Penh\Desktop\Testing\StaffManagement\src\StaffManagement.Domain
                   MSBuildProjectExtension = .csproj
                   MSBuildProjectExtensionsPath = C:\Users\USER\OneDrive - Royal University of Phnom Penh\Desktop\Testing\StaffManagement\src\StaffManagement.Domain\obj\
                   MSBuildProjectFile = StaffManagement.Domain.csproj
                   MSBuildProjectFullPath = C:\Users\USER\OneDrive - Royal University of Phnom Penh\Desktop\Testing\StaffManagement\src\StaffManagement.Domain\StaffManagement.Domain.csproj
                   MSBuildProjectName = StaffManagement.Domain
                   MSBuildRuntimeType = Core
                   MSBuildSDKsPath = C:\Program Files\dotnet\sdk\8.0.403\Sdks
                   MSBuildSemanticVersion = 17.11.9+a69bbaaf5
                   MSBuildStartupDirectory = C:\Users\USER\OneDrive - Royal University of Phnom Penh\Desktop\Testing\StaffManagement
                   MSBuildToolsPath = C:\Program Files\dotnet\sdk\8.0.403
                   MSBuildToolsVersion = Current
                   MSBuildUserExtensionsPath = C:\Users\USER\AppData\Local\Microsoft\MSBuild
                   MSBUILDUSESERVER = 0
                   MSBuildUseVisualStudioDirectoryLayout = False
                   MSBuildVersion = 17.11.9
                   MSBuildWarningsAsErrors = ;NU1605
                   MSBuildWarningsAsMessages = 1701;1702
                   MSBuildWarningsNotAsErrors = 
                   MsTestToolsTargets = C:\Program Files\dotnet\sdk\8.0.403\Microsoft\VisualStudio\v17.0\TeamTest\Microsoft.TeamTest.targets
                   NETCoreAppMaximumVersion = 8.0
                   NetCoreRoot = C:\Program Files\dotnet\
                   NETCoreSdkBundledCliToolsProps = C:\Program Files\dotnet\sdk\8.0.403\Sdks\Microsoft.NET.Sdk\targets\..\..\..\Microsoft.NETCoreSdk.BundledCliTools.props
                   NETCoreSdkBundledVersionsProps = C:\Program Files\dotnet\sdk\8.0.403\Sdks\Microsoft.NET.Sdk\targets\..\..\..\Microsoft.NETCoreSdk.BundledVersions.props
                   NETCoreSdkPortableRuntimeIdentifier = win-x64
                   NETCoreSdkRuntimeIdentifier = win-x64
                   NETCoreSdkVersion = 8.0.403
                   NetCoreTargetingPackRoot = C:\Program Files\dotnet\packs
                   NoCompilerStandardLib = true
                   NoStdLib = true
                   NoWarn = 1701;1702
                   NuGetAudit = true
                   NuGetAuditLevel = low
                   NuGetAuditMode = direct
                   NuGetBuildTasksPackTargets = C:\Program Files\dotnet\sdk\8.0.403\Sdks\Microsoft.NET.Sdk\Sdk\..\..\NuGet.Build.Tasks.Pack\build\NuGet.Build.Tasks.Pack.targets
                   NuGetInteractive = 
                   NuGetPackageFolders = C:\Users\USER\.nuget\packages\
                   NuGetPackageRoot = C:\Users\USER\.nuget\packages\
                   NuGetPackTaskAssemblyFile = ..\CoreCLR\NuGet.Build.Tasks.Pack.dll
                   NuGetProjectStyle = PackageReference
                   NuGetPropsFile = C:\Program Files\dotnet\sdk\8.0.403\NuGet.props
                   NuGetRestoreTargets = C:\Program Files\dotnet\sdk\8.0.403\NuGet.targets
                   NuGetTargetMoniker = .NETCoreApp,Version=v8.0
                   NuGetToolVersion = 6.11.1
                   Nullable = enable
                   NuspecOutputPath = obj\Debug\
                   Optimize = false
                   OutDir = bin\Debug\net8.0\
                   OutputPath = bin\Debug\net8.0\
                   OutputType = Library
                   OverwriteReadOnlyFiles = false
                   PackageDescription = Package Description
                   PackageDownloadSupported = true
                   PackagedShimOutputRootDirectory = bin\Debug\net8.0\
                   PackageId = StaffManagement.Domain
                   PackageOutputPath = bin\Debug\
                   PackageRequireLicenseAcceptance = false
                   PackageVersion = 1.0.0
                   PackDependsOn = ; _IntermediatePack; GenerateNuspec; 
                   PackRelease = true
                   Platform = AnyCPU
                   PlatformName = AnyCPU
                   Platforms = AnyCPU
                   PostBuildEventDependsOn = 
                   PreBuildEventDependsOn = 
                   Prefer32Bit = false
                   PrepareForBuildDependsOn = ;GetFrameworkPaths;GetReferenceAssemblyPaths;AssignLinkMetadata
                   PrepareForRunDependsOn = 
                         CopyFilesToOutputDirectory
                       
                   PrepareProjectReferencesDependsOn = 
                         AssignProjectConfiguration;
                         _SplitProjectReferencesByFileExistence;
                         _GetProjectReferenceTargetFrameworkProperties;
                         _GetProjectReferencePlatformProperties
                       
                   PrepareResourceNamesDependsOn = 
                         AssignTargetPaths;
                         SplitResourcesByCulture;
                         CreateManifestResourceNames;
                         CreateCustomManifestResourceNames
                       
                   PrepareResourcesDependsOn = 
                         ResolvePackageDependenciesForBuild;
                         _HandlePackageFileConflicts;
                         
                         ;
                         PrepareResourceNames;
                         ResGen;
                         CompileLicxFiles
                       
                       
                   PreserveCompilationReferences = 
                   ProcessorArchitecture = msil
                   ProcessorArchitectureAsPlatform = AnyCPU
                   ProduceReferenceAssembly = true
                   Product = StaffManagement.Domain
                   ProjectAssetsCacheFile = C:\Users\USER\OneDrive - Royal University of Phnom Penh\Desktop\Testing\StaffManagement\src\StaffManagement.Domain\obj\Debug\net8.0\StaffManagement.Domain.assets.cache
                   ProjectAssetsFile = C:\Users\USER\OneDrive - Royal University of Phnom Penh\Desktop\Testing\StaffManagement\src\StaffManagement.Domain\obj\project.assets.json
                   ProjectDepsFileName = StaffManagement.Domain.deps.json
                   ProjectDepsFilePath = C:\Users\USER\OneDrive - Royal University of Phnom Penh\Desktop\Testing\StaffManagement\src\StaffManagement.Domain\bin\Debug\net8.0\StaffManagement.Domain.deps.json
                   ProjectDesignTimeAssemblyResolutionSearchPaths = 
                         {CandidateAssemblyFiles};
                         ;
                         {HintPathFromItem};
                         {TargetFrameworkDirectory};
                         {Registry:Software\Microsoft\.NETCoreApp,v8.0,AssemblyFoldersEx};
                         {RawFileName};
                         C:\Users\USER\OneDrive - Royal University of Phnom Penh\Desktop\Testing\StaffManagement\src\StaffManagement.Domain\bin\Debug\net8.0\
                       
                   ProjectDir = C:\Users\USER\OneDrive - Royal University of Phnom Penh\Desktop\Testing\StaffManagement\src\StaffManagement.Domain\
                   ProjectExt = .csproj
                   ProjectFileName = StaffManagement.Domain.csproj
                   ProjectFlavor = Client
                   ProjectName = StaffManagement.Domain
                   ProjectPath = C:\Users\USER\OneDrive - Royal University of Phnom Penh\Desktop\Testing\StaffManagement\src\StaffManagement.Domain\StaffManagement.Domain.csproj
                   ProjectRuntimeConfigFileName = StaffManagement.Domain.runtimeconfig.json
                   ProjectRuntimeConfigFilePath = C:\Users\USER\OneDrive - Royal University of Phnom Penh\Desktop\Testing\StaffManagement\src\StaffManagement.Domain\bin\Debug\net8.0\StaffManagement.Domain.runtimeconfig.json
                   PublishableProject = 
                   PublishBuildDependsOn = 
                         BuildOnlySettings;
                         PrepareForBuild;
                         ResolveReferences;
                         PrepareResources;
                         ResolveKeySource;
                         GenerateSerializationAssemblies;
                         CreateSatelliteAssemblies;
                       
                   PublishContainerDependsOn = 
                         _ContainerVerifySDKVersion;
                         ComputeContainerConfig;
                         _CheckContainersPackage
                       
                   PublishDependsOn = 
                         _DeploymentUnpublishable
                       
                   PublishDir = bin\Debug\net8.0\publish\
                   PublishDirName = publish
                   PublishDocumentationFile = true
                   PublishDocumentationFiles = true
                   PublishItemsOutputGroupDependsOn = 
                         ;
                         ResolveReferences;
                         ComputeResolvedFilesToPublishList;
                         _ComputeFilesToBundle;
                       
                   PublishOnlyDependsOn = 
                         SetGenerateManifests;
                         PublishBuild;
                         BeforePublish;
                         GenerateManifests;
                         CopyFilesToOutputDirectory;
                         _CopyFilesToPublishFolder;
                         _DeploymentGenerateBootstrapper;
                         ResolveKeySource;
                         _DeploymentSignClickOnceDeployment;
                         AfterPublish
                       
                   PublishProfileImported = false
                   PublishReadyToRunComposite = false
                   PublishReadyToRunPerfmapFormatVersion = 1
                   PublishReadyToRunUseCrossgen2 = true
                   PublishReadyToRunUseRuntimePackOptimizationData = true
                   PublishReferencesDocumentationFiles = true
                   PublishRelease = true
                   RebuildDependsOn = 
                         _SdkBeforeRebuild;
                         
                         BeforeRebuild;
                         Clean;
                         Build;
                         AfterRebuild;
                       
                       
                   RefAssembliesFolderName = refs
                   ReferenceCopyLocalPathsOutputGroupDependsOn = 
                         ;
                         
                         ;
                         BuildOnlySettings;
                         PrepareForBuild;
                         AssignTargetPaths;
                         ResolveReferences
                       
                       
                   ReportingServicesTargets = C:\Program Files\dotnet\sdk\8.0.403\\Microsoft\VisualStudio\v17.0\ReportingServices\Microsoft.ReportingServices.targets
                   ResGenDependsOn = ResolveAssemblyReferences;SplitResourcesByCulture;BeforeResGen;CoreResGen;AfterResGen
                   ResGenExecuteAsTool = false
                   ResolveAssemblyReferenceOutputUnresolvedAssemblyConflicts = true
                   ResolveAssemblyReferencesDependsOn = 
                         
                         
                         ResolveProjectReferences;
                         FindInvalidProjectReferences;
                         GetFrameworkPaths;
                         GetReferenceAssemblyPaths;
                         PrepareForBuild;
                         ResolveSDKReferences;
                         ExpandSDKReferences;
                       ;
                         ResolvePackageDependenciesForBuild;
                         _HandlePackageFileConflicts;
                       ;
                         ResolveTargetingPackAssets;
                       
                   ResolveNuGetPackages = false
                   ResolvePackageDependenciesForBuildDependsOn = 
                         ResolveLockFileReferences;
                         ResolveLockFileAnalyzers;
                         ResolveLockFileCopyLocalFiles;
                         ResolveRuntimePackAssets;
                         RunProduceContentAssets;
                         IncludeTransitiveProjectReferences
                       
                   ResolveReferencesDependsOn = 
                         BeforeResolveReferences;
                         AssignProjectConfiguration;
                         ResolveProjectReferences;
                         FindInvalidProjectReferences;
                         ResolveNativeReferences;
                         ResolveAssemblyReferences;
                         GenerateBindingRedirects;
                         GenerateBindingRedirectsUpdateAppConfig;
                         ResolveComReferences;
                         AfterResolveReferences
                       
                   ResolveSDKReferencesDependsOn = 
                         GetInstalledSDKLocations
                       
                   RestoreAdditionalProjectSources = ;C:\Program Files\dotnet\library-packs
                   RestoreBuildInParallel = true
                   RestoreContinueOnError = WarnAndContinue
                   RestoreOutputPath = C:\Users\USER\OneDrive - Royal University of Phnom Penh\Desktop\Testing\StaffManagement\src\StaffManagement.Domain\obj\
                   RestoreProjectStyle = PackageReference
                   RestoreRecursive = true
                   RestoreSuccess = True
                   RestoreTaskAssemblyFile = NuGet.Build.Tasks.dll
                   RestoreTool = NuGet
                   RestoreUseSkipNonexistentTargets = true
                   RootNamespace = StaffManagement.Domain
                   RoslynTargetsPath = C:\Program Files\dotnet\sdk\8.0.403\Roslyn
                   RunDependsOn = 
                   RunPackageValidationDependsOn = CollectApiCompatInputs;_GetReferencePathFromInnerProjects;
                   RuntimeIdentifierGraphPath = C:\Program Files\dotnet\sdk\8.0.403/PortableRuntimeIdentifierGraph.json
                   RunWorkingDirectory = 
                   SatelliteDllsProjectOutputGroupDependenciesDependsOn = 
                         ;
                         
                         ;
                         BuildOnlySettings;
                         PrepareForBuild;
                         AssignTargetPaths;
                         ResolveReferences
                       
                       
                   SatelliteDllsProjectOutputGroupDependsOn = ;PrepareForBuild;PrepareResourceNames
                   SDKContainerSupportEnabled = true
                   SDKRedistOutputGroupDependsOn = ResolveSDKReferences;ExpandSDKReferences
                   SDKReferenceDirectoryRoot = C:\Users\USER\AppData\Local\Microsoft SDKs;C:\Program Files (x86)\Microsoft SDKs
                   SDKReferenceRegistryRoot = Software\Microsoft\Microsoft SDKs
                   SGenFilesOutputGroupDependenciesDependsOn = 
                         ;
                         
                         ;
                         BuildOnlySettings;
                         PrepareForBuild;
                         AssignTargetPaths;
                         ResolveReferences
                       
                       
                   SGenFilesOutputGroupDependsOn = 
                   SGenShouldGenerateSerializer = true
                   SGenUseKeep = false
                   SGenUseProxyTypes = true
                   ShouldMarkCertainSDKReferencesAsRuntimeOnly = true
                   SignAssembly = false
                   SkipCopyUnchangedFiles = true
                   SkipImportNuGetBuildTargets = true
                   SkipImportNuGetProps = true
                   SolutionDir = *Undefined*
                   SolutionExt = *Undefined*
                   SolutionFileName = *Undefined*
                   SolutionName = *Undefined*
                   SolutionPath = *Undefined*
                   SourceControlInformationFeatureSupported = true
                   SourceControlManagerUrlTranslationTargets = ;TranslateGitHubUrlsInSourceControlInformation;TranslateGitLabUrlsInSourceControlInformation;TranslateAzureReposGitUrlsInSourceControlInformation;TranslateBitbucketGitUrlsInSourceControlInformation
                   SourceFilesProjectOutputGroupDependsOn = PrepareForBuild;AssignTargetPaths
                   SourceLinkUrlInitializerTargets = ;_InitializeGitHubSourceLinkUrl;_InitializeGitLabSourceLinkUrl;_InitializeAzureReposGitSourceLinkUrl;_InitializeBitbucketGitSourceLinkUrl
                   SourceRootMappedPathsFeatureSupported = true
                   SupportedOSPlatformVersion = 
                   SupportsRoslynComponentVersioning = true
                   SuppressDependenciesWhenPacking = false
                   SymbolPackageFormat = symbols.nupkg
                   TargetCulture = *
                   TargetDeployManifestFileName = StaffManagement.Domain.application
                   TargetDir = C:\Users\USER\OneDrive - Royal University of Phnom Penh\Desktop\Testing\StaffManagement\src\StaffManagement.Domain\bin\Debug\net8.0\
                   TargetedFrameworkDir = @(_TargetedFrameworkDirectoryItem)
                   TargetedSDKArchitecture = msil
                   TargetedSDKConfiguration = Debug
                   TargetExt = .dll
                   TargetFileName = StaffManagement.Domain.dll
                   TargetFramework = net8.0
                   TargetFrameworkDirectory = 
                   TargetFrameworkIdentifier = .NETCoreApp
                   TargetFrameworkMoniker = .NETCoreApp,Version=v8.0
                   TargetFrameworkMonikerAssemblyAttributesPath = obj\Debug\net8.0\.NETCoreApp,Version=v8.0.AssemblyAttributes.cs
                   TargetFrameworkMonikerDisplayName = .NET 8.0
                   TargetFrameworkSDKToolsDirectory = 
                   TargetFrameworkVersion = v8.0
                   TargetLatestRuntimePatch = false
                   TargetName = StaffManagement.Domain
                   TargetPath = C:\Users\USER\OneDrive - Royal University of Phnom Penh\Desktop\Testing\StaffManagement\src\StaffManagement.Domain\bin\Debug\net8.0\StaffManagement.Domain.dll
                   TargetPlatformDisplayName =  
                   TargetPlatformIdentifier = 
                   TargetPlatformRegistryBase = Software\Microsoft\Microsoft SDKs\
                   TargetPlatformSdkPath = 
                   TargetPlatformVersion = 
                   TargetRefPath = C:\Users\USER\OneDrive - Royal University of Phnom Penh\Desktop\Testing\StaffManagement\src\StaffManagement.Domain\obj\Debug\net8.0\ref\StaffManagement.Domain.dll
                   TargetRuntime = Managed
                   TargetsCurrent = true
                   TargetsForTfmSpecificContentInPackage = ;PackTool;_PackProjectToolValidation
                   TargetsNet8 = true
                   ToolCommandName = StaffManagement.Domain
                   ToolDepsJsonGeneratorProject = C:\Program Files\dotnet\sdk\8.0.403\Sdks\Microsoft.NET.Sdk\targets\GenerateDeps\GenerateDeps.proj
                   ToolEntryPoint = StaffManagement.Domain.dll
                   TreatWarningsAsErrors = false
                   UnmanagedRegistrationDependsOn = 
                   UnmanagedUnregistrationDependsOn = 
                   UnsupportedTargetFrameworkVersion = 9.0
                   UseCommonOutputDirectory = false
                   UseDefaultPlatformLookupTables = true
                   UseHostCompilerIfAvailable = true
                   UseMSBuildTestInfrastructure = false
                   UseOSWinMdReferences = false
                   UseRidGraph = false
                   UserProfileRuntimeStorePath = C:\Users\USER\.dotnet\store
                   UserRuntimeConfig = C:\Users\USER\OneDrive - Royal University of Phnom Penh\Desktop\Testing\StaffManagement\src\StaffManagement.Domain/runtimeconfig.template.json
                   UseSourcePath = true
                   UsingMicrosoftNETSdk = true
                   UsingNETSdkDefaults = true
                   Utf8Output = true
                   ValidateRuntimeIdentifierCompatibility = false
                   VerifyMatchingImplicitPackageVersion = true
                   Version = 1.0.0
                   VersionlessImplicitFrameworkDefine = NET
                   VersionPrefix = 1.0.0
                   VisualStudioVersion = 17.0
                   VSTestConsolePath = C:\Program Files\dotnet\sdk\8.0.403\vstest.console.dll
                   VSTestNoBuild = False
                   VSTestTargets = C:\Program Files\dotnet\sdk\8.0.403\\Microsoft.TestPlatform.targets
                   VSTestTaskAssemblyFile = Microsoft.TestPlatform.Build.dll
                   VsTestUseMSBuildOutput = False
                   WarningLevel = 8
                   WarningsAsErrors = ;NU1605;SYSLIB0011
                   WarnOnPackingNonPackableProject = false
                   WebReference_EnableLegacyEventingModel = false
                   WebReference_EnableProperties = true
                   WebReference_EnableSQLTypes = true
                   WMSJSProject = WJProject
                   WMSJSProjectDirectory = JavaScript
                   YieldDuringToolExecution = true

20:48:36.896     0>Initial Items:
                   _AllDirectoriesAbove
                       C:\
                       C:\Users
                       C:\Users\USER
                       C:\Users\USER\OneDrive - Royal University of Phnom Penh
                       C:\Users\USER\OneDrive - Royal University of Phnom Penh\Desktop
                       C:\Users\USER\OneDrive - Royal University of Phnom Penh\Desktop\Testing
                       C:\Users\USER\OneDrive - Royal University of Phnom Penh\Desktop\Testing\StaffManagement
                       C:\Users\USER\OneDrive - Royal University of Phnom Penh\Desktop\Testing\StaffManagement\src
                       C:\Users\USER\OneDrive - Royal University of Phnom Penh\Desktop\Testing\StaffManagement\src\StaffManagement.Domain
                       C:\Users\USER\OneDrive - Royal University of Phnom Penh\Desktop\Testing\StaffManagement\src\StaffManagement.Domain\Entities
                   _ApplicationManifestFinal
                       bin\Debug\net8.0\Native.StaffManagement.Domain.manifest
                           TargetPath = Native.StaffManagement.Domain.manifest
                   _DebugSymbolsIntermediatePath
                       obj\Debug\net8.0\StaffManagement.Domain.pdb
                   _DebugSymbolsOutputPath
                       bin\Debug\net8.0\StaffManagement.Domain.pdb
                   _DeploymentManifestEntryPoint
                       obj\Debug\net8.0\StaffManagement.Domain.dll
                           TargetPath = StaffManagement.Domain.dll
                   _EolNetCoreTargetFrameworkVersions
                       1.0
                       1.1
                       2.0
                       2.1
                       2.2
                       3.0
                       3.1
                       5.0
                   _ExcludedKnownRuntimeIdentiferPlatforms
                       rhel.6
                       rhel.6
                       rhel.6
                       rhel.6
                       rhel.6
                       rhel.6
                       rhel.6
                       tizen.4.0.0
                       tizen.4.0.0
                       tizen.4.0.0
                       tizen.4.0.0
                       tizen.4.0.0
                       tizen.4.0.0
                       tizen.4.0.0
                       tizen.5.0.0
                       tizen.5.0.0
                       tizen.5.0.0
                       tizen.5.0.0
                       tizen.5.0.0
                       tizen.5.0.0
                       tizen.5.0.0
                   _KnownRuntimeIdentiferPlatforms
                       any
                       any
                       any
                       any
                       any
                       any
                       any
                       aot
                       aot
                       aot
                       aot
                       aot
                       aot
                       aot
                       freebsd
                       freebsd
                       freebsd
                       freebsd
                       freebsd
                       freebsd
                       freebsd
                       illumos
                       illumos
                       illumos
                       illumos
                       illumos
                       illumos
                       illumos
                       solaris
                       solaris
                       solaris
                       solaris
                       solaris
                       solaris
                       solaris
                       unix
                       unix
                       unix
                       unix
                       unix
                       unix
                       unix
                   _OutputPathItem
                       bin\Debug\net8.0\
                   _ResolveComReferenceCache
                       obj\Debug\net8.0\StaffManagement.Domain.csproj.ResolveComReference.cache
                   _UnmanagedRegistrationCache
                       obj\StaffManagement.Domain.csproj.UnmanagedRegistration.cache
                   AdditionalTargetFrameworkInfoProperty
                       _IsExecutable
                       _SelfContainedWasSpecified
                       IsRidAgnostic
                       SelfContained
                       ShouldBeValidatedAsExecutableReference
                   Analyzer
                       C:\Program Files\dotnet\sdk\8.0.403\Sdks\Microsoft.NET.Sdk\targets\..\analyzers\Microsoft.CodeAnalysis.CSharp.NetAnalyzers.dll
                           IsImplicitlyDefined = true
                       C:\Program Files\dotnet\sdk\8.0.403\Sdks\Microsoft.NET.Sdk\targets\..\analyzers\Microsoft.CodeAnalysis.NetAnalyzers.dll
                           IsImplicitlyDefined = true
                   AppConfigFileDestination
                       bin\Debug\net8.0\StaffManagement.Domain.dll.config
                   ApplicationManifest
                       obj\Debug\net8.0\Native.StaffManagement.Domain.manifest
                           TargetPath = Native.StaffManagement.Domain.manifest
                   BuiltProjectOutputGroupKeyOutput
                       C:\Users\USER\OneDrive - Royal University of Phnom Penh\Desktop\Testing\StaffManagement\src\StaffManagement.Domain\obj\Debug\net8.0\StaffManagement.Domain.dll
                           IsKeyOutput = true
                           FinalOutputPath = C:\Users\USER\OneDrive - Royal University of Phnom Penh\Desktop\Testing\StaffManagement\src\StaffManagement.Domain\bin\Debug\net8.0\StaffManagement.Domain.dll
                           TargetPath = StaffManagement.Domain.dll
                   ClsidMap
                       obj\Debug\net8.0\StaffManagement.Domain.clsidmap
                   Compile
                       Entities\Staff.cs
                   CompilerVisibleProperty
                       _SupportedPlatformList
                       EnableComHosting
                       EnableGeneratedComInterfaceComImportInterop
                       EnforceExtendedAnalyzerRules
                       InvariantGlobalization
                       PlatformNeutralAssembly
                       ProjectDir
                       ProjectTypeGuids
                       RootNamespace
                       TargetFramework
                       TargetPlatformMinVersion
                       UsingMicrosoftNETSdkWeb
                   CopyUpToDateMarker
                       C:\Users\USER\OneDrive - Royal University of Phnom Penh\Desktop\Testing\StaffManagement\src\StaffManagement.Domain\obj\Debug\net8.0\StaffMan.D68C3456.Up2Date
                   CreateDirectory
                       C:\Users\USER\OneDrive - Royal University of Phnom Penh\Desktop\Testing\StaffManagement\src\StaffManagement.Domain\obj\Debug\net8.0\refint\
                       obj\Debug\net8.0\ref
                   DebugSymbolsProjectOutputGroupOutput
                       C:\Users\USER\OneDrive - Royal University of Phnom Penh\Desktop\Testing\StaffManagement\src\StaffManagement.Domain\obj\Debug\net8.0\StaffManagement.Domain.pdb
                           FinalOutputPath = C:\Users\USER\OneDrive - Royal University of Phnom Penh\Desktop\Testing\StaffManagement\src\StaffManagement.Domain\bin\Debug\net8.0\StaffManagement.Domain.pdb
                           TargetPath = StaffManagement.Domain.pdb
                   DeployManifest
                       obj\Debug\net8.0\StaffManagement.Domain.application
                           TargetPath = StaffManagement.Domain.application
                   EmbedInBinlog
                       C:\Users\USER\OneDrive - Royal University of Phnom Penh\Desktop\Testing\StaffManagement\src\StaffManagement.Domain\obj\project.assets.json
                   FrameworkReference
                       Microsoft.NETCore.App
                           IsImplicitlyDefined = true
                           PrivateAssets = All
                           Pack = false
                   GenerateRuntimeConfigurationFilesInputs
                       C:\Users\USER\OneDrive - Royal University of Phnom Penh\Desktop\Testing\StaffManagement\src\StaffManagement.Domain\obj\Debug\net8.0\StaffManagement.Domain.assets.cache
                       C:\Users\USER\OneDrive - Royal University of Phnom Penh\Desktop\Testing\StaffManagement\src\StaffManagement.Domain\obj\project.assets.json
                   GlobalAnalyzerConfigFiles
                       C:\.globalconfig
                       C:\Users\.globalconfig
                       C:\Users\USER\.globalconfig
                       C:\Users\USER\OneDrive - Royal University of Phnom Penh\.globalconfig
                       C:\Users\USER\OneDrive - Royal University of Phnom Penh\Desktop\.globalconfig
                       C:\Users\USER\OneDrive - Royal University of Phnom Penh\Desktop\Testing\.globalconfig
                       C:\Users\USER\OneDrive - Royal University of Phnom Penh\Desktop\Testing\StaffManagement\.globalconfig
                       C:\Users\USER\OneDrive - Royal University of Phnom Penh\Desktop\Testing\StaffManagement\src\.globalconfig
                       C:\Users\USER\OneDrive - Royal University of Phnom Penh\Desktop\Testing\StaffManagement\src\StaffManagement.Domain\.globalconfig
                       C:\Users\USER\OneDrive - Royal University of Phnom Penh\Desktop\Testing\StaffManagement\src\StaffManagement.Domain\Entities\.globalconfig
                   ImplicitPackageReferenceVersion
                       Microsoft.AspNetCore.All
                           LatestVersion = 2.1.30
                           DefaultVersion = 2.1.1
                           TargetFrameworkVersion = 2.1
                       Microsoft.AspNetCore.All
                           LatestVersion = 2.2.8
                           DefaultVersion = 2.2.0
                           TargetFrameworkVersion = 2.2
                       Microsoft.AspNetCore.App
                           LatestVersion = 2.1.30
                           DefaultVersion = 2.1.1
                           TargetFrameworkVersion = 2.1
                       Microsoft.AspNetCore.App
                           LatestVersion = 2.2.8
                           DefaultVersion = 2.2.0
                           TargetFrameworkVersion = 2.2
                       Microsoft.NETCore.App
                           LatestVersion = 1.0.16
                           DefaultVersion = 1.0.5
                           TargetFrameworkVersion = 1.0
                       Microsoft.NETCore.App
                           LatestVersion = 1.1.13
                           DefaultVersion = 1.1.2
                           TargetFrameworkVersion = 1.1
                       Microsoft.NETCore.App
                           LatestVersion = 2.0.9
                           DefaultVersion = 2.0.0
                           TargetFrameworkVersion = 2.0
                       Microsoft.NETCore.App
                           LatestVersion = 2.1.30
                           DefaultVersion = 2.1.0
                           TargetFrameworkVersion = 2.1
                       Microsoft.NETCore.App
                           LatestVersion = 2.2.8
                           DefaultVersion = 2.2.0
                           TargetFrameworkVersion = 2.2
                   IntermediateAssembly
                       obj\Debug\net8.0\StaffManagement.Domain.dll
                   IntermediateRefAssembly
                       obj\Debug\net8.0\refint\StaffManagement.Domain.dll
                   KnownAppHostPack
                       Microsoft.NETCore.App
                           ExcludedRuntimeIdentifiers = android
                           AppHostRuntimeIdentifiers = linux-arm;linux-arm64;linux-musl-arm64;linux-musl-x64;linux-x64;osx-x64;rhel.6-x64;tizen.4.0.0-armel;tizen.5.0.0-armel;win-arm64;win-x64;win-x86;linux-musl-arm;osx-arm64;linux-s390x;linux-bionic-arm;linux-bionic-arm64;linux-bionic-x64;linux-bionic-x86;linux-ppc64le
                           TargetFramework = net8.0
                           AppHostPackNamePattern = Microsoft.NETCore.App.Host.**RID**
                           AppHostPackVersion = 8.0.10
                       Microsoft.NETCore.App
                           ExcludedRuntimeIdentifiers = android
                           AppHostRuntimeIdentifiers = linux-arm;linux-arm64;linux-musl-arm64;linux-musl-x64;linux-x64;osx-x64;rhel.6-x64;tizen.4.0.0-armel;tizen.5.0.0-armel;win-arm;win-arm64;win-x64;win-x86;linux-musl-arm;osx-arm64;linux-s390x;linux-bionic-arm;linux-bionic-arm64;linux-bionic-x64;linux-bionic-x86;linux-ppc64le
                           TargetFramework = net7.0
                           AppHostPackNamePattern = Microsoft.NETCore.App.Host.**RID**
                           AppHostPackVersion = 7.0.20
                       Microsoft.NETCore.App
                           ExcludedRuntimeIdentifiers = android
                           AppHostRuntimeIdentifiers = linux-arm;linux-arm64;linux-musl-arm64;linux-musl-x64;linux-x64;osx-x64;rhel.6-x64;tizen.4.0.0-armel;tizen.5.0.0-armel;win-arm;win-arm64;win-x64;win-x86;linux-musl-arm;osx-arm64;linux-s390x
                           TargetFramework = net6.0
                           AppHostPackNamePattern = Microsoft.NETCore.App.Host.**RID**
                           AppHostPackVersion = 6.0.35
                       Microsoft.NETCore.App
                           AppHostRuntimeIdentifiers = linux-arm;linux-arm64;linux-musl-arm64;linux-musl-x64;linux-x64;osx-x64;rhel.6-x64;tizen.4.0.0-armel;tizen.5.0.0-armel;win-arm;win-arm64;win-x64;win-x86;linux-musl-arm
                           TargetFramework = net5.0
                           AppHostPackNamePattern = Microsoft.NETCore.App.Host.**RID**
                           AppHostPackVersion = 5.0.17
                       Microsoft.NETCore.App
                           AppHostRuntimeIdentifiers = linux-arm;linux-arm64;linux-musl-arm64;linux-musl-x64;linux-x64;osx-x64;rhel.6-x64;tizen.4.0.0-armel;tizen.5.0.0-armel;win-arm;win-arm64;win-x64;win-x86
                           TargetFramework = netcoreapp3.1
                           AppHostPackNamePattern = Microsoft.NETCore.App.Host.**RID**
                           AppHostPackVersion = 3.1.32
                       Microsoft.NETCore.App
                           AppHostRuntimeIdentifiers = linux-arm;linux-arm64;linux-musl-arm64;linux-musl-x64;linux-x64;osx-x64;rhel.6-x64;tizen.4.0.0-armel;tizen.5.0.0-armel;win-arm;win-arm64;win-x64;win-x86
                           TargetFramework = netcoreapp3.0
                           AppHostPackNamePattern = Microsoft.NETCore.App.Host.**RID**
                           AppHostPackVersion = 3.0.3
                   KnownCrossgen2Pack
                       Microsoft.NETCore.App.Crossgen2
                           Crossgen2RuntimeIdentifiers = linux-musl-x64;linux-x64;win-x64;linux-arm;linux-arm64;linux-musl-arm;linux-musl-arm64;osx-arm64;osx-x64;win-arm64;win-x86
                           TargetFramework = net8.0
                           Crossgen2PackNamePattern = Microsoft.NETCore.App.Crossgen2.**RID**
                           Crossgen2PackVersion = 8.0.10
                       Microsoft.NETCore.App.Crossgen2
                           Crossgen2RuntimeIdentifiers = linux-musl-x64;linux-x64;win-x64;linux-arm;linux-arm64;linux-musl-arm;linux-musl-arm64;osx-arm64;osx-x64;win-arm;win-arm64;win-x86
                           TargetFramework = net7.0
                           Crossgen2PackNamePattern = Microsoft.NETCore.App.Crossgen2.**RID**
                           Crossgen2PackVersion = 7.0.20
                       Microsoft.NETCore.App.Crossgen2
                           Crossgen2RuntimeIdentifiers = linux-musl-x64;linux-x64;win-x64;linux-arm;linux-arm64;linux-musl-arm;linux-musl-arm64;osx-arm64;osx-x64;win-arm;win-arm64;win-x86
                           TargetFramework = net6.0
                           Crossgen2PackNamePattern = Microsoft.NETCore.App.Crossgen2.**RID**
                           Crossgen2PackVersion = 6.0.35
                       Microsoft.NETCore.App.Crossgen2
                           Crossgen2RuntimeIdentifiers = linux-musl-x64;linux-x64;win-x64
                           TargetFramework = net5.0
                           Crossgen2PackNamePattern = Microsoft.NETCore.App.Crossgen2.**RID**
                           Crossgen2PackVersion = 5.0.17
                   KnownFrameworkReference
                       Microsoft.AspNetCore.App
                           TargetFramework = netcoreapp3.0
                           DefaultRuntimeFrameworkVersion = 3.0.0
                           TargetingPackName = Microsoft.AspNetCore.App.Ref
                           LatestRuntimeFrameworkVersion = 3.0.3
                           RuntimePackRuntimeIdentifiers = win-x64;win-x86;win-arm;osx-x64;linux-musl-x64;linux-musl-arm64;linux-x64;linux-arm;linux-arm64
                           RuntimePackNamePatterns = Microsoft.AspNetCore.App.Runtime.**RID**
                           TargetingPackVersion = 3.0.1
                           RuntimeFrameworkName = Microsoft.AspNetCore.App
                       Microsoft.AspNetCore.App
                           TargetFramework = netcoreapp3.1
                           DefaultRuntimeFrameworkVersion = 3.1.0
                           TargetingPackName = Microsoft.AspNetCore.App.Ref
                           LatestRuntimeFrameworkVersion = 3.1.32
                           RuntimePackRuntimeIdentifiers = win-x64;win-x86;win-arm;osx-x64;linux-musl-x64;linux-musl-arm64;linux-x64;linux-arm;linux-arm64
                           RuntimePackNamePatterns = Microsoft.AspNetCore.App.Runtime.**RID**
                           TargetingPackVersion = 3.1.10
                           RuntimeFrameworkName = Microsoft.AspNetCore.App
                       Microsoft.AspNetCore.App
                           TargetFramework = net7.0
                           DefaultRuntimeFrameworkVersion = 7.0.0
                           TargetingPackName = Microsoft.AspNetCore.App.Ref
                           LatestRuntimeFrameworkVersion = 7.0.20
                           RuntimePackExcludedRuntimeIdentifiers = android
                           RuntimePackRuntimeIdentifiers = win-x64;win-x86;win-arm;osx-x64;linux-musl-x64;linux-musl-arm64;linux-x64;linux-arm;linux-arm64;linux-musl-arm;win-arm64;osx-arm64;linux-s390x;linux-ppc64le
                           RuntimePackNamePatterns = Microsoft.AspNetCore.App.Runtime.**RID**
                           TargetingPackVersion = 7.0.20
                           RuntimeFrameworkName = Microsoft.AspNetCore.App
                       Microsoft.AspNetCore.App
                           TargetFramework = net8.0
                           DefaultRuntimeFrameworkVersion = 8.0.0
                           TargetingPackName = Microsoft.AspNetCore.App.Ref
                           LatestRuntimeFrameworkVersion = 8.0.10
                           RuntimePackExcludedRuntimeIdentifiers = android;linux-bionic
                           RuntimePackRuntimeIdentifiers = win-x64;win-x86;win-arm;osx-x64;linux-musl-x64;linux-musl-arm64;linux-x64;linux-arm;linux-arm64;linux-musl-arm;win-arm64;osx-arm64;linux-s390x;linux-ppc64le
                           RuntimePackNamePatterns = Microsoft.AspNetCore.App.Runtime.**RID**
                           TargetingPackVersion = 8.0.10
                           RuntimeFrameworkName = Microsoft.AspNetCore.App
                       Microsoft.AspNetCore.App
                           TargetFramework = net5.0
                           DefaultRuntimeFrameworkVersion = 5.0.0
                           TargetingPackName = Microsoft.AspNetCore.App.Ref
                           LatestRuntimeFrameworkVersion = 5.0.17
                           RuntimePackRuntimeIdentifiers = win-x64;win-x86;win-arm;osx-x64;linux-musl-x64;linux-musl-arm64;linux-x64;linux-arm;linux-arm64;linux-musl-arm;win-arm64
                           RuntimePackNamePatterns = Microsoft.AspNetCore.App.Runtime.**RID**
                           TargetingPackVersion = 5.0.0
                           RuntimeFrameworkName = Microsoft.AspNetCore.App
                       Microsoft.AspNetCore.App
                           TargetFramework = net6.0
                           DefaultRuntimeFrameworkVersion = 6.0.0
                           TargetingPackName = Microsoft.AspNetCore.App.Ref
                           LatestRuntimeFrameworkVersion = 6.0.35
                           RuntimePackRuntimeIdentifiers = win-x64;win-x86;win-arm;osx-x64;linux-musl-x64;linux-musl-arm64;linux-x64;linux-arm;linux-arm64;linux-musl-arm;win-arm64;osx-arm64;linux-s390x
                           RuntimePackNamePatterns = Microsoft.AspNetCore.App.Runtime.**RID**
                           TargetingPackVersion = 6.0.35
                           RuntimeFrameworkName = Microsoft.AspNetCore.App
                       Microsoft.NETCore.App
                           TargetFramework = net8.0
                           DefaultRuntimeFrameworkVersion = 8.0.0
                           TargetingPackName = Microsoft.NETCore.App.Ref
                           LatestRuntimeFrameworkVersion = 8.0.10
                           RuntimePackRuntimeIdentifiers = linux-arm;linux-arm64;linux-musl-arm64;linux-musl-x64;linux-x64;osx-x64;rhel.6-x64;tizen.4.0.0-armel;tizen.5.0.0-armel;win-arm64;win-x64;win-x86;linux-musl-arm;osx-arm64;linux-s390x;linux-bionic-arm;linux-bionic-arm64;linux-bionic-x64;linux-bionic-x86;linux-ppc64le
                           RuntimePackNamePatterns = Microsoft.NETCore.App.Runtime.**RID**
                           TargetingPackVersion = 8.0.10
                           RuntimeFrameworkName = Microsoft.NETCore.App
                       Microsoft.NETCore.App
                           TargetFramework = net5.0
                           DefaultRuntimeFrameworkVersion = 5.0.0
                           TargetingPackName = Microsoft.NETCore.App.Ref
                           LatestRuntimeFrameworkVersion = 5.0.17
                           RuntimePackRuntimeIdentifiers = linux-arm;linux-arm64;linux-musl-arm64;linux-musl-x64;linux-x64;osx-x64;rhel.6-x64;tizen.4.0.0-armel;tizen.5.0.0-armel;win-arm;win-arm64;win-x64;win-x86;linux-musl-arm;browser-wasm
                           RuntimePackNamePatterns = Microsoft.NETCore.App.Runtime.**RID**
                           TargetingPackVersion = 5.0.0
                           IsTrimmable = true
                           RuntimeFrameworkName = Microsoft.NETCore.App
                       Microsoft.NETCore.App
                           TargetFramework = net7.0
                           DefaultRuntimeFrameworkVersion = 7.0.0
                           TargetingPackName = Microsoft.NETCore.App.Ref
                           LatestRuntimeFrameworkVersion = 7.0.20
                           RuntimePackRuntimeIdentifiers = linux-arm;linux-arm64;linux-musl-arm64;linux-musl-x64;linux-x64;osx-x64;rhel.6-x64;tizen.4.0.0-armel;tizen.5.0.0-armel;win-arm;win-arm64;win-x64;win-x86;linux-musl-arm;osx-arm64;linux-s390x;linux-bionic-arm;linux-bionic-arm64;linux-bionic-x64;linux-bionic-x86;linux-ppc64le
                           RuntimePackNamePatterns = Microsoft.NETCore.App.Runtime.**RID**
                           TargetingPackVersion = 7.0.20
                           RuntimeFrameworkName = Microsoft.NETCore.App
                       Microsoft.NETCore.App
                           TargetFramework = netcoreapp3.1
                           DefaultRuntimeFrameworkVersion = 3.1.0
                           TargetingPackName = Microsoft.NETCore.App.Ref
                           LatestRuntimeFrameworkVersion = 3.1.32
                           RuntimePackRuntimeIdentifiers = linux-arm;linux-arm64;linux-musl-arm64;linux-musl-x64;linux-x64;osx-x64;rhel.6-x64;tizen.4.0.0-armel;tizen.5.0.0-armel;win-arm;win-arm64;win-x64;win-x86
                           RuntimePackNamePatterns = Microsoft.NETCore.App.Runtime.**RID**
                           TargetingPackVersion = 3.1.0
                           IsTrimmable = true
                           RuntimeFrameworkName = Microsoft.NETCore.App
                       Microsoft.NETCore.App
                           TargetFramework = netcoreapp3.0
                           DefaultRuntimeFrameworkVersion = 3.0.0
                           TargetingPackName = Microsoft.NETCore.App.Ref
                           LatestRuntimeFrameworkVersion = 3.0.3
                           RuntimePackRuntimeIdentifiers = linux-arm;linux-arm64;linux-musl-arm64;linux-musl-x64;linux-x64;osx-x64;rhel.6-x64;tizen.4.0.0-armel;tizen.5.0.0-armel;win-arm;win-arm64;win-x64;win-x86
                           RuntimePackNamePatterns = Microsoft.NETCore.App.Runtime.**RID**
                           TargetingPackVersion = 3.0.0
                           IsTrimmable = true
                           RuntimeFrameworkName = Microsoft.NETCore.App
                       Microsoft.NETCore.App
                           TargetFramework = net6.0
                           DefaultRuntimeFrameworkVersion = 6.0.0
                           TargetingPackName = Microsoft.NETCore.App.Ref
                           LatestRuntimeFrameworkVersion = 6.0.35
                           RuntimePackRuntimeIdentifiers = linux-arm;linux-arm64;linux-musl-arm64;linux-musl-x64;linux-x64;osx-x64;rhel.6-x64;tizen.4.0.0-armel;tizen.5.0.0-armel;win-arm;win-arm64;win-x64;win-x86;linux-musl-arm;osx-arm64;linux-s390x
                           RuntimePackNamePatterns = Microsoft.NETCore.App.Runtime.**RID**
                           TargetingPackVersion = 6.0.35
                           RuntimeFrameworkName = Microsoft.NETCore.App
                       Microsoft.Windows.SDK.NET.Ref
                           RuntimePackAlwaysCopyLocal = true
                           TargetFramework = net5.0-windows10.0.18362.0
                           DefaultRuntimeFrameworkVersion = 10.0.18362.44
                           TargetingPackName = Microsoft.Windows.SDK.NET.Ref
                           IsWindowsOnly = true
                           LatestRuntimeFrameworkVersion = 10.0.18362.44
                           RuntimePackRuntimeIdentifiers = any
                           RuntimePackNamePatterns = Microsoft.Windows.SDK.NET.Ref
                           TargetingPackVersion = 10.0.18362.44
                           RuntimeFrameworkName = Microsoft.Windows.SDK.NET.Ref
                       Microsoft.Windows.SDK.NET.Ref
                           RuntimePackAlwaysCopyLocal = true
                           TargetFramework = net5.0-windows10.0.19041.0
                           DefaultRuntimeFrameworkVersion = 10.0.19041.44
                           TargetingPackName = Microsoft.Windows.SDK.NET.Ref
                           IsWindowsOnly = true
                           LatestRuntimeFrameworkVersion = 10.0.19041.44
                           RuntimePackRuntimeIdentifiers = any
                           RuntimePackNamePatterns = Microsoft.Windows.SDK.NET.Ref
                           TargetingPackVersion = 10.0.19041.44
                           RuntimeFrameworkName = Microsoft.Windows.SDK.NET.Ref
                       Microsoft.Windows.SDK.NET.Ref
                           RuntimePackAlwaysCopyLocal = true
                           TargetFramework = net6.0-windows10.0.19041.0
                           DefaultRuntimeFrameworkVersion = 10.0.19041.44
                           TargetingPackName = Microsoft.Windows.SDK.NET.Ref
                           IsWindowsOnly = true
                           LatestRuntimeFrameworkVersion = 10.0.19041.44
                           RuntimePackRuntimeIdentifiers = any
                           RuntimePackNamePatterns = Microsoft.Windows.SDK.NET.Ref
                           TargetingPackVersion = 10.0.19041.44
                           RuntimeFrameworkName = Microsoft.Windows.SDK.NET.Ref
                       Microsoft.Windows.SDK.NET.Ref
                           RuntimePackAlwaysCopyLocal = true
                           TargetFramework = net6.0-windows10.0.18362.0
                           DefaultRuntimeFrameworkVersion = 10.0.18362.44
                           TargetingPackName = Microsoft.Windows.SDK.NET.Ref
                           IsWindowsOnly = true
                           LatestRuntimeFrameworkVersion = 10.0.18362.44
                           RuntimePackRuntimeIdentifiers = any
                           RuntimePackNamePatterns = Microsoft.Windows.SDK.NET.Ref
                           TargetingPackVersion = 10.0.18362.44
                           RuntimeFrameworkName = Microsoft.Windows.SDK.NET.Ref
                       Microsoft.Windows.SDK.NET.Ref
                           RuntimePackAlwaysCopyLocal = true
                           TargetFramework = net5.0-windows10.0.17763.0
                           DefaultRuntimeFrameworkVersion = 10.0.17763.44
                           TargetingPackName = Microsoft.Windows.SDK.NET.Ref
                           IsWindowsOnly = true
                           LatestRuntimeFrameworkVersion = 10.0.17763.44
                           RuntimePackRuntimeIdentifiers = any
                           RuntimePackNamePatterns = Microsoft.Windows.SDK.NET.Ref
                           TargetingPackVersion = 10.0.17763.44
                           RuntimeFrameworkName = Microsoft.Windows.SDK.NET.Ref
                       Microsoft.Windows.SDK.NET.Ref
                           RuntimePackAlwaysCopyLocal = true
                           TargetFramework = net6.0-windows10.0.17763.0
                           DefaultRuntimeFrameworkVersion = 10.0.17763.44
                           TargetingPackName = Microsoft.Windows.SDK.NET.Ref
                           IsWindowsOnly = true
                           LatestRuntimeFrameworkVersion = 10.0.17763.44
                           RuntimePackRuntimeIdentifiers = any
                           RuntimePackNamePatterns = Microsoft.Windows.SDK.NET.Ref
                           TargetingPackVersion = 10.0.17763.44
                           RuntimeFrameworkName = Microsoft.Windows.SDK.NET.Ref
                       Microsoft.Windows.SDK.NET.Ref
                           RuntimePackAlwaysCopyLocal = true
                           TargetFramework = net8.0-windows10.0.18362.0
                           DefaultRuntimeFrameworkVersion = 10.0.18362.44
                           TargetingPackName = Microsoft.Windows.SDK.NET.Ref
                           IsWindowsOnly = true
                           LatestRuntimeFrameworkVersion = 10.0.18362.44
                           RuntimePackRuntimeIdentifiers = any
                           RuntimePackNamePatterns = Microsoft.Windows.SDK.NET.Ref
                           TargetingPackVersion = 10.0.18362.44
                           RuntimeFrameworkName = Microsoft.Windows.SDK.NET.Ref
                       Microsoft.Windows.SDK.NET.Ref
                           RuntimePackAlwaysCopyLocal = true
                           TargetFramework = net7.0-windows10.0.19041.0
                           DefaultRuntimeFrameworkVersion = 10.0.19041.44
                           TargetingPackName = Microsoft.Windows.SDK.NET.Ref
                           IsWindowsOnly = true
                           LatestRuntimeFrameworkVersion = 10.0.19041.44
                           RuntimePackRuntimeIdentifiers = any
                           RuntimePackNamePatterns = Microsoft.Windows.SDK.NET.Ref
                           TargetingPackVersion = 10.0.19041.44
                           RuntimeFrameworkName = Microsoft.Windows.SDK.NET.Ref
                       Microsoft.Windows.SDK.NET.Ref
                           RuntimePackAlwaysCopyLocal = true
                           TargetFramework = net7.0-windows10.0.18362.0
                           DefaultRuntimeFrameworkVersion = 10.0.18362.44
                           TargetingPackName = Microsoft.Windows.SDK.NET.Ref
                           IsWindowsOnly = true
                           LatestRuntimeFrameworkVersion = 10.0.18362.44
                           RuntimePackRuntimeIdentifiers = any
                           RuntimePackNamePatterns = Microsoft.Windows.SDK.NET.Ref
                           TargetingPackVersion = 10.0.18362.44
                           RuntimeFrameworkName = Microsoft.Windows.SDK.NET.Ref
                       Microsoft.Windows.SDK.NET.Ref
                           RuntimePackAlwaysCopyLocal = true
                           TargetFramework = net7.0-windows10.0.17763.0
                           DefaultRuntimeFrameworkVersion = 10.0.17763.44
                           TargetingPackName = Microsoft.Windows.SDK.NET.Ref
                           IsWindowsOnly = true
                           LatestRuntimeFrameworkVersion = 10.0.17763.44
                           RuntimePackRuntimeIdentifiers = any
                           RuntimePackNamePatterns = Microsoft.Windows.SDK.NET.Ref
                           TargetingPackVersion = 10.0.17763.44
                           RuntimeFrameworkName = Microsoft.Windows.SDK.NET.Ref
                       Microsoft.Windows.SDK.NET.Ref
                           RuntimePackAlwaysCopyLocal = true
                           TargetFramework = net8.0-windows10.0.17763.0
                           DefaultRuntimeFrameworkVersion = 10.0.17763.44
                           TargetingPackName = Microsoft.Windows.SDK.NET.Ref
                           IsWindowsOnly = true
                           LatestRuntimeFrameworkVersion = 10.0.17763.44
                           RuntimePackRuntimeIdentifiers = any
                           RuntimePackNamePatterns = Microsoft.Windows.SDK.NET.Ref
                           TargetingPackVersion = 10.0.17763.44
                           RuntimeFrameworkName = Microsoft.Windows.SDK.NET.Ref
                       Microsoft.Windows.SDK.NET.Ref
                           RuntimePackAlwaysCopyLocal = true
                           TargetFramework = net8.0-windows10.0.19041.0
                           DefaultRuntimeFrameworkVersion = 10.0.19041.44
                           TargetingPackName = Microsoft.Windows.SDK.NET.Ref
                           IsWindowsOnly = true
                           LatestRuntimeFrameworkVersion = 10.0.19041.44
                           RuntimePackRuntimeIdentifiers = any
                           RuntimePackNamePatterns = Microsoft.Windows.SDK.NET.Ref
                           TargetingPackVersion = 10.0.19041.44
                           RuntimeFrameworkName = Microsoft.Windows.SDK.NET.Ref
                       Microsoft.WindowsDesktop.App
                           TargetFramework = netcoreapp3.0
                           DefaultRuntimeFrameworkVersion = 3.0.0
                           TargetingPackName = Microsoft.WindowsDesktop.App.Ref
                           IsWindowsOnly = true
                           LatestRuntimeFrameworkVersion = 3.0.3
                           RuntimePackRuntimeIdentifiers = win-x64;win-x86
                           RuntimePackNamePatterns = Microsoft.WindowsDesktop.App.Runtime.**RID**
                           TargetingPackVersion = 3.0.0
                           RuntimeFrameworkName = Microsoft.WindowsDesktop.App
                       Microsoft.WindowsDesktop.App
                           TargetFramework = netcoreapp3.1
                           DefaultRuntimeFrameworkVersion = 3.1.0
                           TargetingPackName = Microsoft.WindowsDesktop.App.Ref
                           IsWindowsOnly = true
                           LatestRuntimeFrameworkVersion = 3.1.32
                           RuntimePackRuntimeIdentifiers = win-x64;win-x86
                           RuntimePackNamePatterns = Microsoft.WindowsDesktop.App.Runtime.**RID**
                           TargetingPackVersion = 3.1.0
                           RuntimeFrameworkName = Microsoft.WindowsDesktop.App
                       Microsoft.WindowsDesktop.App
                           TargetFramework = net6.0
                           DefaultRuntimeFrameworkVersion = 6.0.0
                           TargetingPackName = Microsoft.WindowsDesktop.App.Ref
                           IsWindowsOnly = true
                           LatestRuntimeFrameworkVersion = 6.0.35
                           RuntimePackRuntimeIdentifiers = win-x64;win-x86;win-arm64
                           RuntimePackNamePatterns = Microsoft.WindowsDesktop.App.Runtime.**RID**
                           TargetingPackVersion = 6.0.35
                           RuntimeFrameworkName = Microsoft.WindowsDesktop.App
                       Microsoft.WindowsDesktop.App
                           TargetFramework = net7.0
                           DefaultRuntimeFrameworkVersion = 7.0.0
                           TargetingPackName = Microsoft.WindowsDesktop.App.Ref
                           IsWindowsOnly = true
                           LatestRuntimeFrameworkVersion = 7.0.20
                           RuntimePackRuntimeIdentifiers = win-x64;win-x86;win-arm64
                           RuntimePackNamePatterns = Microsoft.WindowsDesktop.App.Runtime.**RID**
                           TargetingPackVersion = 7.0.20
                           RuntimeFrameworkName = Microsoft.WindowsDesktop.App
                       Microsoft.WindowsDesktop.App
                           TargetFramework = net8.0
                           DefaultRuntimeFrameworkVersion = 8.0.0
                           TargetingPackName = Microsoft.WindowsDesktop.App.Ref
                           IsWindowsOnly = true
                           LatestRuntimeFrameworkVersion = 8.0.10
                           RuntimePackRuntimeIdentifiers = win-x64;win-x86;win-arm64
                           RuntimePackNamePatterns = Microsoft.WindowsDesktop.App.Runtime.**RID**
                           TargetingPackVersion = 8.0.10
                           RuntimeFrameworkName = Microsoft.WindowsDesktop.App
                       Microsoft.WindowsDesktop.App
                           TargetFramework = net5.0
                           DefaultRuntimeFrameworkVersion = 5.0.0
                           TargetingPackName = Microsoft.WindowsDesktop.App.Ref
                           IsWindowsOnly = true
                           LatestRuntimeFrameworkVersion = 5.0.17
                           RuntimePackRuntimeIdentifiers = win-x64;win-x86;win-arm64
                           RuntimePackNamePatterns = Microsoft.WindowsDesktop.App.Runtime.**RID**
                           TargetingPackVersion = 5.0.0
                           RuntimeFrameworkName = Microsoft.WindowsDesktop.App
                       Microsoft.WindowsDesktop.App.WindowsForms
                           TargetFramework = netcoreapp3.0
                           DefaultRuntimeFrameworkVersion = 3.0.0
                           TargetingPackName = Microsoft.WindowsDesktop.App.Ref
                           IsWindowsOnly = true
                           LatestRuntimeFrameworkVersion = 3.0.3
                           RuntimePackRuntimeIdentifiers = win-x64;win-x86
                           RuntimePackNamePatterns = Microsoft.WindowsDesktop.App.Runtime.**RID**
                           TargetingPackVersion = 3.0.0
                           Profile = WindowsForms
                           RuntimeFrameworkName = Microsoft.WindowsDesktop.App
                       Microsoft.WindowsDesktop.App.WindowsForms
                           TargetFramework = net8.0
                           DefaultRuntimeFrameworkVersion = 8.0.0
                           TargetingPackName = Microsoft.WindowsDesktop.App.Ref
                           IsWindowsOnly = true
                           LatestRuntimeFrameworkVersion = 8.0.10
                           RuntimePackRuntimeIdentifiers = win-x64;win-x86;win-arm64
                           RuntimePackNamePatterns = Microsoft.WindowsDesktop.App.Runtime.**RID**
                           TargetingPackVersion = 8.0.10
                           Profile = WindowsForms
                           RuntimeFrameworkName = Microsoft.WindowsDesktop.App
                       Microsoft.WindowsDesktop.App.WindowsForms
                           TargetFramework = net7.0
                           DefaultRuntimeFrameworkVersion = 7.0.0
                           TargetingPackName = Microsoft.WindowsDesktop.App.Ref
                           IsWindowsOnly = true
                           LatestRuntimeFrameworkVersion = 7.0.20
                           RuntimePackRuntimeIdentifiers = win-x64;win-x86;win-arm64
                           RuntimePackNamePatterns = Microsoft.WindowsDesktop.App.Runtime.**RID**
                           TargetingPackVersion = 7.0.20
                           Profile = WindowsForms
                           RuntimeFrameworkName = Microsoft.WindowsDesktop.App
                       Microsoft.WindowsDesktop.App.WindowsForms
                           TargetFramework = net6.0
                           DefaultRuntimeFrameworkVersion = 6.0.0
                           TargetingPackName = Microsoft.WindowsDesktop.App.Ref
                           IsWindowsOnly = true
                           LatestRuntimeFrameworkVersion = 6.0.35
                           RuntimePackRuntimeIdentifiers = win-x64;win-x86;win-arm64
                           RuntimePackNamePatterns = Microsoft.WindowsDesktop.App.Runtime.**RID**
                           TargetingPackVersion = 6.0.35
                           Profile = WindowsForms
                           RuntimeFrameworkName = Microsoft.WindowsDesktop.App
                       Microsoft.WindowsDesktop.App.WindowsForms
                           TargetFramework = netcoreapp3.1
                           DefaultRuntimeFrameworkVersion = 3.1.0
                           TargetingPackName = Microsoft.WindowsDesktop.App.Ref
                           IsWindowsOnly = true
                           LatestRuntimeFrameworkVersion = 3.1.32
                           RuntimePackRuntimeIdentifiers = win-x64;win-x86
                           RuntimePackNamePatterns = Microsoft.WindowsDesktop.App.Runtime.**RID**
                           TargetingPackVersion = 3.1.0
                           Profile = WindowsForms
                           RuntimeFrameworkName = Microsoft.WindowsDesktop.App
                       Microsoft.WindowsDesktop.App.WindowsForms
                           TargetFramework = net5.0
                           DefaultRuntimeFrameworkVersion = 5.0.0
                           TargetingPackName = Microsoft.WindowsDesktop.App.Ref
                           IsWindowsOnly = true
                           LatestRuntimeFrameworkVersion = 5.0.17
                           RuntimePackRuntimeIdentifiers = win-x64;win-x86;win-arm64
                           RuntimePackNamePatterns = Microsoft.WindowsDesktop.App.Runtime.**RID**
                           TargetingPackVersion = 5.0.0
                           Profile = WindowsForms
                           RuntimeFrameworkName = Microsoft.WindowsDesktop.App
                       Microsoft.WindowsDesktop.App.WPF
                           TargetFramework = netcoreapp3.0
                           DefaultRuntimeFrameworkVersion = 3.0.0
                           TargetingPackName = Microsoft.WindowsDesktop.App.Ref
                           IsWindowsOnly = true
                           LatestRuntimeFrameworkVersion = 3.0.3
                           RuntimePackRuntimeIdentifiers = win-x64;win-x86
                           RuntimePackNamePatterns = Microsoft.WindowsDesktop.App.Runtime.**RID**
                           TargetingPackVersion = 3.0.0
                           Profile = WPF
                           RuntimeFrameworkName = Microsoft.WindowsDesktop.App
                       Microsoft.WindowsDesktop.App.WPF
                           TargetFramework = net6.0
                           DefaultRuntimeFrameworkVersion = 6.0.0
                           TargetingPackName = Microsoft.WindowsDesktop.App.Ref
                           IsWindowsOnly = true
                           LatestRuntimeFrameworkVersion = 6.0.35
                           RuntimePackRuntimeIdentifiers = win-x64;win-x86;win-arm64
                           RuntimePackNamePatterns = Microsoft.WindowsDesktop.App.Runtime.**RID**
                           TargetingPackVersion = 6.0.35
                           Profile = WPF
                           RuntimeFrameworkName = Microsoft.WindowsDesktop.App
                       Microsoft.WindowsDesktop.App.WPF
                           TargetFramework = netcoreapp3.1
                           DefaultRuntimeFrameworkVersion = 3.1.0
                           TargetingPackName = Microsoft.WindowsDesktop.App.Ref
                           IsWindowsOnly = true
                           LatestRuntimeFrameworkVersion = 3.1.32
                           RuntimePackRuntimeIdentifiers = win-x64;win-x86
                           RuntimePackNamePatterns = Microsoft.WindowsDesktop.App.Runtime.**RID**
                           TargetingPackVersion = 3.1.0
                           Profile = WPF
                           RuntimeFrameworkName = Microsoft.WindowsDesktop.App
                       Microsoft.WindowsDesktop.App.WPF
                           TargetFramework = net5.0
                           DefaultRuntimeFrameworkVersion = 5.0.0
                           TargetingPackName = Microsoft.WindowsDesktop.App.Ref
                           IsWindowsOnly = true
                           LatestRuntimeFrameworkVersion = 5.0.17
                           RuntimePackRuntimeIdentifiers = win-x64;win-x86;win-arm64
                           RuntimePackNamePatterns = Microsoft.WindowsDesktop.App.Runtime.**RID**
                           TargetingPackVersion = 5.0.0
                           Profile = WPF
                           RuntimeFrameworkName = Microsoft.WindowsDesktop.App
                       Microsoft.WindowsDesktop.App.WPF
                           TargetFramework = net7.0
                           DefaultRuntimeFrameworkVersion = 7.0.0
                           TargetingPackName = Microsoft.WindowsDesktop.App.Ref
                           IsWindowsOnly = true
                           LatestRuntimeFrameworkVersion = 7.0.20
                           RuntimePackRuntimeIdentifiers = win-x64;win-x86;win-arm64
                           RuntimePackNamePatterns = Microsoft.WindowsDesktop.App.Runtime.**RID**
                           TargetingPackVersion = 7.0.20
                           Profile = WPF
                           RuntimeFrameworkName = Microsoft.WindowsDesktop.App
                       Microsoft.WindowsDesktop.App.WPF
                           TargetFramework = net8.0
                           DefaultRuntimeFrameworkVersion = 8.0.0
                           TargetingPackName = Microsoft.WindowsDesktop.App.Ref
                           IsWindowsOnly = true
                           LatestRuntimeFrameworkVersion = 8.0.10
                           RuntimePackRuntimeIdentifiers = win-x64;win-x86;win-arm64
                           RuntimePackNamePatterns = Microsoft.WindowsDesktop.App.Runtime.**RID**
                           TargetingPackVersion = 8.0.10
                           Profile = WPF
                           RuntimeFrameworkName = Microsoft.WindowsDesktop.App
                       NETStandard.Library
                           TargetFramework = netstandard2.1
                           TargetingPackName = NETStandard.Library.Ref
                           TargetingPackVersion = 2.1.0
                   KnownILCompilerPack
                       Microsoft.DotNet.ILCompiler
                           ILCompilerPackNamePattern = runtime.**RID**.Microsoft.DotNet.ILCompiler
                           TargetFramework = net8.0
                           ILCompilerPackVersion = 8.0.10
                           ILCompilerRuntimeIdentifiers = linux-arm64;linux-musl-arm64;linux-musl-x64;linux-x64;win-arm64;win-x64;osx-x64;osx-arm64
                       Microsoft.DotNet.ILCompiler
                           ILCompilerPackNamePattern = runtime.**RID**.Microsoft.DotNet.ILCompiler
                           TargetFramework = net7.0
                           ILCompilerPackVersion = 7.0.20
                           ILCompilerRuntimeIdentifiers = linux-arm64;linux-musl-arm64;linux-musl-x64;linux-x64;win-arm64;win-x64
                   KnownILLinkPack
                       Microsoft.NET.ILLink.Tasks
                           TargetFramework = net8.0
                           ILLinkPackVersion = 8.0.10
                       Microsoft.NET.ILLink.Tasks
                           TargetFramework = net7.0
                           ILLinkPackVersion = 7.0.100-1.23401.1
                       Microsoft.NET.ILLink.Tasks
                           TargetFramework = net6.0
                           ILLinkPackVersion = 7.0.100-1.23401.1
                       Microsoft.NET.ILLink.Tasks
                           TargetFramework = net5.0
                           ILLinkPackVersion = 7.0.100-1.23401.1
                       Microsoft.NET.ILLink.Tasks
                           TargetFramework = netcoreapp3.1
                           ILLinkPackVersion = 7.0.100-1.23401.1
                       Microsoft.NET.ILLink.Tasks
                           TargetFramework = netcoreapp3.0
                           ILLinkPackVersion = 7.0.100-1.23401.1
                   KnownRuntimePack
                       Microsoft.NETCore.App
                           TargetFramework = net8.0
                           LatestRuntimeFrameworkVersion = 8.0.10
                           RuntimePackRuntimeIdentifiers = ios-arm64;iossimulator-arm64;iossimulator-x64;tvos-arm64;tvossimulator-arm64;tvossimulator-x64;maccatalyst-arm64;maccatalyst-x64;linux-bionic-arm64;linux-bionic-x64;osx-arm64;osx-x64
                           RuntimePackNamePatterns = Microsoft.NETCore.App.Runtime.NativeAOT.**RID**
                           RuntimePackLabels = NativeAOT
                           RuntimeFrameworkName = Microsoft.NETCore.App
                       Microsoft.NETCore.App
                           TargetFramework = net8.0
                           LatestRuntimeFrameworkVersion = 8.0.10
                           RuntimePackRuntimeIdentifiers = linux-arm;linux-arm64;linux-musl-arm64;linux-musl-x64;linux-x64;osx-x64;rhel.6-x64;win-arm64;win-x64;win-x86;linux-musl-arm;osx-arm64;linux-s390x;browser-wasm;ios-arm64;ios-arm;iossimulator-arm64;iossimulator-x64;iossimulator-x86;tvos-arm64;tvossimulator-arm64;tvossimulator-x64;maccatalyst-x64;maccatalyst-arm64;android-arm64;android-arm;android-x64;android-x86
                           RuntimePackNamePatterns = Microsoft.NETCore.App.Runtime.Mono.**RID**
                           RuntimePackLabels = Mono
                           RuntimeFrameworkName = Microsoft.NETCore.App
                       Microsoft.NETCore.App
                           TargetFramework = net7.0
                           LatestRuntimeFrameworkVersion = 7.0.20
                           RuntimePackRuntimeIdentifiers = linux-arm;linux-arm64;linux-musl-arm64;linux-musl-x64;linux-x64;osx-x64;rhel.6-x64;win-arm;win-arm64;win-x64;win-x86;linux-musl-arm;osx-arm64;linux-s390x;browser-wasm;ios-arm64;ios-arm;iossimulator-arm64;iossimulator-x64;iossimulator-x86;tvos-arm64;tvossimulator-arm64;tvossimulator-x64;maccatalyst-x64;maccatalyst-arm64;android-arm64;android-arm;android-x64;android-x86
                           RuntimePackNamePatterns = Microsoft.NETCore.App.Runtime.Mono.**RID**
                           RuntimePackLabels = Mono
                           RuntimeFrameworkName = Microsoft.NETCore.App
                       Microsoft.NETCore.App
                           TargetFramework = net6.0
                           LatestRuntimeFrameworkVersion = 6.0.35
                           RuntimePackRuntimeIdentifiers = linux-arm;linux-arm64;linux-musl-arm64;linux-musl-x64;linux-x64;osx-x64;rhel.6-x64;win-arm;win-arm64;win-x64;win-x86;linux-musl-arm;osx-arm64;linux-s390x;browser-wasm;ios-arm64;ios-arm;iossimulator-arm64;iossimulator-x64;iossimulator-x86;tvos-arm64;tvossimulator-arm64;tvossimulator-x64;maccatalyst-x64;maccatalyst-arm64;android-arm64;android-arm;android-x64;android-x86
                           RuntimePackNamePatterns = Microsoft.NETCore.App.Runtime.Mono.**RID**
                           RuntimePackLabels = Mono
                           RuntimeFrameworkName = Microsoft.NETCore.App
                   KnownWebAssemblySdkPack
                       Microsoft.NET.Sdk.WebAssembly.Pack
                           TargetFramework = net8.0
                           WebAssemblySdkPackVersion = 8.0.10
                       Microsoft.NET.Sdk.WebAssembly.Pack
                           TargetFramework = net7.0
                           WebAssemblySdkPackVersion = 8.0.10
                       Microsoft.NET.Sdk.WebAssembly.Pack
                           TargetFramework = net6.0
                           WebAssemblySdkPackVersion = 8.0.10
                   PackageConflictOverrides
                       NETStandard.Library
                           OverriddenPackages = 
                           Microsoft.Win32.Primitives|4.3.0;
                           System.AppContext|4.3.0;
                           System.Collections|4.3.0;
                           System.Collections.Concurrent|4.3.0;
                           System.Collections.Immutable|1.4.0;
                           System.Collections.NonGeneric|4.3.0;
                           System.Collections.Specialized|4.3.0;
                           System.ComponentModel|4.3.0;
                           System.ComponentModel.EventBasedAsync|4.3.0;
                           System.ComponentModel.Primitives|4.3.0;
                           System.ComponentModel.TypeConverter|4.3.0;
                           System.Console|4.3.0;
                           System.Data.Common|4.3.0;
                           System.Diagnostics.Contracts|4.3.0;
                           System.Diagnostics.Debug|4.3.0;
                           System.Diagnostics.FileVersionInfo|4.3.0;
                           System.Diagnostics.Process|4.3.0;
                           System.Diagnostics.StackTrace|4.3.0;
                           System.Diagnostics.TextWriterTraceListener|4.3.0;
                           System.Diagnostics.Tools|4.3.0;
                           System.Diagnostics.TraceSource|4.3.0;
                           System.Diagnostics.Tracing|4.3.0;
                           System.Dynamic.Runtime|4.3.0;
                           System.Globalization|4.3.0;
                           System.Globalization.Calendars|4.3.0;
                           System.Globalization.Extensions|4.3.0;
                           System.IO|4.3.0;
                           System.IO.Compression|4.3.0;
                           System.IO.Compression.ZipFile|4.3.0;
                           System.IO.FileSystem|4.3.0;
                           System.IO.FileSystem.DriveInfo|4.3.0;
                           System.IO.FileSystem.Primitives|4.3.0;
                           System.IO.FileSystem.Watcher|4.3.0;
                           System.IO.IsolatedStorage|4.3.0;
                           System.IO.MemoryMappedFiles|4.3.0;
                           System.IO.Pipes|4.3.0;
                           System.IO.UnmanagedMemoryStream|4.3.0;
                           System.Linq|4.3.0;
                           System.Linq.Expressions|4.3.0;
                           System.Linq.Queryable|4.3.0;
                           System.Net.Http|4.3.0;
                           System.Net.NameResolution|4.3.0;
                           System.Net.Primitives|4.3.0;
                           System.Net.Requests|4.3.0;
                           System.Net.Security|4.3.0;
                           System.Net.Sockets|4.3.0;
                           System.Net.WebHeaderCollection|4.3.0;
                           System.ObjectModel|4.3.0;
                           System.Private.DataContractSerialization|4.3.0;
                           System.Reflection|4.3.0;
                           System.Reflection.Emit|4.3.0;
                           System.Reflection.Emit.ILGeneration|4.3.0;
                           System.Reflection.Emit.Lightweight|4.3.0;
                           System.Reflection.Extensions|4.3.0;
                           System.Reflection.Primitives|4.3.0;
                           System.Reflection.TypeExtensions|4.3.0;
                           System.Resources.ResourceManager|4.3.0;
                           System.Runtime|4.3.0;
                           System.Runtime.Extensions|4.3.0;
                           System.Runtime.Handles|4.3.0;
                           System.Runtime.InteropServices|4.3.0;
                           System.Runtime.InteropServices.RuntimeInformation|4.3.0;
                           System.Runtime.Loader|4.3.0;
                           System.Runtime.Numerics|4.3.0;
                           System.Runtime.Serialization.Formatters|4.3.0;
                           System.Runtime.Serialization.Json|4.3.0;
                           System.Runtime.Serialization.Primitives|4.3.0;
                           System.Security.AccessControl|4.4.0;
                           System.Security.Claims|4.3.0;
                           System.Security.Cryptography.Algorithms|4.3.0;
                           System.Security.Cryptography.Csp|4.3.0;
                           System.Security.Cryptography.Encoding|4.3.0;
                           System.Security.Cryptography.Primitives|4.3.0;
                           System.Security.Cryptography.X509Certificates|4.3.0;
                           System.Security.Cryptography.Xml|4.4.0;
                           System.Security.Principal|4.3.0;
                           System.Security.Principal.Windows|4.4.0;
                           System.Text.Encoding|4.3.0;
                           System.Text.Encoding.Extensions|4.3.0;
                           System.Text.RegularExpressions|4.3.0;
                           System.Threading|4.3.0;
                           System.Threading.Overlapped|4.3.0;
                           System.Threading.Tasks|4.3.0;
                           System.Threading.Tasks.Extensions|4.3.0;
                           System.Threading.Tasks.Parallel|4.3.0;
                           System.Threading.Thread|4.3.0;
                           System.Threading.ThreadPool|4.3.0;
                           System.Threading.Timer|4.3.0;
                           System.ValueTuple|4.3.0;
                           System.Xml.ReaderWriter|4.3.0;
                           System.Xml.XDocument|4.3.0;
                           System.Xml.XmlDocument|4.3.0;
                           System.Xml.XmlSerializer|4.3.0;
                           System.Xml.XPath|4.3.0;
                           System.Xml.XPath.XDocument|4.3.0;
                         
                   PotentialEditorConfigFiles
                       C:\.editorconfig
                       C:\Users\.editorconfig
                       C:\Users\USER\.editorconfig
                       C:\Users\USER\OneDrive - Royal University of Phnom Penh\.editorconfig
                       C:\Users\USER\OneDrive - Royal University of Phnom Penh\Desktop\.editorconfig
                       C:\Users\USER\OneDrive - Royal University of Phnom Penh\Desktop\Testing\.editorconfig
                       C:\Users\USER\OneDrive - Royal University of Phnom Penh\Desktop\Testing\StaffManagement\.editorconfig
                       C:\Users\USER\OneDrive - Royal University of Phnom Penh\Desktop\Testing\StaffManagement\src\.editorconfig
                       C:\Users\USER\OneDrive - Royal University of Phnom Penh\Desktop\Testing\StaffManagement\src\StaffManagement.Domain\.editorconfig
                       C:\Users\USER\OneDrive - Royal University of Phnom Penh\Desktop\Testing\StaffManagement\src\StaffManagement.Domain\Entities\.editorconfig
                   PreprocessorValue
                       assemblyname
                           Value = StaffManagement.Domain
                       filename
                           Value = StaffManagement.Domain.csproj
                       fullpath
                           Value = C:\Users\USER\OneDrive - Royal University of Phnom Penh\Desktop\Testing\StaffManagement\src\StaffManagement.Domain
                       outputfilename
                           Value = StaffManagement.Domain.dll
                       rootnamespace
                           Value = StaffManagement.Domain
                   ProjectCapability
                       AllTargetOutputGroups
                       AssemblyReferences
                       COMReferences
                       CSharp
                       DeclaredSourceItems
                       GenerateDocumentationFile
                       LanguageService
                       Managed
                       NativeAOT
                       NetSdkOCIImageBuild
                       OutputGroups
                       Pack
                       ProjectReferences
                       ReferencesFolder
                       RelativePathDerivedDefaultNamespace
                       SharedProjectReferences
                       SingleFileGenerators
                       SupportsHotReload
                       UserSourceItems
                       VisualStudioWellKnownOutputGroups
                   PropertyPageSchema
                       C:\Program Files\dotnet\sdk\8.0.403\\assemblyreference.xaml
                           Context = ;BrowseObject
                       C:\Program Files\dotnet\sdk\8.0.403\\COMReference.xaml
                           Context = ;BrowseObject
                       C:\Program Files\dotnet\sdk\8.0.403\\Content.xaml
                           Context = File;BrowseObject
                       C:\Program Files\dotnet\sdk\8.0.403\\CSharp.BrowseObject.xaml
                           Context = BrowseObject
                       C:\Program Files\dotnet\sdk\8.0.403\\CSharp.ProjectItemsSchema.xaml
                       C:\Program Files\dotnet\sdk\8.0.403\\CSharp.xaml
                           Context = File
                       C:\Program Files\dotnet\sdk\8.0.403\\Debugger_General.xaml
                           Context = Project
                       C:\Program Files\dotnet\sdk\8.0.403\\EmbeddedResource.xaml
                           Context = File;BrowseObject
                       C:\Program Files\dotnet\sdk\8.0.403\\Folder.xaml
                           Context = File;BrowseObject
                       C:\Program Files\dotnet\sdk\8.0.403\\General_File.xaml
                           Context = File
                       C:\Program Files\dotnet\sdk\8.0.403\\General.BrowseObject.xaml
                           Context = BrowseObject
                       C:\Program Files\dotnet\sdk\8.0.403\\General.xaml
                           Context = Project
                       C:\Program Files\dotnet\sdk\8.0.403\\None.xaml
                           Context = File;BrowseObject
                       C:\Program Files\dotnet\sdk\8.0.403\\ProjectItemsSchema.xaml
                       C:\Program Files\dotnet\sdk\8.0.403\\ProjectReference.xaml
                           Context = ;BrowseObject
                       C:\Program Files\dotnet\sdk\8.0.403\\ResolvedAssemblyReference.xaml
                           Context = ProjectSubscriptionService;BrowseObject
                       C:\Program Files\dotnet\sdk\8.0.403\\ResolvedCOMReference.xaml
                           Context = ProjectSubscriptionService;BrowseObject
                       C:\Program Files\dotnet\sdk\8.0.403\\ResolvedProjectReference.xaml
                           Context = ProjectSubscriptionService;BrowseObject
                       C:\Program Files\dotnet\sdk\8.0.403\\SCC.xaml
                           Context = Invisible
                       C:\Program Files\dotnet\sdk\8.0.403\\SpecialFolder.xaml
                           Context = File;ProjectSubscriptionService
                   RegFreeComManifest
                       obj\Debug\net8.0\StaffManagement.Domain.X.manifest
                   RuntimeHostConfigurationOption
                       System.Runtime.Serialization.EnableUnsafeBinaryFormatterSerialization
                           Value = false
                           Trim = true
                   SdkSupportedTargetPlatformIdentifier
                       android
                           DisplayName = Android
                       ios
                           DisplayName = iOS
                       maccatalyst
                           DisplayName = MacCatalyst
                       macos
                           DisplayName = macOS
                       tvos
                           DisplayName = tvOS
                       windows
                           DisplayName = Windows
                   SourceLinkAzureReposGitHost
                       dev.azure.com
                       visualstudio.com
                       vsts.me
                   SourceLinkBitbucketGitHost
                       bitbucket.org
                           EnterpriseEdition = false
                   SourceLinkGitHubHost
                       github.com
                           ContentUrl = https://raw.githubusercontent.com
                   SourceLinkGitLabHost
                       gitlab.com
                   SourceRoot
                       C:\Users\USER\.nuget\packages\
                   SupportedNETCoreAppTargetFramework
                       .NETCoreApp,Version=v1.0
                           DisplayName = .NET Core 1.0
                           Alias = netcoreapp1.0
                       .NETCoreApp,Version=v1.1
                           DisplayName = .NET Core 1.1
                           Alias = netcoreapp1.1
                       .NETCoreApp,Version=v2.0
                           DisplayName = .NET Core 2.0
                           Alias = netcoreapp2.0
                       .NETCoreApp,Version=v2.1
                           DisplayName = .NET Core 2.1
                           Alias = netcoreapp2.1
                       .NETCoreApp,Version=v2.2
                           DisplayName = .NET Core 2.2
                           Alias = netcoreapp2.2
                       .NETCoreApp,Version=v3.0
                           DisplayName = .NET Core 3.0
                           Alias = netcoreapp3.0
                       .NETCoreApp,Version=v3.1
                           DisplayName = .NET Core 3.1
                           Alias = netcoreapp3.1
                       .NETCoreApp,Version=v5.0
                           DisplayName = .NET 5.0
                           Alias = net5.0
                       .NETCoreApp,Version=v6.0
                           DisplayName = .NET 6.0
                           Alias = net6.0
                       .NETCoreApp,Version=v7.0
                           DisplayName = .NET 7.0
                           Alias = net7.0
                       .NETCoreApp,Version=v8.0
                           DisplayName = .NET 8.0
                           Alias = net8.0
                   SupportedNETFrameworkTargetFramework
                       .NETFramework,Version=v2.0
                           DisplayName = .NET Framework 2.0
                           Alias = net20
                       .NETFramework,Version=v3.0
                           DisplayName = .NET Framework 3.0
                           Alias = net30
                       .NETFramework,Version=v3.5
                           DisplayName = .NET Framework 3.5
                           Alias = net35
                       .NETFramework,Version=v4.0
                           DisplayName = .NET Framework 4.0
                           Alias = net40
                       .NETFramework,Version=v4.5
                           DisplayName = .NET Framework 4.5
                           Alias = net45
                       .NETFramework,Version=v4.5.1
                           DisplayName = .NET Framework 4.5.1
                           Alias = net451
                       .NETFramework,Version=v4.5.2
                           DisplayName = .NET Framework 4.5.2
                           Alias = net452
                       .NETFramework,Version=v4.6
                           DisplayName = .NET Framework 4.6
                           Alias = net46
                       .NETFramework,Version=v4.6.1
                           DisplayName = .NET Framework 4.6.1
                           Alias = net461
                       .NETFramework,Version=v4.6.2
                           DisplayName = .NET Framework 4.6.2
                           Alias = net462
                       .NETFramework,Version=v4.7
                           DisplayName = .NET Framework 4.7
                           Alias = net47
                       .NETFramework,Version=v4.7.1
                           DisplayName = .NET Framework 4.7.1
                           Alias = net471
                       .NETFramework,Version=v4.7.2
                           DisplayName = .NET Framework 4.7.2
                           Alias = net472
                       .NETFramework,Version=v4.8
                           DisplayName = .NET Framework 4.8
                           Alias = net48
                       .NETFramework,Version=v4.8.1
                           DisplayName = .NET Framework 4.8.1
                           Alias = net481
                   SupportedNETStandardTargetFramework
                       .NETStandard,Version=v1.0
                           DisplayName = .NET Standard 1.0
                           Alias = netstandard1.0
                       .NETStandard,Version=v1.1
                           DisplayName = .NET Standard 1.1
                           Alias = netstandard1.1
                       .NETStandard,Version=v1.2
                           DisplayName = .NET Standard 1.2
                           Alias = netstandard1.2
                       .NETStandard,Version=v1.3
                           DisplayName = .NET Standard 1.3
                           Alias = netstandard1.3
                       .NETStandard,Version=v1.4
                           DisplayName = .NET Standard 1.4
                           Alias = netstandard1.4
                       .NETStandard,Version=v1.5
                           DisplayName = .NET Standard 1.5
                           Alias = netstandard1.5
                       .NETStandard,Version=v1.6
                           DisplayName = .NET Standard 1.6
                           Alias = netstandard1.6
                       .NETStandard,Version=v2.0
                           DisplayName = .NET Standard 2.0
                           Alias = netstandard2.0
                       .NETStandard,Version=v2.1
                           DisplayName = .NET Standard 2.1
                           Alias = netstandard2.1
                   SupportedPlatform
                       Linux
                       macOS
                       Windows
                   SupportedTargetFramework
                       .NETCoreApp,Version=v1.0
                           DisplayName = .NET Core 1.0
                           Alias = netcoreapp1.0
                       .NETCoreApp,Version=v1.1
                           DisplayName = .NET Core 1.1
                           Alias = netcoreapp1.1
                       .NETCoreApp,Version=v2.0
                           DisplayName = .NET Core 2.0
                           Alias = netcoreapp2.0
                       .NETCoreApp,Version=v2.1
                           DisplayName = .NET Core 2.1
                           Alias = netcoreapp2.1
                       .NETCoreApp,Version=v2.2
                           DisplayName = .NET Core 2.2
                           Alias = netcoreapp2.2
                       .NETCoreApp,Version=v3.0
                           DisplayName = .NET Core 3.0
                           Alias = netcoreapp3.0
                       .NETCoreApp,Version=v3.1
                           DisplayName = .NET Core 3.1
                           Alias = netcoreapp3.1
                       .NETCoreApp,Version=v5.0
                           DisplayName = .NET 5.0
                           Alias = net5.0
                       .NETCoreApp,Version=v6.0
                           DisplayName = .NET 6.0
                           Alias = net6.0
                       .NETCoreApp,Version=v7.0
                           DisplayName = .NET 7.0
                           Alias = net7.0
                       .NETCoreApp,Version=v8.0
                           DisplayName = .NET 8.0
                           Alias = net8.0
                       .NETFramework,Version=v2.0
                           DisplayName = .NET Framework 2.0
                           Alias = net20
                       .NETFramework,Version=v3.0
                           DisplayName = .NET Framework 3.0
                           Alias = net30
                       .NETFramework,Version=v3.5
                           DisplayName = .NET Framework 3.5
                           Alias = net35
                       .NETFramework,Version=v4.0
                           DisplayName = .NET Framework 4.0
                           Alias = net40
                       .NETFramework,Version=v4.5
                           DisplayName = .NET Framework 4.5
                           Alias = net45
                       .NETFramework,Version=v4.5.1
                           DisplayName = .NET Framework 4.5.1
                           Alias = net451
                       .NETFramework,Version=v4.5.2
                           DisplayName = .NET Framework 4.5.2
                           Alias = net452
                       .NETFramework,Version=v4.6
                           DisplayName = .NET Framework 4.6
                           Alias = net46
                       .NETFramework,Version=v4.6.1
                           DisplayName = .NET Framework 4.6.1
                           Alias = net461
                       .NETFramework,Version=v4.6.2
                           DisplayName = .NET Framework 4.6.2
                           Alias = net462
                       .NETFramework,Version=v4.7
                           DisplayName = .NET Framework 4.7
                           Alias = net47
                       .NETFramework,Version=v4.7.1
                           DisplayName = .NET Framework 4.7.1
                           Alias = net471
                       .NETFramework,Version=v4.7.2
                           DisplayName = .NET Framework 4.7.2
                           Alias = net472
                       .NETFramework,Version=v4.8
                           DisplayName = .NET Framework 4.8
                           Alias = net48
                       .NETFramework,Version=v4.8.1
                           DisplayName = .NET Framework 4.8.1
                           Alias = net481
                       .NETStandard,Version=v1.0
                           DisplayName = .NET Standard 1.0
                           Alias = netstandard1.0
                       .NETStandard,Version=v1.1
                           DisplayName = .NET Standard 1.1
                           Alias = netstandard1.1
                       .NETStandard,Version=v1.2
                           DisplayName = .NET Standard 1.2
                           Alias = netstandard1.2
                       .NETStandard,Version=v1.3
                           DisplayName = .NET Standard 1.3
                           Alias = netstandard1.3
                       .NETStandard,Version=v1.4
                           DisplayName = .NET Standard 1.4
                           Alias = netstandard1.4
                       .NETStandard,Version=v1.5
                           DisplayName = .NET Standard 1.5
                           Alias = netstandard1.5
                       .NETStandard,Version=v1.6
                           DisplayName = .NET Standard 1.6
                           Alias = netstandard1.6
                       .NETStandard,Version=v2.0
                           DisplayName = .NET Standard 2.0
                           Alias = netstandard2.0
                       .NETStandard,Version=v2.1
                           DisplayName = .NET Standard 2.1
                           Alias = netstandard2.1
                   Using
                       System
                       System.Collections.Generic
                       System.IO
                       System.Linq
                       System.Net.Http
                       System.Threading
                       System.Threading.Tasks
                   WindowsSdkSupportedTargetPlatformVersion
                       10.0.17763.0
                           WindowsSdkPackageVersion = 10.0.17763.43
                           MinimumNETVersion = 6.0
                       10.0.17763.0
                           WindowsSdkPackageVersion = 10.0.17763.44
                           MinimumNETVersion = 8.0
                       10.0.17763.0
                           WindowsSdkPackageVersion = 10.0.17763.26
                           MinimumNETVersion = 5.0
                       10.0.18362.0
                           WindowsSdkPackageVersion = 10.0.18362.43
                           MinimumNETVersion = 6.0
                       10.0.18362.0
                           WindowsSdkPackageVersion = 10.0.18362.44
                           MinimumNETVersion = 8.0
                       10.0.18362.0
                           WindowsSdkPackageVersion = 10.0.18362.26
                           MinimumNETVersion = 5.0
                       10.0.19041.0
                           WindowsSdkPackageVersion = 10.0.19041.26
                           MinimumNETVersion = 5.0
                       10.0.19041.0
                           WindowsSdkPackageVersion = 10.0.19041.43
                           MinimumNETVersion = 6.0
                       10.0.19041.0
                           WindowsSdkPackageVersion = 10.0.19041.44
                           MinimumNETVersion = 8.0
                       10.0.20348.0
                           WindowsSdkPackageVersion = 10.0.20348.43
                           MinimumNETVersion = 6.0
                       10.0.20348.0
                           WindowsSdkPackageVersion = 10.0.20348.26
                           MinimumNETVersion = 5.0
                       10.0.20348.0
                           WindowsSdkPackageVersion = 10.0.20348.44
                           MinimumNETVersion = 8.0
                       10.0.22000.0
                           WindowsSdkPackageVersion = 10.0.22000.44
                           MinimumNETVersion = 8.0
                       10.0.22000.0
                           WindowsSdkPackageVersion = 10.0.22000.26
                           MinimumNETVersion = 5.0
                       10.0.22000.0
                           WindowsSdkPackageVersion = 10.0.22000.43
                           MinimumNETVersion = 6.0
                       10.0.22621.0
                           WindowsSdkPackageVersion = 10.0.22621.44
                           MinimumNETVersion = 8.0
                       10.0.22621.0
                           WindowsSdkPackageVersion = 10.0.22621.43
                           MinimumNETVersion = 6.0
                       10.0.26100.0
                           WindowsSdkPackageVersion = 10.0.26100.44
                           MinimumNETVersion = 8.0
                       10.0.26100.0
                           WindowsSdkPackageVersion = 10.0.26100.43
                           MinimumNETVersion = 6.0
                       7.0
                       8.0

20:48:36.896     3>Project "C:\Users\USER\OneDrive - Royal University of Phnom Penh\Desktop\Testing\StaffManagement\src\StaffManagement.Domain\StaffManagement.Domain.csproj" on node 1 (GetTargetFrameworks target(s)).
20:48:36.897     3>Done Building Project "C:\Users\USER\OneDrive - Royal University of Phnom Penh\Desktop\Testing\StaffManagement\src\StaffManagement.Domain\StaffManagement.Domain.csproj" (GetTargetFrameworks target(s)) -- FAILED.

Build FAILED.
    0 Warning(s)
    0 Error(s)

Time Elapsed 00:00:01.84
